0,0,0,0,0,0,0,0,0,0,0,0,0,0,0,0,0,0,0,0,0,0,0,0,0,0,0,0,0,0,0,0,0,0,0,0,0,0,0,0,0,0,0,0,0,0,0,0,0,-0.00012341,0.00034604,0,0,0,0,0,0,0,0,0,0,0,0,0,0,0,0,0,0,0,0,0,0,0,0,0,0,0,0,0,0,0,0,0,0,0,0,0,0,0,0,0,0,0,0,0,0,0,0,0,0,0,0,0,0,0,0,0,0,0,0,0,0,0,0,0,0,0,0,0,0,0,0,0,0,0,0,0,0,0,0,0,0,0,0,0,0,0,0,0,0,0,0,0,0,0,0,0,0,0,0,0,0,0,0,0,0,0,0,0,0,0,0,0,0,0,0,0,0,0,0,0,0,0,0,0,0,0,0,0,0,0,0,0,0,0,0,0,0,0,0,0,0,0,0,0,0,0,0,0
0,0,0,0,0,0,0,0,0,0,0,0,0,0,0,0,0,0,0,0,0,0,0,0,0,0,0,0,0,0,0,0,0,0,0,0,0,0,0,-0.00012341,0.00012341,-0.00012341,0.00012341,-0.00012341,0.00012341,-0.00012341,0.00012341,-0.00012341,0.00012341,-0.00012341,0.0271753,0.0181922,0.0122786,0.00778364,0.00516517,0.0030277,0.00205386,0.00103582,0.000805738,0.000270259,0.00034604,0,0,0,0,0,0,0,0,0,0,0,0,0,0,0,0,0,0,0,0,0,0,0,0,0,0,0,0,0,0,0,0,0,0,0,0,0,0,0,0,0,0,0,0,0,0,0,0,0,0,0,0,0,0,0,0,0,0,0,0,0,0,0,0,0,0,0,0,0,0,0,0,0,0,0,0,0,0,0,0,0,0,0,0,0,0,0,0,0,0,0,0,0,0,0,0,0,0,0,0,0,0,0,0,0,0,0,0,0,0,0,0,0,0,0,0,0,0,0,0,0,0,0,0,0,0,0,0,0,0,0,0,0,0,0,0,0,0,0
0,0,0,0,0,0,0,0,0,0,0,0,0,0,0,0,0,0,0,0,0,0,0,0,0,0,0,0,0,-0.00012341,0.00012341,-0.00012341,0.00012341,-0.00012341,0.00012341,-0.00012341,0.00012341,-0.00012341,0.00012341,-0.00012341,0.00012341,-0.00012341,0.00012341,-0.00012341,0.00012341,-0.00012341,0.00012341,-0.00012341,0.00012341,-0.00012341,0.444981,0.367756,0.298321,0.236804,0.184643,0.140735,0.105523,0.0771813,0.0556996,0.0390405,0.0271753,0.0181922,0.0122786,0.00778364,0.00516517,0.0030277,0.00205386,0.00103582,0.000805738,0.000270259,0.00034604,0,0,0,0,0,0,0,0,0,0,0,0,0,0,0,0,0,0,0,0,0,0,0,0,0,0,0,0,0,0,0,0,0,0,0,0,0,0,0,0,0,0,0,0,0,0,0,0,0,0,0,0,0,0,0,0,0,0,0,0,0,0,0,0,0,0,0,0,0,0,0,0,0,0,0,0,0,0,0,0,0,0,0,0,0,0,0,0,0,0,0,0,0,0,0,0,0,0,0,0,0,0,0,0,0,0,0,0,0,0,0,0,0,0,0,0,0,0,0,0,0,0,0,0,0,0,0,0,0
0,0,0,0,0,0,0,0,0,0,0,0,0,0,0,0,0,0,0,-0.00012341,0.00012341,-0.00012341,0.00012341,-0.00012341,0.00012341,-0.00012341,0.00012341,-0.00012341,0.00012341,-0.00012341,0.00012341,-0.00012341,0.00012341,-0.00012341,0.00012341,-0.00012341,0.00012341,-0.00012341,0.00012341,-0.00012341,0.00012341,-0.00012341,0.00012341,-0.00012341,0.00012341,-0.00012341,0.00012341,-0.00012341,0.00012341,-0.00012341,0.990173,0.999877,0.990173,0.960666,0.914055,0.85202,0.778924,0.697553,0.61275,0.527169,0.444981,0.367756,0.298321,0.236804,0.184643,0.140735,0.105523,0.0771813,0.0556996,0.0390405,0.0271753,0.0181922,0.0122786,0.00778364,0.00516517,0.0030277,0.00205386,0.00103582,0.000805738,0.000270259,0.00034604,0,0,0,0,0,0,0,0,0,0,0,0,0,0,0,0,0,0,0,0,0,0,0,0,0,0,0,0,0,0,0,0,0,0,0,0,0,0,0,0,0,0,0,0,0,0,0,0,0,0,0,0,0,0,0,0,0,0,0,0,0,0,0,0,0,0,0,0,0,0,0,0,0,0,0,0,0,0,0,0,0,0,0,0,0,0,0,0,0,0,0,0,0,0,0,0,0,0,0,0,0,0,0,0,0,0,0,0,0,0,0,0,0,0,0,0,0,0,0
0,0,0,0,0,0,0,0,0,-0.00012341,0.00012341,-0.00012341,0.00012341,-0.00012341,0.00012341,-0.00012341,0.00012341,-0.00012341,0.00012341,-0.00012341,0.00012341,-0.00012341,0.00012341,-0.00012341,0.00012341,-0.00012341,0.00012341,-0.00012341,0.00012341,-0.00012341,0.00012341,-0.00012341,0.00012341,-0.00012341,0.00012341,-0.00012341,0.00012341,-0.00012341,0.00012341,-0.00012341,0.00012341,-0.00012341,0.00012341,-0.00012341,0.00012341,-0.00012341,0.00012341,-0.00012341,0.00012341,-0.00012341,0.298321,0.367756,0.444981,0.527169,0.61275,0.697553,0.778924,0.85202,0.914055,0.960666,0.990173,0.999877,0.990173,0.960666,0.914055,0.85202,0.778924,0.697553,0.61275,0.527169,0.444981,0.367756,0.298321,0.236804,0.184643,0.140735,0.105523,0.0771813,0.0556996,0.0390405,0.0271753,0.0181922,0.0122786,0.00778364,0.00516517,0.0030277,0.00205386,0.00103582,0.000805738,0.000270259,0.00034604,0,0,0,0,0,0,0,0,0,0,0,0,0,0,0,0,0,0,0,0,0,0,0,0,0,0,0,0,0,0,0,0,0,0,0,0,0,0,0,0,0,0,0,0,0,0,0,0,0,0,0,0,0,0,0,0,0,0,0,0,0,0,0,0,0,0,0,0,0,0,0,0,0,0,0,0,0,0,0,0,0,0,0,0,0,0,0,0,0,0,0,0,0,0,0,0,0,0,0,0,0,0,0,0,0,0,0,0,0
0.00012341,-0.00012341,0.00012341,-0.00012341,0.00012341,-0.00012341,0.00012341,-0.00012341,0.00012341,-0.00012341,0.00012341,-0.00012341,0.00012341,-0.00012341,0.00012341,-0.00012341,0.00012341,-0.00012341,0.00012341,-0.00012341,0.00012341,-0.00012341,0.00012341,-0.00012341,0.00012341,-0.00012341,0.00012341,-0.00012341,0.00012341,-0.00012341,0.00012341,-0.00012341,0.00012341,-0.00012341,0.00012341,-0.00012341,0.00012341,-0.00012341,0.00012341,-0.00012341,0.00012341,-0.00012341,0.00012341,-0.00012341,0.00012341,-0.00012341,0.00012341,-0.00012341,0.00012341,-0.00012341,0.0122786,0.0181922,0.0271753,0.0390405,0.0556996,0.0771813,0.105523,0.140735,0.184643,0.236804,0.298321,0.367756,0.444981,0.527169,0.61275,0.697553,0.778924,0.85202,0.914055,0.960666,0.990173,0.999877,0.990173,0.960666,0.914055,0.85202,0.778924,0.697553,0.61275,0.527169,0.444981,0.367756,0.298321,0.236804,0.184643,0.140735,0.105523,0.0771813,0.0556996,0.0390405,0.0271753,0.0181922,0.0122786,0.00778364,0.00516517,0.0030277,0.00205386,0.00103582,0.000805738,0.000270259,7.86454e-05,0,0,0,0,0,0,0,0,0,0,0,0,0,0,0,0,0,0,0,0,0,0,0,0,0,0,0,0,0,0,0,0,0,0,0,0,0,0,0,0,0,0,0,0,0,0,0,0,0,0,0,0,0,0,0,0,0,0,0,0,0,0,0,0,0,0,0,0,0,0,0,0,0,0,0,0,0,0,0,0,0,0,0,0,0,0,0,0,0,0,0,0,0,0,0,0,0,0,0
0.00012341,-0.00012341,0.00012341,-0.00012341,0.00012341,-0.00012341,0.00012341,-0.00012341,0.00012341,-0.00012341,0.00012341,-0.00012341,0.00012341,-0.00012341,0.00012341,-0.00012341,0.00012341,-0.00012341,0.00012341,-0.00012341,0.00012341,-0.00012341,0.00012341,-0.00012341,0.00012341,-0.00012341,0.00012341,-0.00012341,0.00012341,-0.00012341,0.00012341,-0.00012341,0.00012341,-0.00012341,0.00012341,-0.00012341,0.00012341,-0.00012341,0.00012341,-0.00012341,0.00012341,-0.00012341,0.00012341,-0.00012341,0.00012341,-0.00012341,0.00012341,-0.00012341,0.00012341,-0.00012341,0.000190465,-2.94957e-16,0.00034604,0.000270259,0.000805738,0.00103582,0.00205386,0.0030277,0.00516517,0.00778364,0.0122786,0.0181922,0.0271753,0.0390405,0.0556996,0.0771813,0.105523,0.140735,0.184643,0.236804,0.298321,0.367756,0.444981,0.527169,0.61275,0.697553,0.778924,0.85202,0.914055,0.960666,0.990173,0.999877,0.990173,0.960666,0.914055,0.85202,0.778924,0.697553,0.61275,0.527169,0.444714,0.367654,0.297807,0.236255,0.183395,0.139029,0.102488,0.0727621,0.0486264,0.0287404,0.0117274,0.00445343,0.0015766,0.000528623,0.000161681,3.92229e-05,6.64445e-06,7.30965e-07,4.92196e-08,1.83436e-09,2.89165e-11,0,0,0,0,0,0,0,0,0,0,0,0,0,0,0,0,0,0,0,0,0,0,0,0,0,0,0,0,0,0,0,0,0,0,0,0,0,0,0,0,0,0,0,0,0,0,0,0,0,0,0,0,0,0,0,0,0,0,0,0,0,0,0,0,0,0,0,0,0,0,0,0,0,0,0,0,0,0,0,0,0,0,0,0,0,0,0,0,0
0.00012341,-0.00012341,0.00012341,-0.00012341,0.00012341,-0.00012341,0.00012341,-0.00012341,0.00012341,-0.00012341,0.00012341,-0.00012341,0.00012341,-0.00012341,0.00012341,-0.00012341,0.00012341,-0.00012341,0.00012341,-0.00012341,0.00012341,-0.00012341,0.00012341,-0.00012341,0.00012341,-0.00012341,0.00012341,-0.00012341,0.00012341,-0.00012341,0.00012341,-0.00012341,0.00012341,-0.00012341,0.00012341,-0.00012341,0.00012341,-0.00012341,0.00012341,-0.00012341,0.00012341,-0.00012341,0.00012341,-0.00012341,0.00012341,-0.00012341,0.00012341,-0.00012341,0.00012341,-0.00012341,0.00012346,-0.000123297,0.000123658,-0.000122874,0.000124544,-0.000121057,0.000128195,-0.00011387,0.000142054,-8.7697e-05,0.000190465,-2.94957e-16,0.00034604,0.000270259,0.000805738,0.00103582,0.00205386,0.0030277,0.00516517,0.00778364,0.0122786,0.0181922,0.0271753,0.0390405,0.0556996,0.0771813,0.105523,0.140735,0.184643,0.236804,0.298053,0.367654,0.444468,0.52662,0.611502,0.695847,0.775889,0.847601,0.906981,0.950366,0.974725,0.977915,0.958847,0.917567,0.855226,0.773961,0.676697,0.566906,0.448358,0.324889,0.2002,0.113006,0.0587408,0.0282383,0.012603,0.0052384,0.0020329,0.00074084,0.000253483,7.91543e-05,2.13922e-05,4.75713e-06,8.41704e-07,1.16168e-07,1.23335e-08,9.92694e-10,5.93331e-11,2.54762e-12,7.42112e-14,1.31239e-15,1.06321e-17,0,0,0,0,0,0,0,0,0,0,0,0,0,0,0,0,0,0,0,0,0,0,0,0,0,0,0,0,0,0,0,0,0,0,0,0,0,0,0,0,0,0,0,0,0,0,0,0,0,0,0,0,0,0,0,0,0,0,0,0,0,0,0,0,0,0,0,0,0,0,0,0,0,0,0,0,0,0,0
0.00012341,-0.00012341,0.00012341,-0.00012341,0.00012341,-0.00012341,0.00012341,-0.00012341,0.00012341,-0.00012341,0.00012341,-0.00012341,0.00012341,-0.00012341,0.00012341,-0.00012341,0.00012341,-0.00012341,0.00012341,-0.00012341,0.00012341,-0.00012341,0.00012341,-0.00012341,0.00012341,-0.00012341,0.00012341,-0.00012341,0.00012341,-0.00012341,0.00012341,-0.00012341,0.00012341,-0.00012341,0.00012341,-0.00012341,0.00012341,-0.00012341,0.00012341,-0.00012341,0.00012341,-0.00012341,0.00012341,-0.00012341,0.00012341,-0.00012341,0.00012341,-0.00012341,0.00012341,-0.00012341,0.00012341,-0.00012341,0.00012341,-0.00012341,0.00012341,-0.000123409,0.000123411,-0.000123406,0.000123419,-0.000123388,0.00012346,-0.000123297,0.000123658,-0.000122874,0.000124544,-0.000121057,0.000128195,-0.00011387,0.000142054,-8.7697e-05,-7.69297e-05,-0.000101593,-0.000167632,-0.000278712,-0.000441756,-0.000669933,-0.000981029,-0.00139155,-0.00190804,-0.00251646,-0.00316931,-0.00376955,-0.00415129,-0.00405897,-0.00312882,-0.000877636,0.00329526,0.0100876,0.0202512,0.0345239,0.0535393,0.0777195,0.107163,0.141544,0.180041,0.221309,0.263519,0.304457,0.341683,0.372749,0.395425,0.36013,0.291053,0.212255,0.141081,0.0860527,0.0484157,0.0252309,0.012223,0.00552169,0.002332,0.000923676,0.000344191,0.000120255,3.87485e-05,1.12103e-05,2.83351e-06,6.12744e-07,1.11835e-07,1.70838e-08,2.17184e-09,2.28619e-10,1.98094e-11,1.40163e-12,8.00709e-14,3.63305e-15,1.27792e-16,3.35771e-18,6.19916e-20,7.17098e-22,3.90925e-24,0,0,0,0,0,0,0,0,0,0,0,0,0,0,0,0,0,0,0,0,0,0,0,0,0,0,0,0,0,0,0,0,0,0,0,0,0,0,0,0,0,0,0,0,0,0,0,0,0,0,0,0,0,0,0,0,0,0,0,0,0,0,0,0,0,0,0,0,0
0.00012341,-0.00012341,0.00012341,-0.00012341,0.00012341,-0.00012341,0.00012341,-0.00012341,0.00012341,-0.00012341,0.00012341,-0.00012341,0.00012341,-0.00012341,0.00012341,-0.00012341,0.00012341,-0.00012341,0.00012341,-0.00012341,0.00012341,-0.00012341,0.00012341,-0.00012341,0.00012341,-0.00012341,0.00012341,-0.00012341,0.00012341,-0.00012341,0.00012341,-0.00012341,0.00012341,-0.00012341,0.00012341,-0.00012341,0.00012341,-0.00012341,0.00012341,-0.00012341,0.00012341,-0.00012341,0.00012341,-0.00012341,0.00012341,-0.00012341,0.00012341,-0.00012341,0.00012341,-0.00012341,0.00012341,-0.00012341,0.00012341,-0.00012341,0.00012341,-0.00012341,0.00012341,-0.00012341,0.00012341,-0.00012341,-0.000143984,-0.000225003,-0.000390262,-0.000672381,-0.00112408,-0.00182916,-0.00291148,-0.00454266,-0.00694979,-0.0104235,-0.0153244,-0.0220851,-0.0312029,-0.0432223,-0.0587039,-0.07818,-0.102099,-0.130761,-0.16425,-0.202368,-0.244591,-0.290037,-0.337472,-0.385355,-0.431903,-0.475208,-0.513351,-0.544536,-0.567206,-0.580134,-0.58247,-0.573752,-0.553868,-0.522985,-0.481458,-0.429746,-0.368339,-0.297732,-0.218437,-0.131045,-0.0363323,0.0568471,0.134634,0.186057,0.206406,0.198303,0.17003,0.132105,0.0938572,0.0613576,0.037082,0.0207975,0.0108605,0.00529603,0.00241778,0.00103588,0.000417622,0.000158662,5.66305e-05,1.88004e-05,5.71596e-06,1.5652e-06,3.8059e-07,8.13409e-08,1.51781e-08,2.46231e-09,3.46299e-10,4.21248e-11,4.42133e-12,3.99204e-13,3.08839e-14,2.03625e-15,1.13591e-16,5.30918e-18,2.05177e-19,6.43741e-21,1.59767e-22,3.01728e-24,4.07283e-26,3.49906e-28,1.43736e-30,0,0,0,0,0,0,0,0,0,0,0,0,0,0,0,0,0,0,0,0,0,0,0,0,0,0,0,0,0,0,0,0,0,0,0,0,0,0,0,0,0,0,0,0,0,0,0,0,0,0,0,0,0,0,0,0,0,0,0
0.00012341,-0.00012341,0.00012341,-0.00012341,0.00012341,-0.00012341,0.00012341,-0.00012341,0.00012341,-0.00012341,0.00012341,-0.00012341,0.00012341,-0.00012341,0.00012341,-0.00012341,0.00012341,-0.00012341,0.00012341,-0.00012341,0.00012341,-0.00012341,0.00012341,-0.00012341,0.00012341,-0.00012341,0.00012341,-0.00012341,0.00012341,-0.00012341,0.00012341,-0.00012341,0.00012341,-0.00012341,0.00012341,-0.00012341,0.00012341,-0.00012341,0.00012341,-0.00012341,0.00012341,-0.00012341,0.00012341,-0.00012341,0.00012341,-0.00012341,0.00012341,-0.00012341,0.00012341,-0.00012341,-0.000143984,-0.000225003,-0.000390262,-0.000672381,-0.00112408,-0.00182916,-0.00291148,-0.00454266,-0.0069498,-0.0104235,-0.0153245,-0.0220852,-0.0312031,-0.0432229,-0.058705,-0.0781824,-0.102104,-0.130771,-0.164268,-0.202404,-0.244658,-0.29016,-0.337695,-0.385748,-0.432586,-0.476367,-0.515281,-0.547687,-0.572248,-0.588041,-0.594625,-0.592068,-0.58092,-0.562149,-0.537033,-0.507048,-0.473734,-0.438581,-0.402938,-0.367937,-0.334463,-0.303135,-0.274327,-0.248189,-0.224684,-0.20363,-0.184724,-0.16757,-0.151689,-0.136524,-0.12143,-0.099654,-0.0710594,-0.0364589,0.00190026,0.0402209,0.0737085,0.0977778,0.109484,0.1085,0.0971387,0.0794274,0.059717,0.0414814,0.0267222,0.0160152,0.00895504,0.00468381,0.00229695,0.00105844,0.000459294,0.000188061,7.27138e-05,2.64887e-05,9.03365e-06,2.85637e-06,8.28294e-07,2.18097e-07,5.1737e-08,1.09957e-08,2.08603e-09,3.5243e-10,5.29423e-11,7.06305e-12,8.35878e-13,8.76334e-14,8.1249e-15,6.64652e-16,4.78288e-17,3.01582e-18,1.65787e-19,7.89431e-21,3.2291e-22,1.12244e-23,3.26878e-25,7.82389e-27,1.49841e-28,2.2072e-30,2.34721e-32,1.60364e-34,5.28493e-37,0,0,0,0,0,0,0,0,0,0,0,0,0,0,0,0,0,0,0,0,0,0,0,0,0,0,0,0,0,0,0,0,0,0,0,0,0,0,0,0,0,0,0,0,0,0,0,0,0
0.00012341,-0.00012341,0.00012341,-0.00012341,0.00012341,-0.00012341,0.00012341,-0.00012341,0.00012341,-0.00012341,0.00012341,-0.00012341,0.00012341,-0.00012341,0.00012341,-0.00012341,0.00012341,-0.00012341,0.00012341,-0.00012341,0.00012341,-0.00012341,0.00012341,-0.00012341,0.00012341,-0.00012341,0.00012341,-0.00012341,0.00012341,-0.00012341,0.00012341,-0.00012341,0.00012341,-0.00012341,0.00012341,-0.00012341,0.00012341,-0.00012341,0.00012341,-0.00012341,-0.000143984,-0.000225003,-0.000390262,-0.000672381,-0.00112408,-0.00182916,-0.00291148,-0.00454266,-0.0069498,-0.0104235,-0.0153245,-0.0220852,-0.0312031,-0.0432229,-0.058705,-0.0781824,-0.102104,-0.130771,-0.164268,-0.202404,-0.244658,-0.29016,-0.337695,-0.385748,-0.432586,-0.476367,-0.515281,-0.547687,-0.572248,-0.588041,-0.594625,-0.592068,-0.58092,-0.562149,-0.537035,-0.507051,-0.473738,-0.438591,-0.402956,-0.367973,-0.33453,-0.303259,-0.27455,-0.248582,-0.225367,-0.20479,-0.186655,-0.170721,-0.156731,-0.144431,-0.133586,-0.123986,-0.115449,-0.107821,-0.100972,-0.0947942,-0.0891985,-0.0841096,-0.0794636,-0.0752049,-0.071283,-0.0655616,-0.0581456,-0.049132,-0.0385877,-0.0265508,-0.0130857,0.00159128,0.0169384,0.0319509,0.0451851,0.0550259,0.0601557,0.0600297,0.0551174,0.0467735,0.0367988,0.0269074,0.0183269,0.0116525,0.00693064,0.00386409,0.00202353,0.000997219,0.000463334,0.000203338,8.4417e-05,3.31686e-05,1.23145e-05,4.30209e-06,1.40522e-06,4.25981e-07,1.18988e-07,3.04405e-08,7.09959e-09,1.50466e-09,2.89156e-10,5.03179e-11,7.92173e-12,1.12758e-12,1.45029e-13,1.68446e-14,1.76524e-15,1.66729e-16,1.41726e-17,1.08222e-18,7.40573e-20,4.5281e-21,2.46459e-22,1.18866e-23,5.05093e-25,1.87762e-26,6.05195e-28,1.67227e-29,3.90347e-31,7.54731e-33,1.17625e-34,1.4198e-36,1.2454e-38,7.06222e-41,1.94318e-43,0,0,0,0,0,0,0,0,0,0,0,0,0,0,0,0,0,0,0,0,0,0,0,0,0,0,0,0,0,0,0,0,0,0,0,0,0,0,0
0.00012341,-0.00012341,0.00012341,-0.00012341,0.00012341,-0.00012341,0.00012341,-0.00012341,0.00012341,-0.00012341,0.00012341,-0.00012341,0.00012341,-0.00012341,0.00012341,-0.00012341,0.00012341,-0.00012341,0.00012341,-0.00012341,0.00012341,-0.00012341,0.00012341,-0.00012341,0.00012341,-0.00012341,0.00012341,-0.00012341,0.00012341,-0.00012341,-0.000143984,-0.000225003,-0.000390262,-0.000672381,-0.00112408,-0.00182916,-0.00291148,-0.00454266,-0.0069498,-0.0104235,-0.0153245,-0.0220852,-0.0312031,-0.0432229,-0.058705,-0.0781824,-0.102104,-0.130771,-0.164268,-0.202404,-0.244658,-0.29016,-0.337695,-0.385748,-0.432586,-0.476367,-0.515281,-0.547687,-0.572248,-0.588041,-0.594625,-0.592068,-0.58092,-0.562149,-0.537035,-0.507051,-0.473738,-0.438591,-0.402956,-0.367973,-0.33453,-0.303259,-0.27455,-0.248582,-0.225367,-0.20479,-0.186655,-0.170721,-0.156731,-0.144431,-0.133586,-0.123986,-0.115449,-0.107821,-0.100973,-0.0947965,-0.0892033,-0.0841191,-0.0794823,-0.0752407,-0.0713501,-0.0677727,-0.0644757,-0.0614306,-0.0586124,-0.0559992,-0.0535716,-0.0513122,-0.0492058,-0.0472387,-0.0453987,-0.042598,-0.0389164,-0.0344568,-0.0293417,-0.0237075,-0.0176966,-0.0114481,-0.00508602,0.00128966,0.00760217,0.0137768,0.019695,0.0251358,0.0297393,0.0330362,0.0345637,0.0340361,0.0314916,0.0273328,0.0222311,0.0169383,0.0120926,0.00809519,0.00508699,0.00300464,0.00167055,0.000875638,0.000433373,0.000202838,8.99169e-05,3.77969e-05,1.5071e-05,5.69409e-06,2.0327e-06,6.82656e-07,2.14561e-07,6.27818e-08,1.70221e-08,4.26027e-09,9.81472e-10,2.07719e-10,4.03334e-11,7.1794e-12,1.17091e-12,1.74915e-13,2.39263e-14,2.99594e-15,3.43263e-16,3.59685e-17,3.44427e-18,3.01114e-19,2.40038e-20,1.74208e-21,1.14884e-22,6.86798e-24,3.71142e-25,1.80675e-26,7.89043e-28,3.0759e-29,1.06382e-30,3.24003e-32,8.60989e-34,1.9731e-35,3.84135e-37,6.22801e-39,8.18087e-41,8.36344e-43,6.24227e-45,3.02534e-47,7.14473e-50,0,0,0,0,0,0,0,0,0,0,0,0,0,0,0,0,0,0,0,0,0,0,0,0,0,0,0,0,0
0.00012341,-0.00012341,0.00012341,-0.00012341,0.00012341,-0.00012341,0.00012341,-0.00012341,0.00012341,-0.00012341,0.00012341,-0.00012341,0.00012341,-0.00012341,0.00012341,-0.00012341,0.00012341,-0.00012341,0.00012341,-0.00012341,-0.000143984,-0.000225003,-0.000390262,-0.000672381,-0.00112408,-0.00182916,-0.00291148,-0.00454266,-0.0069498,-0.0104235,-0.0153245,-0.0220852,-0.0312031,-0.0432229,-0.058705,-0.0781824,-0.102104,-0.130771,-0.164268,-0.202404,-0.244658,-0.29016,-0.337695,-0.385748,-0.432586,-0.476367,-0.515281,-0.547687,-0.572248,-0.588041,-0.594625,-0.592068,-0.58092,-0.562149,-0.537035,-0.507051,-0.473738,-0.438591,-0.402956,-0.367973,-0.33453,-0.303259,-0.27455,-0.248582,-0.225367,-0.20479,-0.186655,-0.170721,-0.156731,-0.144431,-0.133586,-0.123986,-0.115449,-0.107821,-0.100973,-0.0947965,-0.0892033,-0.0841191,-0.0794823,-0.0752407,-0.0713501,-0.0677727,-0.0644757,-0.0614306,-0.0586124,-0.0559992,-0.0535716,-0.0513122,-0.0492058,-0.0472387,-0.0453988,-0.043675,-0.0420577,-0.040538,-0.0391081,-0.0377606,-0.0364893,-0.0352883,-0.0341523,-0.0330766,-0.0320566,-0.0304491,-0.0282957,-0.0256517,-0.0225838,-0.0191686,-0.0154903,-0.011638,-0.00770332,-0.00377748,5.16655e-05,0.00370314,0.00710678,0.0102074,0.0129673,0.0153654,0.0173876,0.019009,0.0201741,0.0207871,0.0207293,0.0199051,0.0183015,0.0160284,0.0133149,0.0104599,0.00775594,0.00542319,0.00357527,0.00222306,0.0013047,0.000723475,0.000379481,0.000188517,8.88112e-05,3.97262e-05,1.68884e-05,6.82541e-06,2.62045e-06,9.53867e-07,3.28205e-07,1.06348e-07,3.2325e-08,9.183e-09,2.43063e-09,5.97974e-10,1.36488e-10,2.88679e-11,5.65325e-12,1.02454e-12,1.71787e-13,2.66443e-14,3.82231e-15,5.07107e-16,6.22084e-17,7.05441e-18,7.39214e-19,7.15403e-20,6.39006e-21,5.26325e-22,3.99325e-23,2.78707e-24,1.78658e-25,1.04985e-26,5.64261e-28,2.76645e-29,1.23335e-30,4.98142e-32,1.81471e-33,5.93151e-35,1.72853e-36,4.45663e-38,1.00704e-39,1.97083e-41,3.2901e-43,4.59201e-45,5.21211e-47,4.62085e-49,3.00125e-51,1.26998e-53,2.62699e-56,0,0,0,0,0,0,0,0,0,0,0,0,0,0,0,0,0,0,0
0.00012341,-0.00012341,0.00012341,-0.00012341,0.00012341,-0.00012341,0.00012341,-0.00012341,0.00012341,-0.00012341,-0.000143984,-0.000225003,-0.000390262,-0.000672381,-0.00112408,-0.00182916,-0.00291148,-0.00454266,-0.0069498,-0.0104235,-0.0153245,-0.0220852,-0.0312031,-0.0432229,-0.058705,-0.0781824,-0.102104,-0.130771,-0.164268,-0.202404,-0.244658,-0.29016,-0.337695,-0.385748,-0.432586,-0.476367,-0.515281,-0.547687,-0.572248,-0.588041,-0.594625,-0.592068,-0.58092,-0.562149,-0.537035,-0.507051,-0.473738,-0.438591,-0.402956,-0.367973,-0.33453,-0.303259,-0.27455,-0.248582,-0.225367,-0.20479,-0.186655,-0.170721,-0.156731,-0.144431,-0.133586,-0.123986,-0.115449,-0.107821,-0.100973,-0.0947965,-0.0892033,-0.0841191,-0.0794823,-0.0752407,-0.0713501,-0.0677727,-0.0644757,-0.0614306,-0.0586124,-0.0559992,-0.0535716,-0.0513122,-0.0492058,-0.0472387,-0.0453988,-0.043675,-0.0420577,-0.040538,-0.0391081,-0.0377606,-0.0364893,-0.0352883,-0.0341523,-0.0330766,-0.0320566,-0.0310886,-0.0301688,-0.029294,-0.0284612,-0.0276675,-0.0269105,-0.0261877,-0.0254971,-0.0248367,-0.0242046,-0.0231842,-0.0217994,-0.0200824,-0.0180723,-0.0158144,-0.0133591,-0.0107602,-0.00807351,-0.00535576,-0.00266279,-4.83014e-05,0.00243749,0.00474907,0.00684676,0.00869768,0.0102768,0.0115678,0.0125644,0.01327,0.0136967,0.0138609,0.0137758,0.0134442,0.0128569,0.0119999,0.0108731,0.00950856,0.00798066,0.00639827,0.00488203,0.00353632,0.00242799,0.00157893,0.00097242,0.000567365,0.000313814,0.000164685,8.20805e-05,3.88941e-05,1.75398e-05,7.5334e-06,3.08246e-06,1.20098e-06,4.44954e-07,1.56423e-07,5.20371e-08,1.63331e-08,4.82314e-09,1.33658e-09,3.46865e-10,8.4165e-11,1.90724e-11,4.03308e-12,7.95456e-13,1.46291e-13,2.50833e-14,4.00949e-15,5.97485e-16,8.30019e-17,1.07486e-17,1.29739e-18,1.45936e-19,1.52938e-20,1.49266e-21,1.35607e-22,1.14604e-23,9.0027e-25,6.56735e-26,4.44382e-27,2.78542e-28,1.61476e-29,8.64202e-31,4.26075e-32,1.9304e-33,8.01406e-35,3.03843e-36,1.04795e-37,3.27295e-39,9.20627e-41,2.31719e-42,5.17815e-44,1.01755e-45,1.73738e-47,2.5383e-49,3.1097e-51,3.10713e-53,2.43165e-55,1.39789e-57,5.24905e-60,9.659e-63,0,0,0,0,0,0,0,0,0
-0.000143984,-0.000225003,-0.000390262,-0.000672381,-0.00112408,-0.00182916,-0.00291148,-0.00454266,-0.0069498,-0.0104235,-0.0153245,-0.0220852,-0.0312031,-0.0432229,-0.058705,-0.0781824,-0.102104,-0.130771,-0.164268,-0.202404,-0.244658,-0.29016,-0.337695,-0.385748,-0.432586,-0.476367,-0.515281,-0.547687,-0.572248,-0.588041,-0.594625,-0.592068,-0.58092,-0.562149,-0.537035,-0.507051,-0.473738,-0.438591,-0.402956,-0.367973,-0.33453,-0.303259,-0.27455,-0.248582,-0.225367,-0.20479,-0.186655,-0.170721,-0.156731,-0.144431,-0.133586,-0.123986,-0.115449,-0.107821,-0.100973,-0.0947965,-0.0892033,-0.0841191,-0.0794823,-0.0752407,-0.0713501,-0.0677727,-0.0644757,-0.0614306,-0.0586124,-0.0559992,-0.0535716,-0.0513122,-0.0492058,-0.0472387,-0.0453988,-0.043675,-0.0420577,-0.040538,-0.0391081,-0.0377606,-0.0364893,-0.0352883,-0.0341523,-0.0330766,-0.0320566,-0.0310886,-0.0301688,-0.029294,-0.0284612,-0.0276675,-0.0269105,-0.0261877,-0.0254971,-0.0248367,-0.0242046,-0.0235992,-0.0230189,-0.0224623,-0.0219279,-0.0214147,-0.0209214,-0.0204469,-0.0199903,-0.0195506,-0.0191269,-0.0184313,-0.0174787,-0.0162889,-0.0148866,-0.0133005,-0.0115626,-0.00970761,-0.00777164,-0.00579182,-0.00380519,-0.00184787,4.57513e-05,0.00184376,0.00351742,0.00504172,0.00639588,0.00756364,0.00853356,0.00929903,0.00985839,0.0102148,0.0103761,0.0103549,0.0101679,0.00983497,0.00937698,0.00881282,0.00815673,0.00741808,0.00660495,0.00573056,0.00481924,0.00390798,0.00304169,0.00226384,0.00160675,0.00108549,0.000697294,0.000425727,0.000247051,0.000136316,7.15611e-05,3.57695e-05,1.70381e-05,7.74031e-06,3.35577e-06,1.38876e-06,5.48444e-07,2.06488e-07,7.4001e-08,2.51937e-08,8.12986e-09,2.48107e-09,7.14606e-10,1.9391e-10,4.95026e-11,1.18765e-11,2.67579e-12,5.65856e-13,1.12284e-13,2.0904e-14,3.65102e-15,5.98249e-16,9.19707e-17,1.32659e-17,1.79535e-18,2.27973e-19,2.71588e-20,3.0351e-21,3.18114e-22,3.12618e-23,2.87942e-24,2.48453e-25,2.00714e-26,1.51704e-27,1.07186e-28,7.07253e-30,4.35319e-31,2.49612e-32,1.33134e-33,6.59359e-35,3.02623e-36,1.28422e-37,5.02566e-39,1.80826e-40,5.96123e-42,1.79336e-43,4.90017e-45,1.20939e-46,2.67836e-48,5.28055e-50,9.17885e-52,1.3898e-53,1.80499e-55,1.97037e-57,1.75821e-59,1.23154e-61,6.3502e-64,9.74378e-66
-0.0153245,-0.0220852,-0.0312031,-0.0432229,-0.058705,-0.0781824,-0.102104,-0.130771,-0.164268,-0.202404,-0.244658,-0.29016,-0.337695,-0.385748,-0.432586,-0.476367,-0.515281,-0.547687,-0.572248,-0.588041,-0.594625,-0.592068,-0.58092,-0.562149,-0.537035,-0.507051,-0.473738,-0.438591,-0.402956,-0.367973,-0.33453,-0.303259,-0.27455,-0.248582,-0.225367,-0.20479,-0.186655,-0.170721,-0.156731,-0.144431,-0.133586,-0.123986,-0.115449,-0.107821,-0.100973,-0.0947965,-0.0892033,-0.0841191,-0.0794823,-0.0752407,-0.0713501,-0.0677727,-0.0644757,-0.0614306,-0.0586124,-0.0559992,-0.0535716,-0.0513122,-0.0492058,-0.0472387,-0.0453988,-0.043675,-0.0420577,-0.040538,-0.0391081,-0.0377606,-0.0364893,-0.0352883,-0.0341523,-0.0330766,-0.0320566,-0.0310886,-0.0301688,-0.029294,-0.0284612,-0.0276675,-0.0269105,-0.0261877,-0.0254971,-0.0248367,-0.0242046,-0.0235992,-0.0230189,-0.0224623,-0.0219279,-0.0214147,-0.0209214,-0.0204469,-0.0199903,-0.0195506,-0.0191269,-0.0187185,-0.0183245,-0.0179443,-0.0175772,-0.0172225,-0.0168798,-0.0165483,-0.0162276,-0.0159173,-0.0156167,-0.0151172,-0.0144284,-0.0135634,-0.0125386,-0.011373,-0.0100883,-0.00870767,-0.00725583,-0.00575824,-0.00424054,-0.0027281,-0.00124537,0.000184541,0.00154035,0.002803,0.00395601,0.00498571,0.00588146,0.00663577,0.0072443,0.00770582,0.00802214,0.00819787,0.00824021,0.00815865,0.00796469,0.00767152,0.00729369,0.00684677,0.00634669,0.00580878,0.00524657,0.00467086,0.00408993,0.00351106,0.0029429,0.00239722,0.00188889,0.00143354,0.00104417,0.000727917,0.000484728,0.000307951,0.000186532,0.000107704,5.92914e-05,3.11324e-05,1.5601e-05,7.46618e-06,3.4146e-06,1.49313e-06,6.24405e-07,2.49671e-07,9.53921e-08,3.47863e-08,1.20894e-08,3.99723e-09,1.25518e-09,3.73695e-10,1.0533e-10,2.80725e-11,7.06775e-12,1.67976e-12,3.76673e-13,7.96712e-14,1.58923e-14,2.98946e-15,5.30308e-16,8.87187e-17,1.39988e-17,2.08346e-18,2.92502e-19,3.87382e-20,4.83969e-21,5.70354e-22,6.33982e-23,6.64582e-24,6.56845e-25,6.11917e-26,5.37127e-27,4.44037e-28,3.45528e-29,2.52925e-30,1.74029e-31,1.1246e-32,6.81858e-34,3.87455e-35,2.06075e-36,1.02442e-37,4.75194e-39,2.05303e-40,8.244e-42,3.06949e-43,1.05681e-44,3.35418e-46,9.77881e-48,2.60801e-49,6.34105e-51,5.64654e-52
-0.244658,-0.29016,-0.337695,-0.385748,-0.432586,-0.476367,-0.515281,-0.547687,-0.572248,-0.588041,-0.594625,-0.592068,-0.58092,-0.562149,-0.537035,-0.507051,-0.473738,-0.438591,-0.402956,-0.367973,-0.33453,-0.303259,-0.27455,-0.248582,-0.225367,-0.20479,-0.186655,-0.170721,-0.156731,-0.144431,-0.133586,-0.123986,-0.115449,-0.107821,-0.100973,-0.0947965,-0.0892033,-0.0841191,-0.0794823,-0.0752407,-0.0713501,-0.0677727,-0.0644757,-0.0614306,-0.0586124,-0.0559992,-0.0535716,-0.0513122,-0.0492058,-0.0472387,-0.0453988,-0.043675,-0.0420577,-0.040538,-0.0391081,-0.0377606,-0.0364893,-0.0352883,-0.0341523,-0.0330766,-0.0320566,-0.0310886,-0.0301688,-0.029294,-0.0284612,-0.0276675,-0.0269105,-0.0261877,-0.0254971,-0.0248367,-0.0242046,-0.0235992,-0.0230189,-0.0224623,-0.0219279,-0.0214147,-0.0209214,-0.0204469,-0.0199903,-0.0195506,-0.0191269,-0.0187185,-0.0183245,-0.0179443,-0.0175772,-0.0172225,-0.0168798,-0.0165483,-0.0162276,-0.0159173,-0.0156167,-0.0153256,-0.0150435,-0.01477,-0.0145048,-0.0142475,-0.0139977,-0.0137552,-0.0135197,-0.0132908,-0.0130684,-0.0126952,-0.0121778,-0.0115254,-0.0107492,-0.00986248,-0.00888029,-0.00781901,-0.00669609,-0.00552966,-0.00433815,-0.00313995,-0.00195301,-0.000794535,0.000319366,0.00137395,0.00235609,0.00325448,0.00405981,0.00476484,0.0053645,0.00585586,0.00623815,0.00651258,0.0066823,0.0067522,0.00672872,0.00661959,0.00643366,0.00618059,0.0058706,0.00551425,0.00512222,0.00470504,0.00427297,0.00383561,0.0034016,0.00297811,0.00257065,0.00218326,0.0018192,0.00148182,0.00117511,0.000903486,0.000670862,0.000479473,0.000328969,0.000216247,0.000136011,8.17884e-05,4.70059e-05,2.58203e-05,1.3559e-05,6.80989e-06,3.27286e-06,1.50597e-06,6.6373e-07,2.80246e-07,1.13349e-07,4.38952e-08,1.62623e-08,5.7574e-09,1.94525e-09,6.26359e-10,1.91948e-10,5.59134e-11,1.54655e-11,4.05841e-12,1.00973e-12,2.38071e-13,5.31771e-14,1.12508e-14,2.25448e-15,4.27876e-16,7.69164e-17,1.30974e-17,2.11282e-18,3.22919e-19,4.67647e-20,6.41752e-21,8.34566e-22,1.0285e-22,1.20111e-23,1.32912e-24,1.39348e-25,1.38392e-26,1.30165e-27,1.15912e-28,9.76917e-30,7.78924e-31,5.87253e-32,4.18404e-33,2.81526e-34,1.78758e-35,1.07019e-36,6.03518e-38,3.2024e-39,1.59695e-40,7.50971e-42,1.19098e-42
-0.594625,-0.592068,-0.58092,-0.562149,-0.537035,-0.507051,-0.473738,-0.438591,-0.402956,-0.367973,-0.33453,-0.303259,-0.27455,-0.248582,-0.225367,-0.20479,-0.186655,-0.170721,-0.156731,-0.144431,-0.133586,-0.123986,-0.115449,-0.107821,-0.100973,-0.0947965,-0.0892033,-0.0841191,-0.0794823,-0.0752407,-0.0713501,-0.0677727,-0.0644757,-0.0614306,-0.0586124,-0.0559992,-0.0535716,-0.0513122,-0.0492058,-0.0472387,-0.0453988,-0.043675,-0.0420577,-0.040538,-0.0391081,-0.0377606,-0.0364893,-0.0352883,-0.0341523,-0.0330766,-0.0320566,-0.0310886,-0.0301688,-0.029294,-0.0284612,-0.0276675,-0.0269105,-0.0261877,-0.0254971,-0.0248367,-0.0242046,-0.0235992,-0.0230189,-0.0224623,-0.0219279,-0.0214147,-0.0209214,-0.0204469,-0.0199903,-0.0195506,-0.0191269,-0.0187185,-0.0183245,-0.0179443,-0.0175772,-0.0172225,-0.0168798,-0.0165483,-0.0162276,-0.0159173,-0.0156167,-0.0153256,-0.0150435,-0.01477,-0.0145048,-0.0142475,-0.0139977,-0.0137552,-0.0135197,-0.0132908,-0.0130684,-0.0128521,-0.0126418,-0.0124372,-0.0122381,-0.0120443,-0.0118556,-0.0116717,-0.0114926,-0.0113181,-0.0111479,-0.0108603,-0.01046,-0.00995337,-0.00934856,-0.00865512,-0.00788391,-0.00704683,-0.0061566,-0.00522654,-0.00427029,-0.00330156,-0.00233385,-0.00138028,-0.000453284,0.000435568,0.00127574,0.00205793,0.00277413,0.00341782,0.00398392,0.00446894,0.00487087,0.0051892,0.00542488,0.00558015,0.00565851,0.00566453,0.00560372,0.00548237,0.00530735,0.00508597,0.0048258,0.00453447,0.00421956,0.0038884,0.00354798,0.00320483,0.00286493,0.00253365,0.00221561,0.00191461,0.00163348,0.00137409,0.00113748,0.000924204,0.00073467,0.000569311,0.000428478,0.000312107,0.00021935,0.000148365,9.63943e-05,6.00767e-05,3.58859e-05,2.05357e-05,1.12567e-05,5.91133e-06,2.97483e-06,1.43521e-06,6.64091e-07,2.94813e-07,1.25589e-07,5.13362e-08,2.01288e-08,7.56607e-09,2.72404e-09,9.38432e-10,3.09002e-10,9.7143e-11,2.91276e-11,8.32241e-12,2.2642e-12,5.86198e-13,1.44358e-13,3.38045e-14,7.52596e-15,1.5928e-15,3.20456e-16,6.12914e-17,1.11452e-17,1.92699e-18,3.16826e-19,4.9541e-20,7.36813e-21,1.04241e-21,1.40293e-22,1.79628e-23,2.18803e-24,2.53554e-25,2.7951e-26,2.93085e-27,2.92279e-28,2.77159e-29,2.49854e-30,2.14065e-31,1.74245e-32,1.34703e-33,9.98898e-35,2.24768e-35
-0.33453,-0.303259,-0.27455,-0.248582,-0.225367,-0.20479,-0.186655,-0.170721,-0.156731,-0.144431,-0.133586,-0.123986,-0.115449,-0.107821,-0.100973,-0.0947965,-0.0892033,-0.0841191,-0.0794823,-0.0752407,-0.0713501,-0.0677727,-0.0644757,-0.0614306,-0.0586124,-0.0559992,-0.0535716,-0.0513122,-0.0492058,-0.0472387,-0.0453988,-0.043675,-0.0420577,-0.040538,-0.0391081,-0.0377606,-0.0364893,-0.0352883,-0.0341523,-0.0330766,-0.0320566,-0.0310886,-0.0301688,-0.029294,-0.0284612,-0.0276675,-0.0269105,-0.0261877,-0.0254971,-0.0248367,-0.0242046,-0.0235992,-0.0230189,-0.0224623,-0.0219279,-0.0214147,-0.0209214,-0.0204469,-0.0199903,-0.0195506,-0.0191269,-0.0187185,-0.0183245,-0.0179443,-0.0175772,-0.0172225,-0.0168798,-0.0165483,-0.0162276,-0.0159173,-0.0156167,-0.0153256,-0.0150435,-0.01477,-0.0145048,-0.0142475,-0.0139977,-0.0137552,-0.0135197,-0.0132908,-0.0130684,-0.0128521,-0.0126418,-0.0124372,-0.0122381,-0.0120443,-0.0118556,-0.0116717,-0.0114926,-0.0113181,-0.0111479,-0.010982,-0.0108202,-0.0106624,-0.0105083,-0.010358,-0.0102112,-0.0100679,-0.00992791,-0.00979115,-0.00965751,-0.00943028,-0.00911289,-0.0087101,-0.00822787,-0.00767329,-0.00705441,-0.00638011,-0.00565994,-0.00490391,-0.00412236,-0.00332576,-0.0025245,-0.00172875,-0.000948291,-0.000192331,0.000530608,0.00121283,0.00184755,0.002429,0.00295247,0.00341437,0.00381221,0.00414462,0.0044113,0.00461299,0.00475142,0.00482917,0.00484962,0.00481683,0.00473544,0.00461052,0.00444747,0.0042519,0.0040295,0.00378593,0.00352673,0.00325719,0.00298233,0.00270675,0.00243464,0.0021697,0.00191513,0.0016736,0.00144726,0.00123774,0.00104611,0.000872913,0.000718158,0.000581471,0.000462232,0.000359719,0.000273175,0.00020177,0.000144487,0.000100031,6.67953e-05,4.29395e-05,2.65389e-05,1.57553e-05,8.9798e-06,4.91254e-06,2.57962e-06,1.30047e-06,6.29607e-07,2.92821e-07,1.30864e-07,5.62078e-08,2.32018e-08,9.2023e-09,3.50532e-09,1.28155e-09,4.4934e-10,1.50962e-10,4.85544e-11,1.49377e-11,4.39235e-12,1.23363e-12,3.30757e-13,8.46242e-14,2.06543e-14,4.8081e-15,1.06743e-15,2.25991e-16,4.56293e-17,8.78666e-18,1.61389e-18,2.82774e-19,4.72693e-20,7.53949e-21,1.14757e-21,1.667e-22,2.31126e-23,3.05877e-24,3.86411e-25,4.65975e-26,5.36391e-27,5.89474e-28,6.29809e-29,1.82133e-29
-0.133586,-0.123986,-0.115449,-0.107821,-0.100973,-0.0947965,-0.0892033,-0.0841191,-0.0794823,-0.0752407,-0.0713501,-0.0677727,-0.0644757,-0.0614306,-0.0586124,-0.0559992,-0.0535716,-0.0513122,-0.0492058,-0.0472387,-0.0453988,-0.043675,-0.0420577,-0.040538,-0.0391081,-0.0377606,-0.0364893,-0.0352883,-0.0341523,-0.0330766,-0.0320566,-0.0310886,-0.0301688,-0.029294,-0.0284612,-0.0276675,-0.0269105,-0.0261877,-0.0254971,-0.0248367,-0.0242046,-0.0235992,-0.0230189,-0.0224623,-0.0219279,-0.0214147,-0.0209214,-0.0204469,-0.0199903,-0.0195506,-0.0191269,-0.0187185,-0.0183245,-0.0179443,-0.0175772,-0.0172225,-0.0168798,-0.0165483,-0.0162276,-0.0159173,-0.0156167,-0.0153256,-0.0150435,-0.01477,-0.0145048,-0.0142475,-0.0139977,-0.0137552,-0.0135197,-0.0132908,-0.0130684,-0.0128521,-0.0126418,-0.0124372,-0.0122381,-0.0120443,-0.0118556,-0.0116717,-0.0114926,-0.0113181,-0.0111479,-0.010982,-0.0108202,-0.0106624,-0.0105083,-0.010358,-0.0102112,-0.0100679,-0.00992791,-0.00979115,-0.00965751,-0.0095269,-0.00939922,-0.00927438,-0.00915229,-0.00903286,-0.00891602,-0.00880169,-0.00868979,-0.00858024,-0.00847299,-0.00828973,-0.00803302,-0.00770647,-0.00731458,-0.00686272,-0.006357,-0.00580422,-0.00521168,-0.00458709,-0.00393845,-0.0032739,-0.00260159,-0.00192956,-0.00126559,-0.000617116,8.90232e-06,0.000606073,0.00116865,0.00169161,0.0021707,0.00260248,0.00298433,0.00331449,0.00359201,0.00381675,0.00398933,0.00411111,0.00418408,0.00421082,0.00419443,0.00413841,0.00404662,0.00392317,0.00377233,0.00359843,0.00340583,0.0031988,0.00298146,0.00275772,0.00253124,0.00230536,0.00208311,0.00186712,0.00165967,0.00146264,0.00127753,0.00110548,0.00094725,0.000803295,0.000673747,0.000558448,0.000456972,0.000368669,0.000292728,0.000228254,0.000174328,0.000130034,9.44484e-05,6.66097e-05,4.54947e-05,3.00268e-05,1.91169e-05,1.17249e-05,6.92124e-06,3.93e-06,2.14591e-06,1.12671e-06,5.68909e-07,2.76307e-07,1.29112e-07,5.80584e-08,2.51274e-08,1.04669e-08,4.19572e-09,1.61797e-09,5.99925e-10,2.13756e-10,7.31366e-11,2.40121e-11,7.55959e-12,2.28063e-12,6.58947e-13,1.82254e-13,4.82361e-14,1.22127e-14,2.95742e-15,6.84904e-16,1.51684e-16,3.21256e-17,6.50705e-18,1.2606e-18,2.336e-19,4.1412e-20,7.02409e-21,1.14004e-21,1.77081e-22,2.63402e-23,3.85946e-24,1.35775e-24
-0.0713501,-0.0677727,-0.0644757,-0.0614306,-0.0586124,-0.0559992,-0.0535716,-0.0513122,-0.0492058,-0.0472387,-0.0453988,-0.043675,-0.0420577,-0.040538,-0.0391081,-0.0377606,-0.0364893,-0.0352883,-0.0341523,-0.0330766,-0.0320566,-0.0310886,-0.0301688,-0.029294,-0.0284612,-0.0276675,-0.0269105,-0.0261877,-0.0254971,-0.0248367,-0.0242046,-0.0235992,-0.0230189,-0.0224623,-0.0219279,-0.0214147,-0.0209214,-0.0204469,-0.0199903,-0.0195506,-0.0191269,-0.0187185,-0.0183245,-0.0179443,-0.0175772,-0.0172225,-0.0168798,-0.0165483,-0.0162276,-0.0159173,-0.0156167,-0.0153256,-0.0150435,-0.01477,-0.0145048,-0.0142475,-0.0139977,-0.0137552,-0.0135197,-0.0132908,-0.0130684,-0.0128521,-0.0126418,-0.0124372,-0.0122381,-0.0120443,-0.0118556,-0.0116717,-0.0114926,-0.0113181,-0.0111479,-0.010982,-0.0108202,-0.0106624,-0.0105083,-0.010358,-0.0102112,-0.0100679,-0.00992791,-0.00979115,-0.00965751,-0.0095269,-0.00939922,-0.00927438,-0.00915229,-0.00903286,-0.00891602,-0.00880169,-0.00868979,-0.00858024,-0.00847299,-0.00836797,-0.0082651,-0.00816433,-0.00806559,-0.00796884,-0.00787402,-0.00778106,-0.00768993,-0.00760057,-0.00751293,-0.00736255,-0.00715142,-0.00688229,-0.00655865,-0.00618465,-0.00576503,-0.00530508,-0.00481049,-0.00428733,-0.00374188,-0.00318058,-0.00260994,-0.00203639,-0.00146622,-0.00090549,-0.000359944,0.000165081,0.000664708,0.00113458,0.00157092,0.00197053,0.00233088,0.00265003,0.00292672,0.00316031,0.00335077,0.00349864,0.00360502,0.00367149,0.00370009,0.00369322,0.00365362,0.00358429,0.00348843,0.00336935,0.00323046,0.00307516,0.00290681,0.00272866,0.00254384,0.00235528,0.00216569,0.00197755,0.00179307,0.00161417,0.00144249,0.0012794,0.00112596,0.00098297,0.000850977,0.000730276,0.000620946,0.000522871,0.000435762,0.000359184,0.000292571,0.000235258,0.000186501,0.000145521,0.000111528,8.37593e-05,6.14804e-05,4.39876e-05,3.05975e-05,2.06431e-05,1.34806e-05,8.50682e-06,5.18071e-06,3.04211e-06,1.72131e-06,9.38202e-07,4.92526e-07,2.49041e-07,1.21306e-07,5.69297e-08,2.57466e-08,1.12221e-08,4.71423e-09,1.90846e-09,7.44364e-10,2.79612e-10,1.01108e-10,3.51751e-11,1.17666e-11,3.78248e-12,1.16782e-12,3.46122e-13,9.84367e-14,2.68541e-14,7.02545e-15,1.76226e-15,4.23786e-16,9.76973e-17,2.15911e-17,4.57451e-18,9.29259e-19,1.81238e-19,3.53089e-20,1.45905e-20
-0.0453988,-0.043675,-0.0420577,-0.040538,-0.0391081,-0.0377606,-0.0364893,-0.0352883,-0.0341523,-0.0330766,-0.0320566,-0.0310886,-0.0301688,-0.029294,-0.0284612,-0.0276675,-0.0269105,-0.0261877,-0.0254971,-0.0248367,-0.0242046,-0.0235992,-0.0230189,-0.0224623,-0.0219279,-0.0214147,-0.0209214,-0.0204469,-0.0199903,-0.0195506,-0.0191269,-0.0187185,-0.0183245,-0.0179443,-0.0175772,-0.0172225,-0.0168798,-0.0165483,-0.0162276,-0.0159173,-0.0156167,-0.0153256,-0.0150435,-0.01477,-0.0145048,-0.0142475,-0.0139977,-0.0137552,-0.0135197,-0.0132908,-0.0130684,-0.0128521,-0.0126418,-0.0124372,-0.0122381,-0.0120443,-0.0118556,-0.0116717,-0.0114926,-0.0113181,-0.0111479,-0.010982,-0.0108202,-0.0106624,-0.0105083,-0.010358,-0.0102112,-0.0100679,-0.00992791,-0.00979115,-0.00965751,-0.0095269,-0.00939922,-0.00927438,-0.00915229,-0.00903286,-0.00891602,-0.00880169,-0.00868979,-0.00858024,-0.00847299,-0.00836797,-0.0082651,-0.00816433,-0.00806559,-0.00796884,-0.00787402,-0.00778106,-0.00768993,-0.00760057,-0.00751293,-0.00742696,-0.00734263,-0.00725989,-0.00717869,-0.007099,-0.00702078,-0.00694399,-0.00686859,-0.00679455,-0.00672183,-0.00659663,-0.00642048,-0.00619555,-0.00592457,-0.00561082,-0.00525804,-0.00487041,-0.00445246,-0.004009,-0.00354507,-0.00306586,-0.00257659,-0.0020825,-0.00158875,-0.00110031,-0.000621968,-0.000158209,0.000286813,0.000709328,0.00110599,0.00147391,0.00181068,0.00211438,0.0023836,0.00261743,0.00281544,0.00297767,0.00310461,0.00319719,0.00325668,0.00328472,0.00328324,0.00325442,0.00320064,0.00312442,0.00302843,0.00291535,0.00278791,0.00264878,0.0025006,0.00234588,0.002187,0.00202619,0.0018655,0.00170678,0.00155166,0.00140156,0.0012577,0.00112106,0.0009924,0.000872304,0.000761147,0.000659128,0.000566284,0.00048251,0.000407574,0.000341136,0.000282771,0.000231984,0.000188227,0.000150916,0.000119444,9.31993e-05,7.15801e-05,5.40106e-05,3.99511e-05,2.8901e-05,2.03974e-05,1.40117e-05,9.34793e-06,6.04542e-06,3.78393e-06,2.28944e-06,1.33778e-06,7.54471e-07,4.1052e-07,2.15468e-07,1.09087e-07,5.32769e-08,2.51035e-08,1.14135e-08,5.0076e-09,2.12022e-09,8.66246e-10,3.41453e-10,1.29816e-10,4.75847e-11,1.68097e-11,5.72007e-12,1.87404e-12,5.90871e-13,1.79208e-13,5.22654e-14,1.46531e-14,3.94822e-15,1.02239e-15,2.55106e-16,6.45386e-17,3.05452e-17
-0.0320566,-0.0310886,-0.0301688,-0.029294,-0.0284612,-0.0276675,-0.0269105,-0.0261877,-0.0254971,-0.0248367,-0.0242046,-0.0235992,-0.0230189,-0.0224623,-0.0219279,-0.0214147,-0.0209214,-0.0204469,-0.0199903,-0.0195506,-0.0191269,-0.0187185,-0.0183245,-0.0179443,-0.0175772,-0.0172225,-0.0168798,-0.0165483,-0.0162276,-0.0159173,-0.0156167,-0.0153256,-0.0150435,-0.01477,-0.0145048,-0.0142475,-0.0139977,-0.0137552,-0.0135197,-0.0132908,-0.0130684,-0.0128521,-0.0126418,-0.0124372,-0.0122381,-0.0120443,-0.0118556,-0.0116717,-0.0114926,-0.0113181,-0.0111479,-0.010982,-0.0108202,-0.0106624,-0.0105083,-0.010358,-0.0102112,-0.0100679,-0.00992791,-0.00979115,-0.00965751,-0.0095269,-0.00939922,-0.00927438,-0.00915229,-0.00903286,-0.00891602,-0.00880169,-0.00868979,-0.00858024,-0.00847299,-0.00836797,-0.0082651,-0.00816433,-0.00806559,-0.00796884,-0.00787402,-0.00778106,-0.00768993,-0.00760057,-0.00751293,-0.00742696,-0.00734263,-0.00725989,-0.00717869,-0.007099,-0.00702078,-0.00694399,-0.00686859,-0.00679455,-0.00672183,-0.00665041,-0.00658024,-0.00651131,-0.00644357,-0.006377,-0.00631157,-0.00624725,-0.00618403,-0.00612186,-0.00606074,-0.00595516,-0.00580637,-0.00561609,-0.0053865,-0.00512021,-0.00482023,-0.0044899,-0.00413289,-0.00375307,-0.00335454,-0.00294151,-0.00251826,-0.00208908,-0.00165824,-0.00122989,-0.000808027,-0.000396455,1.27337e-06,0.000381891,0.00074245,0.00108035,0.00139337,0.00167966,0.00193778,0.00216667,0.00236569,0.00253456,0.00267337,0.00278259,0.00286299,0.00291563,0.00294186,0.00294324,0.00292156,0.00287872,0.00281679,0.00273789,0.00264421,0.00253796,0.0024213,0.00229639,0.00216528,0.00202993,0.00189219,0.00175375,0.00161619,0.00148089,0.00134909,0.00122184,0.00110004,0.000984398,0.000875487,0.000773709,0.000679327,0.000592467,0.000513139,0.000441242,0.000376583,0.00031889,0.000267825,0.000222999,0.000183986,0.000150331,0.000121569,9.72258e-05,7.68338e-05,5.99357e-05,4.60932e-05,3.48942e-05,2.59577e-05,1.89367e-05,1.35186e-05,9.42288e-06,6.39922e-06,4.22565e-06,2.70846e-06,1.68256e-06,1.01188e-06,5.88575e-07,3.30917e-07,1.79763e-07,9.43303e-08,4.78118e-08,2.34079e-08,1.10705e-08,5.05814e-09,2.23288e-09,9.52364e-10,3.92448e-10,1.56223e-10,6.00615e-11,2.22952e-11,7.98796e-12,2.76125e-12,9.20584e-13,2.96022e-13,9.22524e-14,2.95838e-14,1.57053e-14
-0.0242046,-0.0235992,-0.0230189,-0.0224623,-0.0219279,-0.0214147,-0.0209214,-0.0204469,-0.0199903,-0.0195506,-0.0191269,-0.0187185,-0.0183245,-0.0179443,-0.0175772,-0.0172225,-0.0168798,-0.0165483,-0.0162276,-0.0159173,-0.0156167,-0.0153256,-0.0150435,-0.01477,-0.0145048,-0.0142475,-0.0139977,-0.0137552,-0.0135197,-0.0132908,-0.0130684,-0.0128521,-0.0126418,-0.0124372,-0.0122381,-0.0120443,-0.0118556,-0.0116717,-0.0114926,-0.0113181,-0.0111479,-0.010982,-0.0108202,-0.0106624,-0.0105083,-0.010358,-0.0102112,-0.0100679,-0.00992791,-0.00979115,-0.00965751,-0.0095269,-0.00939922,-0.00927438,-0.00915229,-0.00903286,-0.00891602,-0.00880169,-0.00868979,-0.00858024,-0.00847299,-0.00836797,-0.0082651,-0.00816433,-0.00806559,-0.00796884,-0.00787402,-0.00778106,-0.00768993,-0.00760057,-0.00751293,-0.00742696,-0.00734263,-0.00725989,-0.00717869,-0.007099,-0.00702078,-0.00694399,-0.00686859,-0.00679455,-0.00672183,-0.00665041,-0.00658024,-0.00651131,-0.00644357,-0.006377,-0.00631157,-0.00624725,-0.00618403,-0.00612186,-0.00606074,-0.00600062,-0.00594149,-0.00588334,-0.00582612,-0.00576983,-0.00571444,-0.00565994,-0.00560629,-0.0055535,-0.00550152,-0.00541152,-0.00528449,-0.0051218,-0.00492524,-0.00469692,-0.00443928,-0.00415504,-0.00384719,-0.0035189,-0.00317352,-0.00281453,-0.00244546,-0.00206989,-0.00169136,-0.00131336,-0.000939278,-0.000572344,-0.000215615,0.000128072,0.00045612,0.000766206,0.00105629,0.00132464,0.00156985,0.0017908,0.00198672,0.00215715,0.00230192,0.00242118,0.00251535,0.00258508,0.00263129,0.0026551,0.0026578,0.00264086,0.00260586,0.00255448,0.00248847,0.00240963,0.00231975,0.00222064,0.00211406,0.00200172,0.00188524,0.00176616,0.00164593,0.00152585,0.00140713,0.00129082,0.00117786,0.00106904,0.000965027,0.000866344,0.000773401,0.000686485,0.000605775,0.000531347,0.000463187,0.000401199,0.000345216,0.000295015,0.00025032,0.000210819,0.000176171,0.000146015,0.000119979,9.76877e-05,7.8768e-05,6.28573e-05,4.9606e-05,3.8682e-05,2.9774e-05,2.2594e-05,1.68792e-05,1.23936e-05,8.9274e-06,6.29613e-06,4.33875e-06,2.91569e-06,1.90724e-06,1.21242e-06,7.47954e-07,4.47288e-07,2.59066e-07,1.45234e-07,7.87723e-08,4.13254e-08,2.09674e-08,1.02884e-08,4.88254e-09,2.24111e-09,9.95001e-10,4.27307e-10,1.77502e-10,7.13226e-11,2.77454e-11,1.05356e-11,4.16502e-12,2.4341e-12
-0.0191269,-0.0187185,-0.0183245,-0.0179443,-0.0175772,-0.0172225,-0.0168798,-0.0165483,-0.0162276,-0.0159173,-0.0156167,-0.0153256,-0.0150435,-0.01477,-0.0145048,-0.0142475,-0.0139977,-0.0137552,-0.0135197,-0.0132908,-0.0130684,-0.0128521,-0.0126418,-0.0124372,-0.0122381,-0.0120443,-0.0118556,-0.0116717,-0.0114926,-0.0113181,-0.0111479,-0.010982,-0.0108202,-0.0106624,-0.0105083,-0.010358,-0.0102112,-0.0100679,-0.00992791,-0.00979115,-0.00965751,-0.0095269,-0.00939922,-0.00927438,-0.00915229,-0.00903286,-0.00891602,-0.00880169,-0.00868979,-0.00858024,-0.00847299,-0.00836797,-0.0082651,-0.00816433,-0.00806559,-0.00796884,-0.00787402,-0.00778106,-0.00768993,-0.00760057,-0.00751293,-0.00742696,-0.00734263,-0.00725989,-0.00717869,-0.007099,-0.00702078,-0.00694399,-0.00686859,-0.00679455,-0.00672183,-0.00665041,-0.00658024,-0.00651131,-0.00644357,-0.006377,-0.00631157,-0.00624725,-0.00618403,-0.00612186,-0.00606074,-0.00600062,-0.00594149,-0.00588334,-0.00582612,-0.00576983,-0.00571444,-0.00565994,-0.00560629,-0.0055535,-0.00550152,-0.00545035,-0.00539998,-0.00535037,-0.00530153,-0.00525342,-0.00520604,-0.00515936,-0.00511338,-0.00506808,-0.00502345,-0.00494598,-0.00483649,-0.00469611,-0.00452628,-0.00432875,-0.00410551,-0.00385882,-0.00359112,-0.00330505,-0.0030034,-0.00268903,-0.00236491,-0.00203404,-0.00169939,-0.00136392,-0.00103051,-0.000701938,-0.000380831,-6.96688e-05,0.000229263,0.000513889,0.000782358,0.00103306,0.00126464,0.00147601,0.00166632,0.00183499,0.00198171,0.00210639,0.00220921,0.00229054,0.00235098,0.0023913,0.00241245,0.00241553,0.00240175,0.00237244,0.00232898,0.00227284,0.00220551,0.00212849,0.00204327,0.00195132,0.00185407,0.00175288,0.00164907,0.00154383,0.0014383,0.0013335,0.00123036,0.00112968,0.00103217,0.000938436,0.000848967,0.000764153,0.00068429,0.000609577,0.000540133,0.000475996,0.000417136,0.000363459,0.000314822,0.000271033,0.000231865,0.000197062,0.000166345,0.000139421,0.000115989,9.57463e-05,7.83905e-05,6.36275e-05,5.11732e-05,4.07575e-05,3.21259e-05,2.50416e-05,1.92866e-05,1.46623e-05,1.09898e-05,8.11013e-06,5.8836e-06,4.1888e-06,2.92129e-06,1.99202e-06,1.32574e-06,8.59671e-07,5.42325e-07,3.3241e-07,1.97747e-07,1.14077e-07,6.3778e-08,3.45408e-08,1.8116e-08,9.20022e-09,4.52423e-09,2.15509e-09,9.96533e-10,4.52698e-10,2.15096e-10,1.36342e-10
-0.0156167,-0.0153256,-0.0150435,-0.01477,-0.0145048,-0.0142475,-0.0139977,-0.0137552,-0.0135197,-0.0132908,-0.0130684,-0.0128521,-0.0126418,-0.0124372,-0.0122381,-0.0120443,-0.0118556,-0.0116717,-0.0114926,-0.0113181,-0.0111479,-0.010982,-0.0108202,-0.0106624,-0.0105083,-0.010358,-0.0102112,-0.0100679,-0.00992791,-0.00979115,-0.00965751,-0.0095269,-0.00939922,-0.00927438,-0.00915229,-0.00903286,-0.00891602,-0.00880169,-0.00868979,-0.00858024,-0.00847299,-0.00836797,-0.0082651,-0.00816433,-0.00806559,-0.00796884,-0.00787402,-0.00778106,-0.00768993,-0.00760057,-0.00751293,-0.00742696,-0.00734263,-0.00725989,-0.00717869,-0.007099,-0.00702078,-0.00694399,-0.00686859,-0.00679455,-0.00672183,-0.00665041,-0.00658024,-0.00651131,-0.00644357,-0.006377,-0.00631157,-0.00624725,-0.00618403,-0.00612186,-0.00606074,-0.00600062,-0.00594149,-0.00588334,-0.00582612,-0.00576983,-0.00571444,-0.00565994,-0.00560629,-0.0055535,-0.00550152,-0.00545035,-0.00539998,-0.00535037,-0.00530153,-0.00525342,-0.00520604,-0.00515936,-0.00511338,-0.00506808,-0.00502345,-0.00497947,-0.00493613,-0.00489342,-0.00485131,-0.00480981,-0.0047689,-0.00472857,-0.0046888,-0.00464959,-0.00461092,-0.00454367,-0.0044485,-0.00432636,-0.00417843,-0.00400616,-0.00381122,-0.00359546,-0.00336094,-0.00310986,-0.00284453,-0.00256739,-0.00228092,-0.00198764,-0.00169011,-0.00139082,-0.00109225,-0.000796796,-0.000506735,-0.000224236,4.86842e-05,0.000310171,0.000558551,0.000792343,0.00101027,0.00121127,0.00139448,0.00155927,0.00170521,0.00183209,0.0019399,0.0020288,0.00209916,0.00215151,0.00218651,0.00220499,0.00220787,0.00219618,0.00217104,0.00213363,0.00208516,0.0020269,0.00196009,0.001886,0.00180587,0.0017209,0.00163225,0.00154102,0.00144825,0.0013549,0.00126186,0.00116993,0.00107981,0.00099215,0.000907473,0.000826236,0.000748806,0.00067547,0.000606439,0.00054185,0.000481777,0.000426231,0.000375171,0.000328507,0.000286111,0.000247818,0.000213436,0.000182751,0.000155532,0.000131539,0.000110523,9.22359e-05,7.64299e-05,6.28636e-05,5.13033e-05,4.15263e-05,3.33221e-05,2.6494e-05,2.08601e-05,1.6254e-05,1.25242e-05,9.53503e-06,7.16557e-06,5.30938e-06,3.87382e-06,2.7791e-06,1.95725e-06,1.35092e-06,9.12259e-07,6.01702e-07,3.87028e-07,2.42432e-07,1.47706e-07,8.74472e-08,5.02778e-08,2.80805e-08,1.5283e-08,8.22112e-09,4.61045e-09,3.14042e-09
-0.0130684,-0.0128521,-0.0126418,-0.0124372,-0.0122381,-0.0120443,-0.0118556,-0.0116717,-0.0114926,-0.0113181,-0.0111479,-0.010982,-0.0108202,-0.0106624,-0.0105083,-0.010358,-0.0102112,-0.0100679,-0.00992791,-0.00979115,-0.00965751,-0.0095269,-0.00939922,-0.00927438,-0.00915229,-0.00903286,-0.00891602,-0.00880169,-0.00868979,-0.00858024,-0.00847299,-0.00836797,-0.0082651,-0.00816433,-0.00806559,-0.00796884,-0.00787402,-0.00778106,-0.00768993,-0.00760057,-0.00751293,-0.00742696,-0.00734263,-0.00725989,-0.00717869,-0.007099,-0.00702078,-0.00694399,-0.00686859,-0.00679455,-0.00672183,-0.00665041,-0.00658024,-0.00651131,-0.00644357,-0.006377,-0.00631157,-0.00624725,-0.00618403,-0.00612186,-0.00606074,-0.00600062,-0.00594149,-0.00588334,-0.00582612,-0.00576983,-0.00571444,-0.00565994,-0.00560629,-0.0055535,-0.00550152,-0.00545035,-0.00539998,-0.00535037,-0.00530153,-0.00525342,-0.00520604,-0.00515936,-0.00511338,-0.00506808,-0.00502345,-0.00497947,-0.00493613,-0.00489342,-0.00485131,-0.00480981,-0.0047689,-0.00472857,-0.0046888,-0.00464959,-0.00461092,-0.00457279,-0.00453518,-0.00449808,-0.00446149,-0.00442539,-0.00438978,-0.00435464,-0.00431997,-0.00428576,-0.004252,-0.00419317,-0.00410983,-0.00400276,-0.00387297,-0.00372166,-0.00355022,-0.00336023,-0.00315339,-0.00293157,-0.00269672,-0.00245091,-0.00219623,-0.00193485,-0.00166893,-0.00140064,-0.00113209,-0.000865361,-0.000602449,-0.000345252,-9.55562e-05,0.000144983,0.000374855,0.000592701,0.000797333,0.00098773,0.00116305,0.00132263,0.00146599,0.00159281,0.00170296,0.00179648,0.00187354,0.00193449,0.00197979,0.00201004,0.00202593,0.00202828,0.00201797,0.00199594,0.00196319,0.00192077,0.00186973,0.00181116,0.0017461,0.00167562,0.00160074,0.00152246,0.0014417,0.00135937,0.00127629,0.00119323,0.00111089,0.00102989,0.000950798,0.000874089,0.000800177,0.000729403,0.00066204,0.000598298,0.000538324,0.000482211,0.000429998,0.000381679,0.000337204,0.00029649,0.000259417,0.000225845,0.000195607,0.000168523,0.000144399,0.000123034,0.000104222,8.77551e-05,7.34287e-05,6.10421e-05,5.04014e-05,4.13209e-05,3.36252e-05,2.71496e-05,2.17412e-05,1.72594e-05,1.35758e-05,1.05742e-05,8.15059e-06,6.21262e-06,4.67888e-06,3.47837e-06,2.54978e-06,1.84073e-06,1.30691e-06,9.11231e-07,6.23003e-07,4.17084e-07,2.73152e-07,1.7504e-07,1.10163e-07,6.90034e-08,4.46583e-08,3.24183e-08
-0.0111479,-0.010982,-0.0108202,-0.0106624,-0.0105083,-0.010358,-0.0102112,-0.0100679,-0.00992791,-0.00979115,-0.00965751,-0.0095269,-0.00939922,-0.00927438,-0.00915229,-0.00903286,-0.00891602,-0.00880169,-0.00868979,-0.00858024,-0.00847299,-0.00836797,-0.0082651,-0.00816433,-0.00806559,-0.00796884,-0.00787402,-0.00778106,-0.00768993,-0.00760057,-0.00751293,-0.00742696,-0.00734263,-0.00725989,-0.00717869,-0.007099,-0.00702078,-0.00694399,-0.00686859,-0.00679455,-0.00672183,-0.00665041,-0.00658024,-0.00651131,-0.00644357,-0.006377,-0.00631157,-0.00624725,-0.00618403,-0.00612186,-0.00606074,-0.00600062,-0.00594149,-0.00588334,-0.00582612,-0.00576983,-0.00571444,-0.00565994,-0.00560629,-0.0055535,-0.00550152,-0.00545035,-0.00539998,-0.00535037,-0.00530153,-0.00525342,-0.00520604,-0.00515936,-0.00511338,-0.00506808,-0.00502345,-0.00497947,-0.00493613,-0.00489342,-0.00485131,-0.00480981,-0.0047689,-0.00472857,-0.0046888,-0.00464959,-0.00461092,-0.00457279,-0.00453518,-0.00449808,-0.00446149,-0.00442539,-0.00438978,-0.00435464,-0.00431997,-0.00428576,-0.004252,-0.00421868,-0.00418579,-0.00415333,-0.00412128,-0.00408965,-0.00405842,-0.00402759,-0.00399714,-0.00396708,-0.00393739,-0.00388558,-0.0038121,-0.00371763,-0.00360301,-0.00346925,-0.00331753,-0.00314917,-0.00296565,-0.00276852,-0.00255946,-0.00234023,-0.00211262,-0.00187848,-0.00163969,-0.0013981,-0.00115556,-0.000913875,-0.00067479,-0.00043998,-0.000211029,1.05825e-05,0.00022349,0.000426453,0.00061837,0.000798276,0.000965358,0.00111895,0.00125853,0.00138374,0.00149436,0.00159032,0.00167167,0.0017386,0.00179144,0.0018306,0.00185661,0.00187008,0.00187172,0.00186229,0.0018426,0.00181351,0.00177591,0.00173072,0.00167884,0.00162119,0.00155867,0.00149217,0.00142253,0.00135056,0.00127703,0.00120267,0.00112813,0.00105404,0.000980934,0.000909319,0.000839622,0.000772217,0.000707418,0.000645482,0.000586611,0.000530956,0.000478619,0.000429657,0.000384087,0.000341889,0.000303009,0.000267366,0.000234854,0.000205347,0.000178702,0.000154765,0.00013337,0.000114348,9.75247e-05,8.27267e-05,6.97817e-05,5.85216e-05,4.87839e-05,4.04127e-05,3.32604e-05,2.71884e-05,2.20673e-05,1.77777e-05,1.421e-05,1.12649e-05,8.85262e-06,6.8929e-06,5.31459e-06,4.0551e-06,3.05982e-06,2.28156e-06,1.67991e-06,1.22066e-06,8.75159e-07,6.19741e-07,4.35127e-07,3.05879e-07,2.19876e-07,1.67845e-07
-0.00965751,-0.0095269,-0.00939922,-0.00927438,-0.00915229,-0.00903286,-0.00891602,-0.00880169,-0.00868979,-0.00858024,-0.00847299,-0.00836797,-0.0082651,-0.00816433,-0.00806559,-0.00796884,-0.00787402,-0.00778106,-0.00768993,-0.00760057,-0.00751293,-0.00742696,-0.00734263,-0.00725989,-0.00717869,-0.007099,-0.00702078,-0.00694399,-0.00686859,-0.00679455,-0.00672183,-0.00665041,-0.00658024,-0.00651131,-0.00644357,-0.006377,-0.00631157,-0.00624725,-0.00618403,-0.00612186,-0.00606074,-0.00600062,-0.00594149,-0.00588334,-0.00582612,-0.00576983,-0.00571444,-0.00565994,-0.00560629,-0.0055535,-0.00550152,-0.00545035,-0.00539998,-0.00535037,-0.00530153,-0.00525342,-0.00520604,-0.00515936,-0.00511338,-0.00506808,-0.00502345,-0.00497947,-0.00493613,-0.00489342,-0.00485131,-0.00480981,-0.0047689,-0.00472857,-0.0046888,-0.00464959,-0.00461092,-0.00457279,-0.00453518,-0.00449808,-0.00446149,-0.00442539,-0.00438978,-0.00435464,-0.00431997,-0.00428576,-0.004252,-0.00421868,-0.00418579,-0.00415333,-0.00412128,-0.00408965,-0.00405842,-0.00402759,-0.00399714,-0.00396708,-0.00393739,-0.00390807,-0.00387912,-0.00385052,-0.00382227,-0.00379436,-0.00376679,-0.00373956,-0.00371265,-0.00368607,-0.0036598,-0.00361388,-0.00354871,-0.00346485,-0.00336302,-0.00324408,-0.00310904,-0.00295903,-0.00279529,-0.00261916,-0.00243209,-0.00223558,-0.00203117,-0.00182048,-0.0016051,-0.00138666,-0.00116677,-0.000947009,-0.000728912,-0.00051396,-0.000303562,-9.9044e-05,9.83607e-05,0.000287522,0.000467421,0.000637155,0.000795946,0.000943138,0.00107821,0.00120075,0.00131049,0.00140729,0.00149111,0.00156204,0.00162027,0.00166609,0.0016999,0.00172215,0.00173339,0.00173424,0.00172535,0.00170744,0.00168125,0.00164755,0.00160713,0.00156076,0.00150925,0.00145337,0.00139388,0.00133151,0.00126697,0.00120093,0.001134,0.00106679,0.000999814,0.000933571,0.000868497,0.000804979,0.000743354,0.000683909,0.000626884,0.000572471,0.000520819,0.000472033,0.000426182,0.000383297,0.000343378,0.000306396,0.000272295,0.000240997,0.000212407,0.000186412,0.000162888,0.000141701,0.000122709,0.000105767,9.07288e-05,7.74456e-05,6.57723e-05,5.55668e-05,4.66916e-05,3.9015e-05,3.24119e-05,2.67647e-05,2.19634e-05,1.79062e-05,1.44994e-05,1.16576e-05,9.30318e-06,7.36672e-06,5.78616e-06,4.5066e-06,3.47991e-06,2.66422e-06,2.02345e-06,1.5268e-06,1.14826e-06,8.66108e-07,6.62406e-07,5.22554e-07
-0.00847299,-0.00836797,-0.0082651,-0.00816433,-0.00806559,-0.00796884,-0.00787402,-0.00778106,-0.00768993,-0.00760057,-0.00751293,-0.00742696,-0.00734263,-0.00725989,-0.00717869,-0.007099,-0.00702078,-0.00694399,-0.00686859,-0.00679455,-0.00672183,-0.00665041,-0.00658024,-0.00651131,-0.00644357,-0.006377,-0.00631157,-0.00624725,-0.00618403,-0.00612186,-0.00606074,-0.00600062,-0.00594149,-0.00588334,-0.00582612,-0.00576983,-0.00571444,-0.00565994,-0.00560629,-0.0055535,-0.00550152,-0.00545035,-0.00539998,-0.00535037,-0.00530153,-0.00525342,-0.00520604,-0.00515936,-0.00511338,-0.00506808,-0.00502345,-0.00497947,-0.00493613,-0.00489342,-0.00485131,-0.00480981,-0.0047689,-0.00472857,-0.0046888,-0.00464959,-0.00461092,-0.00457279,-0.00453518,-0.00449808,-0.00446149,-0.00442539,-0.00438978,-0.00435464,-0.00431997,-0.00428576,-0.004252,-0.00421868,-0.00418579,-0.00415333,-0.00412128,-0.00408965,-0.00405842,-0.00402759,-0.00399714,-0.00396708,-0.00393739,-0.00390807,-0.00387912,-0.00385052,-0.00382227,-0.00379436,-0.00376679,-0.00373956,-0.00371265,-0.00368607,-0.0036598,-0.00363384,-0.00360819,-0.00358283,-0.00355778,-0.00353301,-0.00350853,-0.00348433,-0.00346041,-0.00343677,-0.00341339,-0.00337247,-0.00331435,-0.0032395,-0.00314855,-0.00304223,-0.00292141,-0.00278705,-0.00264022,-0.0024821,-0.00231391,-0.00213694,-0.00195256,-0.00176215,-0.0015671,-0.00136884,-0.00116877,-0.000968291,-0.000768749,-0.00057146,-0.000377682,-0.000188606,-5.34583e-06,0.000171068,0.000339695,0.000499697,0.000650333,0.00079097,0.000921084,0.00104026,0.00114819,0.00124467,0.0013296,0.001403,0.00146496,0.00151567,0.00155541,0.00158453,0.00160345,0.00161266,0.00161269,0.00160413,0.00158759,0.00156373,0.00153322,0.00149673,0.00145496,0.00140858,0.00135827,0.0013047,0.0012485,0.00119029,0.00113064,0.00107012,0.00100922,0.000948426,0.000888167,0.000828832,0.00077077,0.000714283,0.000659635,0.000607047,0.000556698,0.000508732,0.000463257,0.000420344,0.000380037,0.000342348,0.000307264,0.000274751,0.000244752,0.000217195,0.00019199,0.000169039,0.000148231,0.000129449,0.000112573,9.74755e-05,8.40316e-05,7.21151e-05,6.16019e-05,5.23709e-05,4.43051e-05,3.72923e-05,3.12262e-05,2.60062e-05,2.15385e-05,1.7736e-05,1.45183e-05,1.1812e-05,9.55034e-06,7.67301e-06,6.12614e-06,4.8618e-06,3.8377e-06,3.01681e-06,2.36695e-06,1.86032e-06,1.47311e-06,1.18503e-06
-0.00751293,-0.00742696,-0.00734263,-0.00725989,-0.00717869,-0.007099,-0.00702078,-0.00694399,-0.00686859,-0.00679455,-0.00672183,-0.00665041,-0.00658024,-0.00651131,-0.00644357,-0.006377,-0.00631157,-0.00624725,-0.00618403,-0.00612186,-0.00606074,-0.00600062,-0.00594149,-0.00588334,-0.00582612,-0.00576983,-0.00571444,-0.00565994,-0.00560629,-0.0055535,-0.00550152,-0.00545035,-0.00539998,-0.00535037,-0.00530153,-0.00525342,-0.00520604,-0.00515936,-0.00511338,-0.00506808,-0.00502345,-0.00497947,-0.00493613,-0.00489342,-0.00485131,-0.00480981,-0.0047689,-0.00472857,-0.0046888,-0.00464959,-0.00461092,-0.00457279,-0.00453518,-0.00449808,-0.00446149,-0.00442539,-0.00438978,-0.00435464,-0.00431997,-0.00428576,-0.004252,-0.00421868,-0.00418579,-0.00415333,-0.00412128,-0.00408965,-0.00405842,-0.00402759,-0.00399714,-0.00396708,-0.00393739,-0.00390807,-0.00387912,-0.00385052,-0.00382227,-0.00379436,-0.00376679,-0.00373956,-0.00371265,-0.00368607,-0.0036598,-0.00363384,-0.00360819,-0.00358283,-0.00355778,-0.00353301,-0.00350853,-0.00348433,-0.00346041,-0.00343677,-0.00341339,-0.00339027,-0.00336742,-0.00334482,-0.00332247,-0.00330037,-0.00327852,-0.0032569,-0.00323552,-0.00321438,-0.00319346,-0.00315681,-0.00310471,-0.00303758,-0.00295595,-0.00286045,-0.00275183,-0.00263093,-0.00249867,-0.00235606,-0.00220418,-0.00204416,-0.00187716,-0.00170439,-0.0015271,-0.00134651,-0.00116387,-0.000980411,-0.00079733,-0.000615797,-0.000436938,-0.000261823,-9.14613e-05,7.32067e-05,0.000231318,0.00038209,0.000524827,0.000658923,0.000783863,0.000899227,0.00100469,0.00110001,0.00118505,0.00125975,0.00132415,0.00137835,0.00142254,0.00145699,0.00148201,0.00149798,0.00150535,0.00150458,0.00149619,0.00148073,0.00145876,0.00143088,0.00139768,0.00135976,0.00131771,0.00127213,0.0012236,0.00117267,0.00111988,0.00106575,0.00101075,0.000955335,0.000899928,0.000844911,0.00079063,0.000737397,0.000685486,0.000635137,0.000586552,0.000539901,0.000495319,0.000452911,0.000412752,0.00037489,0.000339348,0.000306126,0.000275202,0.000246537,0.000220076,0.00019575,0.000173479,0.000153173,0.000134734,0.000118061,0.000103047,8.95831e-05,7.75616e-05,6.68736e-05,5.74128e-05,4.90753e-05,4.17611e-05,3.53741e-05,2.98233e-05,2.50228e-05,2.08921e-05,1.73563e-05,1.43465e-05,1.17992e-05,9.65663e-06,7.86648e-06,6.38163e-06,5.1599e-06,4.16373e-06,3.35981e-06,2.71872e-06,2.21449e-06
-0.00672183,-0.00665041,-0.00658024,-0.00651131,-0.00644357,-0.006377,-0.00631157,-0.00624725,-0.00618403,-0.00612186,-0.00606074,-0.00600062,-0.00594149,-0.00588334,-0.00582612,-0.00576983,-0.00571444,-0.00565994,-0.00560629,-0.0055535,-0.00550152,-0.00545035,-0.00539998,-0.00535037,-0.00530153,-0.00525342,-0.00520604,-0.00515936,-0.00511338,-0.00506808,-0.00502345,-0.00497947,-0.00493613,-0.00489342,-0.00485131,-0.00480981,-0.0047689,-0.00472857,-0.0046888,-0.00464959,-0.00461092,-0.00457279,-0.00453518,-0.00449808,-0.00446149,-0.00442539,-0.00438978,-0.00435464,-0.00431997,-0.00428576,-0.004252,-0.00421868,-0.00418579,-0.00415333,-0.00412128,-0.00408965,-0.00405842,-0.00402759,-0.00399714,-0.00396708,-0.00393739,-0.00390807,-0.00387912,-0.00385052,-0.00382227,-0.00379436,-0.00376679,-0.00373956,-0.00371265,-0.00368607,-0.0036598,-0.00363384,-0.00360819,-0.00358283,-0.00355778,-0.00353301,-0.00350853,-0.00348433,-0.00346041,-0.00343677,-0.00341339,-0.00339027,-0.00336742,-0.00334482,-0.00332247,-0.00330037,-0.00327852,-0.0032569,-0.00323552,-0.00321438,-0.00319346,-0.00317278,-0.00315231,-0.00313206,-0.00311203,-0.00309221,-0.0030726,-0.0030532,-0.003034,-0.003015,-0.0029962,-0.00296322,-0.0029163,-0.00285582,-0.00278221,-0.00269605,-0.00259798,-0.00248872,-0.00236908,-0.00223994,-0.00210224,-0.00195696,-0.00180513,-0.00164781,-0.00148609,-0.00132106,-0.00115381,-0.000985436,-0.000817009,-0.00064957,-0.00048413,-0.000321654,-0.000163056,-9.1955e-06,0.000139135,0.000281209,0.000416375,0.000544055,0.000663751,0.000775045,0.000877601,0.000971162,0.00105555,0.00113067,0.0011965,0.00125309,0.00130056,0.00133908,0.00136891,0.00139033,0.0014037,0.00140941,0.00140788,0.00139956,0.00138495,0.00136455,0.00133887,0.00130843,0.00127377,0.00123541,0.00119387,0.00114966,0.00110327,0.00105516,0.0010058,0.000955602,0.000904974,0.000854286,0.000803878,0.000754062,0.000705116,0.000657288,0.000610796,0.000565827,0.000522536,0.000481052,0.000441476,0.000403883,0.000368324,0.000334828,0.000303403,0.000274039,0.00024671,0.000221373,0.000197976,0.000176454,0.000156733,0.000138732,0.000122366,0.000107543,9.4171e-05,8.21555e-05,7.14021e-05,6.18171e-05,5.33088e-05,4.57877e-05,3.91677e-05,3.33663e-05,2.83052e-05,2.39102e-05,2.01122e-05,1.68464e-05,1.40529e-05,1.16766e-05,9.66685e-06,7.97745e-06,6.56641e-06,5.39563e-06,4.43062e-06,3.64009e-06
-0.00606074,-0.00600062,-0.00594149,-0.00588334,-0.00582612,-0.00576983,-0.00571444,-0.00565994,-0.00560629,-0.0055535,-0.00550152,-0.00545035,-0.00539998,-0.00535037,-0.00530153,-0.00525342,-0.00520604,-0.00515936,-0.00511338,-0.00506808,-0.00502345,-0.00497947,-0.00493613,-0.00489342,-0.00485131,-0.00480981,-0.0047689,-0.00472857,-0.0046888,-0.00464959,-0.00461092,-0.00457279,-0.00453518,-0.00449808,-0.00446149,-0.00442539,-0.00438978,-0.00435464,-0.00431997,-0.00428576,-0.004252,-0.00421868,-0.00418579,-0.00415333,-0.00412128,-0.00408965,-0.00405842,-0.00402759,-0.00399714,-0.00396708,-0.00393739,-0.00390807,-0.00387912,-0.00385052,-0.00382227,-0.00379436,-0.00376679,-0.00373956,-0.00371265,-0.00368607,-0.0036598,-0.00363384,-0.00360819,-0.00358283,-0.00355778,-0.00353301,-0.00350853,-0.00348433,-0.00346041,-0.00343677,-0.00341339,-0.00339027,-0.00336742,-0.00334482,-0.00332247,-0.00330037,-0.00327852,-0.0032569,-0.00323552,-0.00321438,-0.00319346,-0.00317278,-0.00315231,-0.00313206,-0.00311203,-0.00309221,-0.0030726,-0.0030532,-0.003034,-0.003015,-0.0029962,-0.0029776,-0.00295918,-0.00294096,-0.00292292,-0.00290507,-0.00288739,-0.0028699,-0.00285258,-0.00283544,-0.00281846,-0.00278865,-0.00274623,-0.0026915,-0.00262486,-0.0025468,-0.00245789,-0.00235876,-0.00225012,-0.00213273,-0.00200742,-0.00187505,-0.00173653,-0.00159279,-0.0014448,-0.00129351,-0.00113991,-0.000984965,-0.000829626,-0.000674831,-0.000521489,-0.000370471,-0.000222609,-7.86857e-05,6.05683e-05,0.000194481,0.000322441,0.000443903,0.000558388,0.000665488,0.000764862,0.000856244,0.000939433,0.0010143,0.00108079,0.00113889,0.00118867,0.00123026,0.00126383,0.00128962,0.00130789,0.00131895,0.00132318,0.00132093,0.00131263,0.00129871,0.0012796,0.00125578,0.0012277,0.00119583,0.00116063,0.00112257,0.00108208,0.00103961,0.000995577,0.00095037,0.000904374,0.000857942,0.000811405,0.000765068,0.00071921,0.00067408,0.000629904,0.000586879,0.000545176,0.000504939,0.000466289,0.000429321,0.00039411,0.000360708,0.000329147,0.000299441,0.000271589,0.000245574,0.000221364,0.000198919,0.000178186,0.000159105,0.000141609,0.000125624,0.000111075,9.78807e-05,8.59596e-05,7.52293e-05,6.56075e-05,5.70127e-05,4.93653e-05,4.25878e-05,3.66055e-05,3.13471e-05,2.67444e-05,2.27331e-05,1.92527e-05,1.62466e-05,1.36618e-05,1.14494e-05,9.56382e-06,7.96308e-06,6.60828e-06,5.4634e-06
-0.00550152,-0.00545035,-0.00539998,-0.00535037,-0.00530153,-0.00525342,-0.00520604,-0.00515936,-0.00511338,-0.00506808,-0.00502345,-0.00497947,-0.00493613,-0.00489342,-0.00485131,-0.00480981,-0.0047689,-0.00472857,-0.0046888,-0.00464959,-0.00461092,-0.00457279,-0.00453518,-0.00449808,-0.00446149,-0.00442539,-0.00438978,-0.00435464,-0.00431997,-0.00428576,-0.004252,-0.00421868,-0.00418579,-0.00415333,-0.00412128,-0.00408965,-0.00405842,-0.00402759,-0.00399714,-0.00396708,-0.00393739,-0.00390807,-0.00387912,-0.00385052,-0.00382227,-0.00379436,-0.00376679,-0.00373956,-0.00371265,-0.00368607,-0.0036598,-0.00363384,-0.00360819,-0.00358283,-0.00355778,-0.00353301,-0.00350853,-0.00348433,-0.00346041,-0.00343677,-0.00341339,-0.00339027,-0.00336742,-0.00334482,-0.00332247,-0.00330037,-0.00327852,-0.0032569,-0.00323552,-0.00321438,-0.00319346,-0.00317278,-0.00315231,-0.00313206,-0.00311203,-0.00309221,-0.0030726,-0.0030532,-0.003034,-0.003015,-0.0029962,-0.0029776,-0.00295918,-0.00294096,-0.00292292,-0.00290507,-0.00288739,-0.0028699,-0.00285258,-0.00283544,-0.00281846,-0.00280166,-0.00278502,-0.00276854,-0.00275223,-0.00273608,-0.00272008,-0.00270424,-0.00268856,-0.00267302,-0.00265764,-0.00263059,-0.00259207,-0.00254236,-0.0024818,-0.00241082,-0.00232992,-0.00223965,-0.00214063,-0.00203355,-0.00191912,-0.00179811,-0.00167132,-0.00153958,-0.00140374,-0.00126466,-0.00112321,-0.000980244,-0.000836632,-0.00069321,-0.000550798,-0.000410186,-0.000272129,-0.000137345,-6.50335e-06,0.000119772,0.00024091,0.000356397,0.000465775,0.000568649,0.000664681,0.000753599,0.000835188,0.000909297,0.000975834,0.00103477,0.00108611,0.00112995,0.0011664,0.00119563,0.00121787,0.00123336,0.00124239,0.00124529,0.00124239,0.00123407,0.0012207,0.0012027,0.00118046,0.0011544,0.00112493,0.00109247,0.00105741,0.00102017,0.000981122,0.000940638,0.000899073,0.000856764,0.000814028,0.00077116,0.000728432,0.000686094,0.000644372,0.00060347,0.000563567,0.000524818,0.000487359,0.0004513,0.000416732,0.000383728,0.000352338,0.000322597,0.000294525,0.000268124,0.000243386,0.000220287,0.000198797,0.000178872,0.000160465,0.000143517,0.000127969,0.000113753,0.000100802,8.90438e-05,7.84067e-05,6.88178e-05,6.0205e-05,5.24969e-05,4.56238e-05,3.95178e-05,3.41137e-05,2.93485e-05,2.51623e-05,2.14982e-05,1.83023e-05,1.55236e-05,1.31142e-05,1.1029e-05,9.2255e-06,7.66366e-06
-0.00502345,-0.00497947,-0.00493613,-0.00489342,-0.00485131,-0.00480981,-0.0047689,-0.00472857,-0.0046888,-0.00464959,-0.00461092,-0.00457279,-0.00453518,-0.00449808,-0.00446149,-0.00442539,-0.00438978,-0.00435464,-0.00431997,-0.00428576,-0.004252,-0.00421868,-0.00418579,-0.00415333,-0.00412128,-0.00408965,-0.00405842,-0.00402759,-0.00399714,-0.00396708,-0.00393739,-0.00390807,-0.00387912,-0.00385052,-0.00382227,-0.00379436,-0.00376679,-0.00373956,-0.00371265,-0.00368607,-0.0036598,-0.00363384,-0.00360819,-0.00358283,-0.00355778,-0.00353301,-0.00350853,-0.00348433,-0.00346041,-0.00343677,-0.00341339,-0.00339027,-0.00336742,-0.00334482,-0.00332247,-0.00330037,-0.00327852,-0.0032569,-0.00323552,-0.00321438,-0.00319346,-0.00317278,-0.00315231,-0.00313206,-0.00311203,-0.00309221,-0.0030726,-0.0030532,-0.003034,-0.003015,-0.0029962,-0.0029776,-0.00295918,-0.00294096,-0.00292292,-0.00290507,-0.00288739,-0.0028699,-0.00285258,-0.00283544,-0.00281846,-0.00280166,-0.00278502,-0.00276854,-0.00275223,-0.00273608,-0.00272008,-0.00270424,-0.00268856,-0.00267302,-0.00265764,-0.0026424,-0.0026273,-0.00261235,-0.00259754,-0.00258287,-0.00256834,-0.00255395,-0.00253968,-0.00252555,-0.00251156,-0.00248692,-0.00245183,-0.00240652,-0.00235129,-0.00228652,-0.00221264,-0.00213016,-0.00203962,-0.00194161,-0.00183679,-0.00172582,-0.00160942,-0.00148832,-0.00136328,-0.00123507,-0.00110447,-0.000972246,-0.000839173,-0.00070601,-0.000573497,-0.00044235,-0.00031326,-0.000186882,-6.3833e-05,5.53087e-05,0.000170012,0.000279792,0.000384214,0.000482898,0.000575512,0.000661783,0.000741489,0.000814463,0.000880592,0.000939812,0.000992112,0.00103753,0.00107614,0.00110808,0.00113351,0.00115263,0.00116567,0.0011729,0.00117462,0.00117113,0.00116276,0.00114986,0.00113279,0.00111192,0.00108761,0.00106023,0.00103014,0.00099772,0.000963312,0.00092726,0.000889897,0.000851538,0.000812485,0.000773019,0.000733405,0.000693889,0.000654694,0.000616024,0.000578065,0.000540978,0.000504908,0.000469976,0.000436287,0.000403927,0.000372963,0.000343447,0.000315414,0.000288885,0.000263869,0.000240361,0.000218346,0.000197799,0.000178686,0.000160968,0.000144596,0.000129519,0.00011568,0.000103019,9.14753e-05,8.09842e-05,7.14817e-05,6.29033e-05,5.51849e-05,4.82632e-05,4.20764e-05,3.65641e-05,3.1668e-05,2.73319e-05,2.35017e-05,2.01255e-05,1.71539e-05,1.45396e-05,1.22372e-05,1.02036e-05
-0.00461092,-0.00457279,-0.00453518,-0.00449808,-0.00446149,-0.00442539,-0.00438978,-0.00435464,-0.00431997,-0.00428576,-0.004252,-0.00421868,-0.00418579,-0.00415333,-0.00412128,-0.00408965,-0.00405842,-0.00402759,-0.00399714,-0.00396708,-0.00393739,-0.00390807,-0.00387912,-0.00385052,-0.00382227,-0.00379436,-0.00376679,-0.00373956,-0.00371265,-0.00368607,-0.0036598,-0.00363384,-0.00360819,-0.00358283,-0.00355778,-0.00353301,-0.00350853,-0.00348433,-0.00346041,-0.00343677,-0.00341339,-0.00339027,-0.00336742,-0.00334482,-0.00332247,-0.00330037,-0.00327852,-0.0032569,-0.00323552,-0.00321438,-0.00319346,-0.00317278,-0.00315231,-0.00313206,-0.00311203,-0.00309221,-0.0030726,-0.0030532,-0.003034,-0.003015,-0.0029962,-0.0029776,-0.00295918,-0.00294096,-0.00292292,-0.00290507,-0.00288739,-0.0028699,-0.00285258,-0.00283544,-0.00281846,-0.00280166,-0.00278502,-0.00276854,-0.00275223,-0.00273608,-0.00272008,-0.00270424,-0.00268856,-0.00267302,-0.00265764,-0.0026424,-0.0026273,-0.00261235,-0.00259754,-0.00258287,-0.00256834,-0.00255395,-0.00253968,-0.00252555,-0.00251156,-0.00249769,-0.00248394,-0.00247033,-0.00245683,-0.00244346,-0.00243021,-0.00241708,-0.00240407,-0.00239117,-0.00237839,-0.00235589,-0.0023238,-0.00228236,-0.00223182,-0.00217253,-0.00210486,-0.00202926,-0.0019462,-0.00185624,-0.00175992,-0.00165786,-0.00155069,-0.00143907,-0.00132368,-0.00120519,-0.00108431,-0.000961738,-0.000838165,-0.000714279,-0.000590749,-0.00046823,-0.000347349,-0.000228708,-0.000112877,-3.89223e-07,0.000108259,0.000212612,0.000312259,0.000406834,0.000496017,0.000579536,0.000657165,0.000728728,0.000794095,0.000853183,0.000905954,0.000952414,0.000992611,0.00102663,0.0010546,0.00107667,0.00109304,0.00110392,0.00110957,0.00111023,0.0011062,0.00109778,0.00108529,0.00106903,0.00104934,0.00102655,0.001001,0.000973,0.000942885,0.00091097,0.00087756,0.000842953,0.000807431,0.000771264,0.000734705,0.000697991,0.000661343,0.000624963,0.000589036,0.000553729,0.000519189,0.000485549,0.000452922,0.000421402,0.000391072,0.000361995,0.000334221,0.000307785,0.00028271,0.000259008,0.000236678,0.00021571,0.000196085,0.000177776,0.000160749,0.000144966,0.00013038,0.000116944,0.000104606,9.33112e-05,8.30031e-05,7.36243e-05,6.51169e-05,5.74228e-05,5.04842e-05,4.42441e-05,3.86463e-05,3.36362e-05,2.91603e-05,2.51668e-05,2.16054e-05,1.84275e-05,1.55859e-05,1.30348e-05
-0.004252,-0.00421868,-0.00418579,-0.00415333,-0.00412128,-0.00408965,-0.00405842,-0.00402759,-0.00399714,-0.00396708,-0.00393739,-0.00390807,-0.00387912,-0.00385052,-0.00382227,-0.00379436,-0.00376679,-0.00373956,-0.00371265,-0.00368607,-0.0036598,-0.00363384,-0.00360819,-0.00358283,-0.00355778,-0.00353301,-0.00350853,-0.00348433,-0.00346041,-0.00343677,-0.00341339,-0.00339027,-0.00336742,-0.00334482,-0.00332247,-0.00330037,-0.00327852,-0.0032569,-0.00323552,-0.00321438,-0.00319346,-0.00317278,-0.00315231,-0.00313206,-0.00311203,-0.00309221,-0.0030726,-0.0030532,-0.003034,-0.003015,-0.0029962,-0.0029776,-0.00295918,-0.00294096,-0.00292292,-0.00290507,-0.00288739,-0.0028699,-0.00285258,-0.00283544,-0.00281846,-0.00280166,-0.00278502,-0.00276854,-0.00275223,-0.00273608,-0.00272008,-0.00270424,-0.00268856,-0.00267302,-0.00265764,-0.0026424,-0.0026273,-0.00261235,-0.00259754,-0.00258287,-0.00256834,-0.00255395,-0.00253968,-0.00252555,-0.00251156,-0.00249769,-0.00248394,-0.00247033,-0.00245683,-0.00244346,-0.00243021,-0.00241708,-0.00240407,-0.00239117,-0.00237839,-0.00236572,-0.00235317,-0.00234072,-0.00232839,-0.00231616,-0.00230404,-0.00229203,-0.00228011,-0.00226831,-0.0022566,-0.00223597,-0.00220655,-0.00216853,-0.00212214,-0.0020677,-0.00200553,-0.00193602,-0.00185962,-0.0017768,-0.00168806,-0.00159394,-0.00149501,-0.00139186,-0.00128509,-0.00117533,-0.0010632,-0.000949325,-0.000834339,-0.000718863,-0.000603505,-0.000488862,-0.000375508,-0.000263995,-0.000154849,-4.8565e-05,5.43952e-05,0.000153605,0.000248675,0.000339256,0.000425038,0.000505756,0.000581182,0.000651136,0.000715475,0.000774103,0.00082696,0.000874028,0.000915328,0.000950914,0.000980877,0.00100534,0.00102445,0.0010384,0.00104737,0.00105161,0.00105134,0.00104684,0.00103837,0.00102621,0.00101066,0.000992018,0.000970571,0.000946622,0.000920463,0.000892387,0.000862678,0.000831609,0.000799448,0.000766448,0.000732852,0.000698886,0.000664766,0.000630689,0.000596839,0.000563383,0.000530472,0.000498242,0.000466812,0.000436287,0.000406756,0.000378293,0.00035096,0.000324804,0.00029986,0.000276152,0.000253692,0.000232483,0.000212519,0.000193786,0.000176263,0.00015992,0.000144725,0.000130638,0.000117619,0.00010562,9.45943e-05,8.44907e-05,7.52576e-05,6.68423e-05,5.91917e-05,5.22523e-05,4.5971e-05,4.02951e-05,3.51726e-05,3.05524e-05,2.6384e-05,2.26184e-05,1.9207e-05,1.61027e-05
-0.00393739,-0.00390807,-0.00387912,-0.00385052,-0.00382227,-0.00379436,-0.00376679,-0.00373956,-0.00371265,-0.00368607,-0.0036598,-0.00363384,-0.00360819,-0.00358283,-0.00355778,-0.00353301,-0.00350853,-0.00348433,-0.00346041,-0.00343677,-0.00341339,-0.00339027,-0.00336742,-0.00334482,-0.00332247,-0.00330037,-0.00327852,-0.0032569,-0.00323552,-0.00321438,-0.00319346,-0.00317278,-0.00315231,-0.00313206,-0.00311203,-0.00309221,-0.0030726,-0.0030532,-0.003034,-0.003015,-0.0029962,-0.0029776,-0.00295918,-0.00294096,-0.00292292,-0.00290507,-0.00288739,-0.0028699,-0.00285258,-0.00283544,-0.00281846,-0.00280166,-0.00278502,-0.00276854,-0.00275223,-0.00273608,-0.00272008,-0.00270424,-0.00268856,-0.00267302,-0.00265764,-0.0026424,-0.0026273,-0.00261235,-0.00259754,-0.00258287,-0.00256834,-0.00255395,-0.00253968,-0.00252555,-0.00251156,-0.00249769,-0.00248394,-0.00247033,-0.00245683,-0.00244346,-0.00243021,-0.00241708,-0.00240407,-0.00239117,-0.00237839,-0.00236572,-0.00235317,-0.00234072,-0.00232839,-0.00231616,-0.00230404,-0.00229203,-0.00228011,-0.00226831,-0.0022566,-0.00224499,-0.00223349,-0.00222208,-0.00221077,-0.00219955,-0.00218843,-0.0021774,-0.00216646,-0.00215562,-0.00214487,-0.0021259,-0.00209884,-0.00206386,-0.00202117,-0.00197103,-0.00191375,-0.00184968,-0.00177921,-0.00170276,-0.00162078,-0.00153376,-0.00144221,-0.00134666,-0.00124765,-0.00114574,-0.00104149,-0.000935486,-0.000828282,-0.000720448,-0.00061254,-0.000505101,-0.000398658,-0.000293719,-0.000190768,-9.02655e-05,7.3586e-06,0.000101704,0.000192404,0.000279125,0.000361571,0.00043948,0.000512631,0.000580837,0.000643952,0.000701866,0.000754504,0.00080183,0.00084384,0.000880566,0.000912069,0.000938442,0.000959803,0.000976298,0.000988096,0.000995385,0.000998375,0.000997287,0.000992361,0.000983844,0.000971994,0.000957073,0.000939349,0.00091909,0.000896564,0.000872039,0.000845774,0.000818025,0.000789041,0.000759061,0.000728313,0.000697016,0.000665374,0.000633582,0.000601818,0.000570249,0.000539025,0.000508286,0.000478154,0.000448738,0.000420135,0.000392428,0.000365685,0.000339963,0.000315309,0.000291756,0.000269327,0.000248038,0.000227892,0.000208886,0.000191009,0.000174244,0.000158568,0.00014395,0.000130359,0.000117756,0.0001061,9.53496e-05,8.54578e-05,7.63778e-05,6.8061e-05,6.04581e-05,5.35192e-05,4.71943e-05,4.14332e-05,3.6186e-05,3.14031e-05,2.70353e-05,2.30338e-05,1.93505e-05
-0.0036598,-0.00363384,-0.00360819,-0.00358283,-0.00355778,-0.00353301,-0.00350853,-0.00348433,-0.00346041,-0.00343677,-0.00341339,-0.00339027,-0.00336742,-0.00334482,-0.00332247,-0.00330037,-0.00327852,-0.0032569,-0.00323552,-0.00321438,-0.00319346,-0.00317278,-0.00315231,-0.00313206,-0.00311203,-0.00309221,-0.0030726,-0.0030532,-0.003034,-0.003015,-0.0029962,-0.0029776,-0.00295918,-0.00294096,-0.00292292,-0.00290507,-0.00288739,-0.0028699,-0.00285258,-0.00283544,-0.00281846,-0.00280166,-0.00278502,-0.00276854,-0.00275223,-0.00273608,-0.00272008,-0.00270424,-0.00268856,-0.00267302,-0.00265764,-0.0026424,-0.0026273,-0.00261235,-0.00259754,-0.00258287,-0.00256834,-0.00255395,-0.00253968,-0.00252555,-0.00251156,-0.00249769,-0.00248394,-0.00247033,-0.00245683,-0.00244346,-0.00243021,-0.00241708,-0.00240407,-0.00239117,-0.00237839,-0.00236572,-0.00235317,-0.00234072,-0.00232839,-0.00231616,-0.00230404,-0.00229203,-0.00228011,-0.00226831,-0.0022566,-0.00224499,-0.00223349,-0.00222208,-0.00221077,-0.00219955,-0.00218843,-0.0021774,-0.00216646,-0.00215562,-0.00214487,-0.0021342,-0.00212362,-0.00211313,-0.00210273,-0.00209241,-0.00208218,-0.00207202,-0.00206196,-0.00205197,-0.00204206,-0.00202458,-0.00199962,-0.00196735,-0.00192795,-0.00188166,-0.00182875,-0.00176954,-0.00170437,-0.00163362,-0.00155771,-0.00147707,-0.00139215,-0.00130343,-0.00121141,-0.00111659,-0.00101948,-0.000920601,-0.000820469,-0.000719597,-0.000618493,-0.000517655,-0.000417567,-0.000318696,-0.00022149,-0.000126376,-3.37547e-05,5.59987e-05,0.000142538,0.000225547,0.000304741,0.000379868,0.000450709,0.000517079,0.000578825,0.00063583,0.000688009,0.00073531,0.000777712,0.000815225,0.000847887,0.000875765,0.000898951,0.000917563,0.000931738,0.000941636,0.000947433,0.000949322,0.000947509,0.000942212,0.000933657,0.00092208,0.00090772,0.000890818,0.000871619,0.000850364,0.000827295,0.000802647,0.000776651,0.000749532,0.000721505,0.000692777,0.000663544,0.000633993,0.000604298,0.000574622,0.000545115,0.000515915,0.000487147,0.000458925,0.000431348,0.000404505,0.000378471,0.000353312,0.00032908,0.000305819,0.00028356,0.000262328,0.000242137,0.000222993,0.000204894,0.000187832,0.000171793,0.000156756,0.000142696,0.000129585,0.000117387,0.000106067,9.55845e-05,8.58987e-05,7.69656e-05,6.874e-05,6.11756e-05,5.42252e-05,4.7841e-05,4.19748e-05,3.65783e-05,3.16029e-05,2.70001e-05,2.27216e-05
-0.00341339,-0.00339027,-0.00336742,-0.00334482,-0.00332247,-0.00330037,-0.00327852,-0.0032569,-0.00323552,-0.00321438,-0.00319346,-0.00317278,-0.00315231,-0.00313206,-0.00311203,-0.00309221,-0.0030726,-0.0030532,-0.003034,-0.003015,-0.0029962,-0.0029776,-0.00295918,-0.00294096,-0.00292292,-0.00290507,-0.00288739,-0.0028699,-0.00285258,-0.00283544,-0.00281846,-0.00280166,-0.00278502,-0.00276854,-0.00275223,-0.00273608,-0.00272008,-0.00270424,-0.00268856,-0.00267302,-0.00265764,-0.0026424,-0.0026273,-0.00261235,-0.00259754,-0.00258287,-0.00256834,-0.00255395,-0.00253968,-0.00252555,-0.00251156,-0.00249769,-0.00248394,-0.00247033,-0.00245683,-0.00244346,-0.00243021,-0.00241708,-0.00240407,-0.00239117,-0.00237839,-0.00236572,-0.00235317,-0.00234072,-0.00232839,-0.00231616,-0.00230404,-0.00229203,-0.00228011,-0.00226831,-0.0022566,-0.00224499,-0.00223349,-0.00222208,-0.00221077,-0.00219955,-0.00218843,-0.0021774,-0.00216646,-0.00215562,-0.00214487,-0.0021342,-0.00212362,-0.00211313,-0.00210273,-0.00209241,-0.00208218,-0.00207202,-0.00206196,-0.00205197,-0.00204206,-0.00203223,-0.00202248,-0.00201281,-0.00200322,-0.0019937,-0.00198426,-0.00197489,-0.00196559,-0.00195637,-0.00194722,-0.00193106,-0.00190799,-0.00187814,-0.00184169,-0.00179884,-0.00174985,-0.00169499,-0.00163458,-0.00156897,-0.00149851,-0.0014236,-0.00134466,-0.00126211,-0.00117641,-0.00108801,-0.000997375,-0.000904975,-0.000811282,-0.000716765,-0.00062189,-0.000527111,-0.000432875,-0.000339612,-0.000247738,-0.000157647,-6.97149e-05,1.57079e-05,9.82948e-05,0.000177746,0.00025379,0.000326182,0.00039471,0.000459189,0.000519465,0.000575417,0.000626949,0.000673999,0.000716531,0.000754538,0.00078804,0.000817083,0.000841735,0.000862089,0.000878258,0.000890374,0.000898587,0.000903062,0.000903978,0.000901526,0.000895906,0.000887325,0.000875998,0.000862143,0.000845981,0.000827733,0.000807619,0.000785857,0.00076266,0.000738239,0.000712796,0.000686525,0.000659615,0.000632244,0.000604579,0.00057678,0.000548994,0.000521357,0.000493995,0.000467023,0.000440543,0.000414647,0.000389416,0.00036492,0.00034122,0.000318364,0.000296393,0.000275337,0.00025522,0.000236056,0.00021785,0.000200604,0.000184311,0.000168958,0.000154527,0.000140997,0.00012834,0.000116526,0.000105521,9.52899e-05,8.57925e-05,7.69883e-05,6.88347e-05,6.12876e-05,5.4302e-05,4.78317e-05,4.18301e-05,3.62499e-05,3.10433e-05,2.61624e-05
-0.00319346,-0.00317278,-0.00315231,-0.00313206,-0.00311203,-0.00309221,-0.0030726,-0.0030532,-0.003034,-0.003015,-0.0029962,-0.0029776,-0.00295918,-0.00294096,-0.00292292,-0.00290507,-0.00288739,-0.0028699,-0.00285258,-0.00283544,-0.00281846,-0.00280166,-0.00278502,-0.00276854,-0.00275223,-0.00273608,-0.00272008,-0.00270424,-0.00268856,-0.00267302,-0.00265764,-0.0026424,-0.0026273,-0.00261235,-0.00259754,-0.00258287,-0.00256834,-0.00255395,-0.00253968,-0.00252555,-0.00251156,-0.00249769,-0.00248394,-0.00247033,-0.00245683,-0.00244346,-0.00243021,-0.00241708,-0.00240407,-0.00239117,-0.00237839,-0.00236572,-0.00235317,-0.00234072,-0.00232839,-0.00231616,-0.00230404,-0.00229203,-0.00228011,-0.00226831,-0.0022566,-0.00224499,-0.00223349,-0.00222208,-0.00221077,-0.00219955,-0.00218843,-0.0021774,-0.00216646,-0.00215562,-0.00214487,-0.0021342,-0.00212362,-0.00211313,-0.00210273,-0.00209241,-0.00208218,-0.00207202,-0.00206196,-0.00205197,-0.00204206,-0.00203223,-0.00202248,-0.00201281,-0.00200322,-0.0019937,-0.00198426,-0.00197489,-0.00196559,-0.00195637,-0.00194722,-0.00193814,-0.00192913,-0.00192019,-0.00191132,-0.00190252,-0.00189378,-0.00188511,-0.00187651,-0.00186797,-0.0018595,-0.00184453,-0.00182315,-0.00179548,-0.00176167,-0.00172192,-0.00167645,-0.00162551,-0.00156939,-0.0015084,-0.00144286,-0.00137313,-0.0012996,-0.00122264,-0.00114267,-0.00106009,-0.000975343,-0.000888846,-0.000801032,-0.00071233,-0.000623166,-0.00053396,-0.000445121,-0.000357048,-0.000270125,-0.00018472,-0.000101181,-1.98393e-05,5.8999e-05,0.000135049,0.000208053,0.000277775,0.000344008,0.000406571,0.000465311,0.000520101,0.000570842,0.00061746,0.000659911,0.000698172,0.000732248,0.000762167,0.000787978,0.000809753,0.000827584,0.000841579,0.000851864,0.000858582,0.000861886,0.000861943,0.000858929,0.000853029,0.000844433,0.000833339,0.000819945,0.000804453,0.000787065,0.000767979,0.000747396,0.000725509,0.000702508,0.000678577,0.000653893,0.000628626,0.000602938,0.000576981,0.000550901,0.00052483,0.000498893,0.000473205,0.00044787,0.000422982,0.000398624,0.000374872,0.00035179,0.000329432,0.000307846,0.000287068,0.000267127,0.000248045,0.000229836,0.000212506,0.000196056,0.00018048,0.000165768,0.000151903,0.000138865,0.00012663,0.000115169,0.000104452,9.44429e-05,8.51062e-05,7.64028e-05,6.8292e-05,6.07315e-05,5.36778e-05,4.70861e-05,4.09108e-05,3.51055e-05,2.96233e-05
-0.0029962,-0.0029776,-0.00295918,-0.00294096,-0.00292292,-0.00290507,-0.00288739,-0.0028699,-0.00285258,-0.00283544,-0.00281846,-0.00280166,-0.00278502,-0.00276854,-0.00275223,-0.00273608,-0.00272008,-0.00270424,-0.00268856,-0.00267302,-0.00265764,-0.0026424,-0.0026273,-0.00261235,-0.00259754,-0.00258287,-0.00256834,-0.00255395,-0.00253968,-0.00252555,-0.00251156,-0.00249769,-0.00248394,-0.00247033,-0.00245683,-0.00244346,-0.00243021,-0.00241708,-0.00240407,-0.00239117,-0.00237839,-0.00236572,-0.00235317,-0.00234072,-0.00232839,-0.00231616,-0.00230404,-0.00229203,-0.00228011,-0.00226831,-0.0022566,-0.00224499,-0.00223349,-0.00222208,-0.00221077,-0.00219955,-0.00218843,-0.0021774,-0.00216646,-0.00215562,-0.00214487,-0.0021342,-0.00212362,-0.00211313,-0.00210273,-0.00209241,-0.00208218,-0.00207202,-0.00206196,-0.00205197,-0.00204206,-0.00203223,-0.00202248,-0.00201281,-0.00200322,-0.0019937,-0.00198426,-0.00197489,-0.00196559,-0.00195637,-0.00194722,-0.00193814,-0.00192913,-0.00192019,-0.00191132,-0.00190252,-0.00189378,-0.00188511,-0.00187651,-0.00186797,-0.0018595,-0.00185109,-0.00184274,-0.00183446,-0.00182624,-0.00181808,-0.00180998,-0.00180194,-0.00179396,-0.00178604,-0.00177818,-0.00176428,-0.00174442,-0.00171871,-0.00168729,-0.00165033,-0.00160804,-0.00156064,-0.00150839,-0.00145157,-0.00139048,-0.00132545,-0.00125682,-0.00118493,-0.00111016,-0.0010329,-0.000953514,-0.000872407,-0.000789972,-0.000706601,-0.000622686,-0.000538612,-0.000454758,-0.000371493,-0.000289173,-0.000208139,-0.000128719,-5.1221e-05,2.40658e-05,9.68722e-05,0.000166951,0.000234079,0.000298053,0.000358698,0.00041586,0.000469412,0.00051925,0.000565295,0.000607491,0.000645808,0.000680236,0.000710788,0.000737497,0.000760419,0.000779623,0.000795202,0.000807259,0.000815915,0.000821304,0.00082357,0.000822869,0.000819363,0.000813223,0.000804626,0.00079375,0.00078078,0.000765899,0.000749292,0.00073114,0.000711625,0.000690924,0.000669209,0.000646647,0.000623401,0.000599624,0.000575463,0.000551058,0.00052654,0.00050203,0.000477642,0.000453481,0.000429641,0.000406208,0.00038326,0.000360864,0.00033908,0.000317958,0.000297541,0.000277863,0.000258952,0.000240827,0.000223501,0.00020698,0.000191266,0.000176353,0.000162232,0.000148887,0.000136299,0.000124446,0.0001133,0.000102832,9.30101e-05,8.37983e-05,7.51596e-05,6.70548e-05,5.94429e-05,5.22816e-05,4.55272e-05,3.91351e-05,3.30597e-05
-0.00281846,-0.00280166,-0.00278502,-0.00276854,-0.00275223,-0.00273608,-0.00272008,-0.00270424,-0.00268856,-0.00267302,-0.00265764,-0.0026424,-0.0026273,-0.00261235,-0.00259754,-0.00258287,-0.00256834,-0.00255395,-0.00253968,-0.00252555,-0.00251156,-0.00249769,-0.00248394,-0.00247033,-0.00245683,-0.00244346,-0.00243021,-0.00241708,-0.00240407,-0.00239117,-0.00237839,-0.00236572,-0.00235317,-0.00234072,-0.00232839,-0.00231616,-0.00230404,-0.00229203,-0.00228011,-0.00226831,-0.0022566,-0.00224499,-0.00223349,-0.00222208,-0.00221077,-0.00219955,-0.00218843,-0.0021774,-0.00216646,-0.00215562,-0.00214487,-0.0021342,-0.00212362,-0.00211313,-0.00210273,-0.00209241,-0.00208218,-0.00207202,-0.00206196,-0.00205197,-0.00204206,-0.00203223,-0.00202248,-0.00201281,-0.00200322,-0.0019937,-0.00198426,-0.00197489,-0.00196559,-0.00195637,-0.00194722,-0.00193814,-0.00192913,-0.00192019,-0.00191132,-0.00190252,-0.00189378,-0.00188511,-0.00187651,-0.00186797,-0.0018595,-0.00185109,-0.00184274,-0.00183446,-0.00182624,-0.00181808,-0.00180998,-0.00180194,-0.00179396,-0.00178604,-0.00177818,-0.00177037,-0.00176262,-0.00175493,-0.00174729,-0.00173971,-0.00173219,-0.00172471,-0.0017173,-0.00170993,-0.00170262,-0.00168968,-0.0016712,-0.00164726,-0.00161799,-0.00158356,-0.00154414,-0.00149995,-0.00145121,-0.00139818,-0.00134113,-0.00128036,-0.00121618,-0.00114891,-0.00107889,-0.00100646,-0.000931984,-0.000855812,-0.000778308,-0.000699833,-0.000620749,-0.000541411,-0.000462169,-0.000383363,-0.000305326,-0.000228375,-0.000152816,-7.89372e-05,-7.01256e-06,6.27042e-05,0.000129978,0.000194593,0.000256357,0.000315097,0.000370662,0.000422923,0.000471776,0.000517136,0.000558941,0.00059715,0.000631745,0.000662725,0.000690111,0.000713941,0.000734272,0.000751176,0.000764741,0.000775069,0.000782274,0.000786481,0.000787828,0.000786457,0.000782522,0.000776179,0.000767591,0.000756925,0.000744347,0.000730027,0.000714133,0.000696832,0.000678289,0.000658666,0.00063812,0.000616804,0.000594864,0.000572442,0.000549671,0.000526678,0.000503583,0.000480497,0.000457522,0.000434755,0.000412282,0.000390181,0.000368523,0.000347371,0.000326777,0.00030679,0.000287447,0.000268781,0.000250816,0.000233571,0.000217056,0.000201278,0.000186238,0.000171931,0.000158346,0.000145469,0.000133283,0.000121766,0.000110891,0.00010063,9.09521e-05,8.18233e-05,7.32074e-05,6.50663e-05,5.73603e-05,5.0048e-05,4.30866e-05,3.64325e-05
-0.00265764,-0.0026424,-0.0026273,-0.00261235,-0.00259754,-0.00258287,-0.00256834,-0.00255395,-0.00253968,-0.00252555,-0.00251156,-0.00249769,-0.00248394,-0.00247033,-0.00245683,-0.00244346,-0.00243021,-0.00241708,-0.00240407,-0.00239117,-0.00237839,-0.00236572,-0.00235317,-0.00234072,-0.00232839,-0.00231616,-0.00230404,-0.00229203,-0.00228011,-0.00226831,-0.0022566,-0.00224499,-0.00223349,-0.00222208,-0.00221077,-0.00219955,-0.00218843,-0.0021774,-0.00216646,-0.00215562,-0.00214487,-0.0021342,-0.00212362,-0.00211313,-0.00210273,-0.00209241,-0.00208218,-0.00207202,-0.00206196,-0.00205197,-0.00204206,-0.00203223,-0.00202248,-0.00201281,-0.00200322,-0.0019937,-0.00198426,-0.00197489,-0.00196559,-0.00195637,-0.00194722,-0.00193814,-0.00192913,-0.00192019,-0.00191132,-0.00190252,-0.00189378,-0.00188511,-0.00187651,-0.00186797,-0.0018595,-0.00185109,-0.00184274,-0.00183446,-0.00182624,-0.00181808,-0.00180998,-0.00180194,-0.00179396,-0.00178604,-0.00177818,-0.00177037,-0.00176262,-0.00175493,-0.00174729,-0.00173971,-0.00173219,-0.00172471,-0.0017173,-0.00170993,-0.00170262,-0.00169536,-0.00168815,-0.00168099,-0.00167388,-0.00166682,-0.00165981,-0.00165285,-0.00164594,-0.00163908,-0.00163226,-0.0016202,-0.00160296,-0.00158063,-0.00155332,-0.00152117,-0.00148436,-0.00144308,-0.00139752,-0.00134794,-0.00129457,-0.00123768,-0.00117756,-0.0011145,-0.00104881,-0.000980814,-0.000910826,-0.00083918,-0.000766206,-0.000692239,-0.00061761,-0.000542649,-0.000467678,-0.000393014,-0.000318965,-0.000245829,-0.000173891,-0.000103421,-3.46778e-05,3.20994e-05,9.66867e-05,0.000158879,0.000218489,0.000275349,0.000329313,0.000380252,0.000428059,0.000472648,0.00051395,0.00055192,0.000586527,0.000617763,0.000645637,0.000670174,0.000691417,0.000709423,0.000724265,0.000736028,0.000744809,0.000750719,0.000753876,0.000754407,0.000752447,0.000748138,0.000741625,0.000733059,0.000722593,0.000710381,0.000696578,0.000681339,0.000664817,0.000647162,0.000628523,0.000609043,0.000588862,0.000568114,0.000546927,0.000525423,0.000503719,0.000481922,0.000460134,0.000438451,0.000416957,0.000395734,0.000374851,0.000354375,0.00033436,0.000314858,0.000295909,0.00027755,0.00025981,0.00024271,0.000226268,0.000210493,0.000195391,0.000180961,0.000167198,0.000154092,0.00014163,0.000129793,0.000118561,0.000107908,9.78067e-05,8.82268e-05,7.91352e-05,7.04968e-05,6.22745e-05,5.44295e-05,4.69213e-05,3.97084e-05
-0.00251156,-0.00249769,-0.00248394,-0.00247033,-0.00245683,-0.00244346,-0.00243021,-0.00241708,-0.00240407,-0.00239117,-0.00237839,-0.00236572,-0.00235317,-0.00234072,-0.00232839,-0.00231616,-0.00230404,-0.00229203,-0.00228011,-0.00226831,-0.0022566,-0.00224499,-0.00223349,-0.00222208,-0.00221077,-0.00219955,-0.00218843,-0.0021774,-0.00216646,-0.00215562,-0.00214487,-0.0021342,-0.00212362,-0.00211313,-0.00210273,-0.00209241,-0.00208218,-0.00207202,-0.00206196,-0.00205197,-0.00204206,-0.00203223,-0.00202248,-0.00201281,-0.00200322,-0.0019937,-0.00198426,-0.00197489,-0.00196559,-0.00195637,-0.00194722,-0.00193814,-0.00192913,-0.00192019,-0.00191132,-0.00190252,-0.00189378,-0.00188511,-0.00187651,-0.00186797,-0.0018595,-0.00185109,-0.00184274,-0.00183446,-0.00182624,-0.00181808,-0.00180998,-0.00180194,-0.00179396,-0.00178604,-0.00177818,-0.00177037,-0.00176262,-0.00175493,-0.00174729,-0.00173971,-0.00173219,-0.00172471,-0.0017173,-0.00170993,-0.00170262,-0.00169536,-0.00168815,-0.00168099,-0.00167388,-0.00166682,-0.00165981,-0.00165285,-0.00164594,-0.00163908,-0.00163226,-0.00162549,-0.00161877,-0.0016121,-0.00160547,-0.00159888,-0.00159234,-0.00158585,-0.0015794,-0.00157299,-0.00156663,-0.00155536,-0.00153925,-0.00151837,-0.00149284,-0.00146278,-0.00142834,-0.0013897,-0.00134705,-0.0013006,-0.00125058,-0.00119724,-0.00114083,-0.00108162,-0.0010199,-0.000955961,-0.000890095,-0.000822608,-0.000753805,-0.000683993,-0.00061348,-0.000542568,-0.00047156,-0.000400748,-0.000330419,-0.00026085,-0.000192309,-0.00012505,-5.93154e-05,4.66742e-06,6.66862e-05,0.000126545,0.000184064,0.000239081,0.000291453,0.000341053,0.000387773,0.000431525,0.000472238,0.000509859,0.000544352,0.000575699,0.0006039,0.00062897,0.000650939,0.000669853,0.000685768,0.000698759,0.000708906,0.000716305,0.000721059,0.000723281,0.000723089,0.000720611,0.000715978,0.000709325,0.000700792,0.000690519,0.00067865,0.000665326,0.00065069,0.000634883,0.000618043,0.000600304,0.000581799,0.000562656,0.000542996,0.000522937,0.00050259,0.000482062,0.000461451,0.00044085,0.000420346,0.000400017,0.000379935,0.000360166,0.000340768,0.000321794,0.000303287,0.000285286,0.000267824,0.000250927,0.000234613,0.000218899,0.000203792,0.000189296,0.000175411,0.000162131,0.000149445,0.00013734,0.000125798,0.000114798,0.000104316,9.43246e-05,8.4794e-05,7.56921e-05,6.69846e-05,5.86355e-05,5.06067e-05,4.28591e-05
-0.00237839,-0.00236572,-0.00235317,-0.00234072,-0.00232839,-0.00231616,-0.00230404,-0.00229203,-0.00228011,-0.00226831,-0.0022566,-0.00224499,-0.00223349,-0.00222208,-0.00221077,-0.00219955,-0.00218843,-0.0021774,-0.00216646,-0.00215562,-0.00214487,-0.0021342,-0.00212362,-0.00211313,-0.00210273,-0.00209241,-0.00208218,-0.00207202,-0.00206196,-0.00205197,-0.00204206,-0.00203223,-0.00202248,-0.00201281,-0.00200322,-0.0019937,-0.00198426,-0.00197489,-0.00196559,-0.00195637,-0.00194722,-0.00193814,-0.00192913,-0.00192019,-0.00191132,-0.00190252,-0.00189378,-0.00188511,-0.00187651,-0.00186797,-0.0018595,-0.00185109,-0.00184274,-0.00183446,-0.00182624,-0.00181808,-0.00180998,-0.00180194,-0.00179396,-0.00178604,-0.00177818,-0.00177037,-0.00176262,-0.00175493,-0.00174729,-0.00173971,-0.00173219,-0.00172471,-0.0017173,-0.00170993,-0.00170262,-0.00169536,-0.00168815,-0.00168099,-0.00167388,-0.00166682,-0.00165981,-0.00165285,-0.00164594,-0.00163908,-0.00163226,-0.00162549,-0.00161877,-0.0016121,-0.00160547,-0.00159888,-0.00159234,-0.00158585,-0.0015794,-0.00157299,-0.00156663,-0.0015603,-0.00155403,-0.00154779,-0.00154159,-0.00153544,-0.00152933,-0.00152325,-0.00151722,-0.00151123,-0.00150527,-0.00149473,-0.00147965,-0.0014601,-0.00143618,-0.00140802,-0.00137575,-0.00133953,-0.00129953,-0.00125594,-0.00120899,-0.00115888,-0.00110587,-0.0010502,-0.000992117,-0.000931904,-0.000869829,-0.000806171,-0.000741214,-0.000675241,-0.000608535,-0.000541379,-0.000474051,-0.000406824,-0.000339967,-0.000273737,-0.000208385,-0.000144151,-8.12625e-05,-1.99345e-05,3.96313e-05,9.72477e-05,0.000152742,0.000205959,0.000256758,0.000305014,0.000350622,0.000393489,0.000433544,0.000470728,0.000505001,0.000536339,0.000564732,0.000590186,0.000612721,0.000632372,0.000649184,0.000663218,0.000674544,0.000683242,0.000689403,0.000693125,0.000694513,0.000693682,0.000690748,0.000685835,0.000679069,0.000670578,0.000660494,0.000648947,0.000636069,0.000621991,0.000606842,0.00059075,0.000573837,0.000556226,0.000538032,0.000519367,0.000500339,0.000481051,0.000461598,0.00044207,0.000422554,0.000403126,0.000383859,0.000364819,0.000346066,0.000327652,0.000309624,0.000292023,0.000274884,0.000258235,0.0002421,0.000226495,0.000211435,0.000196924,0.000182968,0.000169562,0.000156701,0.000144375,0.000132569,0.000121266,0.000110444,0.000100081,9.01484e-05,8.06182e-05,7.14587e-05,6.26366e-05,5.41166e-05,4.58619e-05
-0.0022566,-0.00224499,-0.00223349,-0.00222208,-0.00221077,-0.00219955,-0.00218843,-0.0021774,-0.00216646,-0.00215562,-0.00214487,-0.0021342,-0.00212362,-0.00211313,-0.00210273,-0.00209241,-0.00208218,-0.00207202,-0.00206196,-0.00205197,-0.00204206,-0.00203223,-0.00202248,-0.00201281,-0.00200322,-0.0019937,-0.00198426,-0.00197489,-0.00196559,-0.00195637,-0.00194722,-0.00193814,-0.00192913,-0.00192019,-0.00191132,-0.00190252,-0.00189378,-0.00188511,-0.00187651,-0.00186797,-0.0018595,-0.00185109,-0.00184274,-0.00183446,-0.00182624,-0.00181808,-0.00180998,-0.00180194,-0.00179396,-0.00178604,-0.00177818,-0.00177037,-0.00176262,-0.00175493,-0.00174729,-0.00173971,-0.00173219,-0.00172471,-0.0017173,-0.00170993,-0.00170262,-0.00169536,-0.00168815,-0.00168099,-0.00167388,-0.00166682,-0.00165981,-0.00165285,-0.00164594,-0.00163908,-0.00163226,-0.00162549,-0.00161877,-0.0016121,-0.00160547,-0.00159888,-0.00159234,-0.00158585,-0.0015794,-0.00157299,-0.00156663,-0.0015603,-0.00155403,-0.00154779,-0.00154159,-0.00153544,-0.00152933,-0.00152325,-0.00151722,-0.00151123,-0.00150527,-0.00149936,-0.00149348,-0.00148765,-0.00148185,-0.00147608,-0.00147036,-0.00146467,-0.00145902,-0.00145341,-0.00144783,-0.00143794,-0.0014238,-0.00140546,-0.00138303,-0.0013566,-0.0013263,-0.00129229,-0.00125471,-0.00121376,-0.00116961,-0.00112248,-0.00107258,-0.00102015,-0.000965418,-0.000908635,-0.000850053,-0.000789929,-0.000728525,-0.000666103,-0.000602926,-0.000539256,-0.000475351,-0.000411467,-0.000347853,-0.000284751,-0.000222395,-0.000161012,-0.000100815,-4.20078e-05,1.52173e-05,7.06822e-05,0.000124222,0.000175686,0.000224938,0.000271857,0.000316336,0.000358285,0.000397629,0.000434307,0.000468274,0.0004995,0.00052797,0.00055368,0.000576643,0.000596884,0.000614438,0.000629355,0.000641692,0.00065152,0.000658916,0.000663967,0.000666766,0.000667413,0.000666015,0.000662682,0.000657528,0.000650672,0.000642232,0.00063233,0.000621088,0.000608625,0.000595064,0.000580523,0.000565119,0.000548966,0.000532173,0.000514849,0.000497096,0.000479012,0.000460691,0.00044222,0.000423682,0.000405154,0.000386709,0.00036841,0.000350319,0.00033249,0.000314969,0.0002978,0.00028102,0.000264658,0.000248742,0.000233291,0.00021832,0.00020384,0.000189857,0.000176371,0.00016338,0.000150877,0.00013885,0.000127285,0.000116165,0.000105468,9.51715e-05,8.5249e-05,7.5672e-05,6.64098e-05,5.74301e-05,4.86987e-05
-0.00214487,-0.0021342,-0.00212362,-0.00211313,-0.00210273,-0.00209241,-0.00208218,-0.00207202,-0.00206196,-0.00205197,-0.00204206,-0.00203223,-0.00202248,-0.00201281,-0.00200322,-0.0019937,-0.00198426,-0.00197489,-0.00196559,-0.00195637,-0.00194722,-0.00193814,-0.00192913,-0.00192019,-0.00191132,-0.00190252,-0.00189378,-0.00188511,-0.00187651,-0.00186797,-0.0018595,-0.00185109,-0.00184274,-0.00183446,-0.00182624,-0.00181808,-0.00180998,-0.00180194,-0.00179396,-0.00178604,-0.00177818,-0.00177037,-0.00176262,-0.00175493,-0.00174729,-0.00173971,-0.00173219,-0.00172471,-0.0017173,-0.00170993,-0.00170262,-0.00169536,-0.00168815,-0.00168099,-0.00167388,-0.00166682,-0.00165981,-0.00165285,-0.00164594,-0.00163908,-0.00163226,-0.00162549,-0.00161877,-0.0016121,-0.00160547,-0.00159888,-0.00159234,-0.00158585,-0.0015794,-0.00157299,-0.00156663,-0.0015603,-0.00155403,-0.00154779,-0.00154159,-0.00153544,-0.00152933,-0.00152325,-0.00151722,-0.00151123,-0.00150527,-0.00149936,-0.00149348,-0.00148765,-0.00148185,-0.00147608,-0.00147036,-0.00146467,-0.00145902,-0.00145341,-0.00144783,-0.00144228,-0.00143677,-0.0014313,-0.00142586,-0.00142046,-0.00141509,-0.00140975,-0.00140445,-0.00139918,-0.00139394,-0.00138466,-0.00137137,-0.00135415,-0.00133307,-0.00130823,-0.00127975,-0.00124776,-0.00121241,-0.00117386,-0.00113229,-0.00108789,-0.00104086,-0.000991411,-0.000939763,-0.000886143,-0.000830786,-0.000773928,-0.000715812,-0.000656681,-0.000596779,-0.000536349,-0.000475633,-0.000414868,-0.000354287,-0.000294117,-0.000234578,-0.000175882,-0.000118231,-6.18184e-05,-6.82544e-06,4.65776e-05,9.82328e-05,0.000147995,0.000195732,0.000241326,0.000284673,0.000325681,0.000364274,0.000400391,0.000433981,0.000465012,0.00049346,0.000519318,0.00054259,0.000563292,0.000581452,0.000597109,0.000610311,0.000621118,0.000629596,0.000635821,0.000639876,0.000641849,0.000641836,0.000639936,0.000636253,0.000630894,0.000623968,0.000615587,0.000605862,0.000594907,0.000582833,0.000569751,0.000555771,0.000541001,0.000525545,0.000509505,0.000492978,0.00047606,0.000458839,0.000441401,0.000423826,0.000406191,0.000388565,0.000371013,0.000353595,0.000336365,0.000319373,0.000302661,0.000286267,0.000270225,0.000254562,0.0002393,0.000224458,0.000210048,0.000196079,0.000182554,0.000169473,0.000156833,0.000144626,0.000132839,0.000121459,0.000110467,9.98439e-05,8.95653e-05,7.96059e-05,6.99379e-05,6.05317e-05,5.13559e-05
-0.00204206,-0.00203223,-0.00202248,-0.00201281,-0.00200322,-0.0019937,-0.00198426,-0.00197489,-0.00196559,-0.00195637,-0.00194722,-0.00193814,-0.00192913,-0.00192019,-0.00191132,-0.00190252,-0.00189378,-0.00188511,-0.00187651,-0.00186797,-0.0018595,-0.00185109,-0.00184274,-0.00183446,-0.00182624,-0.00181808,-0.00180998,-0.00180194,-0.00179396,-0.00178604,-0.00177818,-0.00177037,-0.00176262,-0.00175493,-0.00174729,-0.00173971,-0.00173219,-0.00172471,-0.0017173,-0.00170993,-0.00170262,-0.00169536,-0.00168815,-0.00168099,-0.00167388,-0.00166682,-0.00165981,-0.00165285,-0.00164594,-0.00163908,-0.00163226,-0.00162549,-0.00161877,-0.0016121,-0.00160547,-0.00159888,-0.00159234,-0.00158585,-0.0015794,-0.00157299,-0.00156663,-0.0015603,-0.00155403,-0.00154779,-0.00154159,-0.00153544,-0.00152933,-0.00152325,-0.00151722,-0.00151123,-0.00150527,-0.00149936,-0.00149348,-0.00148765,-0.00148185,-0.00147608,-0.00147036,-0.00146467,-0.00145902,-0.00145341,-0.00144783,-0.00144228,-0.00143677,-0.0014313,-0.00142586,-0.00142046,-0.00141509,-0.00140975,-0.00140445,-0.00139918,-0.00139394,-0.00138874,-0.00138357,-0.00137843,-0.00137332,-0.00136824,-0.0013632,-0.00135818,-0.0013532,-0.00134824,-0.00134332,-0.00133459,-0.00132209,-0.00130589,-0.00128605,-0.00126267,-0.00123585,-0.00120572,-0.00117241,-0.00113608,-0.00109688,-0.001055,-0.00101061,-0.000963911,-0.000915109,-0.000864412,-0.000812036,-0.000758202,-0.000703133,-0.000647057,-0.000590199,-0.000532786,-0.000475044,-0.000417193,-0.000359452,-0.000302033,-0.000245144,-0.000188982,-0.000133741,-7.9601e-05,-2.67357e-05,2.46929e-05,7.45338e-05,0.000122647,0.000168906,0.000213195,0.000255411,0.000295465,0.00033328,0.000368791,0.000401948,0.000432713,0.000461058,0.000486971,0.000510449,0.000531501,0.000550148,0.000566419,0.000580356,0.000592007,0.00060143,0.00060869,0.000613861,0.000617022,0.000618256,0.000617655,0.000615311,0.000611321,0.000605787,0.000598809,0.000590492,0.000580939,0.000570255,0.000558543,0.000545906,0.000532445,0.000518259,0.000503444,0.000488093,0.000472297,0.000456142,0.000439709,0.000423078,0.00040632,0.000389506,0.000372699,0.000355959,0.000339338,0.000322888,0.000306651,0.000290666,0.000274968,0.000259587,0.000244545,0.000229864,0.000215558,0.000201638,0.00018811,0.000174978,0.000162239,0.000149889,0.000137918,0.000126316,0.000115067,0.000104153,9.3554e-05,8.32477e-05,7.32087e-05,6.34103e-05,5.38238e-05
-0.00194722,-0.00193814,-0.00192913,-0.00192019,-0.00191132,-0.00190252,-0.00189378,-0.00188511,-0.00187651,-0.00186797,-0.0018595,-0.00185109,-0.00184274,-0.00183446,-0.00182624,-0.00181808,-0.00180998,-0.00180194,-0.00179396,-0.00178604,-0.00177818,-0.00177037,-0.00176262,-0.00175493,-0.00174729,-0.00173971,-0.00173219,-0.00172471,-0.0017173,-0.00170993,-0.00170262,-0.00169536,-0.00168815,-0.00168099,-0.00167388,-0.00166682,-0.00165981,-0.00165285,-0.00164594,-0.00163908,-0.00163226,-0.00162549,-0.00161877,-0.0016121,-0.00160547,-0.00159888,-0.00159234,-0.00158585,-0.0015794,-0.00157299,-0.00156663,-0.0015603,-0.00155403,-0.00154779,-0.00154159,-0.00153544,-0.00152933,-0.00152325,-0.00151722,-0.00151123,-0.00150527,-0.00149936,-0.00149348,-0.00148765,-0.00148185,-0.00147608,-0.00147036,-0.00146467,-0.00145902,-0.00145341,-0.00144783,-0.00144228,-0.00143677,-0.0014313,-0.00142586,-0.00142046,-0.00141509,-0.00140975,-0.00140445,-0.00139918,-0.00139394,-0.00138874,-0.00138357,-0.00137843,-0.00137332,-0.00136824,-0.0013632,-0.00135818,-0.0013532,-0.00134824,-0.00134332,-0.00133843,-0.00133356,-0.00132873,-0.00132392,-0.00131915,-0.0013144,-0.00130968,-0.00130499,-0.00130033,-0.00129569,-0.00128747,-0.0012757,-0.00126043,-0.00124173,-0.00121969,-0.0011944,-0.00116598,-0.00113456,-0.00110027,-0.00106326,-0.00102369,-0.000981739,-0.000937585,-0.000891414,-0.000843422,-0.000793808,-0.000742777,-0.000690538,-0.000637301,-0.000583277,-0.000528677,-0.000473711,-0.000418586,-0.000363506,-0.000308671,-0.000254275,-0.000200506,-0.000147545,-9.55633e-05,-4.47256e-05,4.81366e-06,5.29101e-05,9.94295e-05,0.000144249,0.000187256,0.000228351,0.000267445,0.000304462,0.000339335,0.000372013,0.000402454,0.000430627,0.000456516,0.000480111,0.000501416,0.000520445,0.000537221,0.000551776,0.000564152,0.000574397,0.000582568,0.000588729,0.00059295,0.000595307,0.00059588,0.000594753,0.000592015,0.000587758,0.000582074,0.000575059,0.00056681,0.000557423,0.000546994,0.00053562,0.000523395,0.000510413,0.000496765,0.000482538,0.00046782,0.000452692,0.000437234,0.00042152,0.000405623,0.000389608,0.000373539,0.000357474,0.000341467,0.000325566,0.000309817,0.000294258,0.000278924,0.000263847,0.000249051,0.000234559,0.000220386,0.000206547,0.00019305,0.000179899,0.000167096,0.000154638,0.000142519,0.00013073,0.000119259,0.000108091,9.72076e-05,8.65896e-05,7.62146e-05,6.60587e-05,5.6096e-05
-0.0018595,-0.00185109,-0.00184274,-0.00183446,-0.00182624,-0.00181808,-0.00180998,-0.00180194,-0.00179396,-0.00178604,-0.00177818,-0.00177037,-0.00176262,-0.00175493,-0.00174729,-0.00173971,-0.00173219,-0.00172471,-0.0017173,-0.00170993,-0.00170262,-0.00169536,-0.00168815,-0.00168099,-0.00167388,-0.00166682,-0.00165981,-0.00165285,-0.00164594,-0.00163908,-0.00163226,-0.00162549,-0.00161877,-0.0016121,-0.00160547,-0.00159888,-0.00159234,-0.00158585,-0.0015794,-0.00157299,-0.00156663,-0.0015603,-0.00155403,-0.00154779,-0.00154159,-0.00153544,-0.00152933,-0.00152325,-0.00151722,-0.00151123,-0.00150527,-0.00149936,-0.00149348,-0.00148765,-0.00148185,-0.00147608,-0.00147036,-0.00146467,-0.00145902,-0.00145341,-0.00144783,-0.00144228,-0.00143677,-0.0014313,-0.00142586,-0.00142046,-0.00141509,-0.00140975,-0.00140445,-0.00139918,-0.00139394,-0.00138874,-0.00138357,-0.00137843,-0.00137332,-0.00136824,-0.0013632,-0.00135818,-0.0013532,-0.00134824,-0.00134332,-0.00133843,-0.00133356,-0.00132873,-0.00132392,-0.00131915,-0.0013144,-0.00130968,-0.00130499,-0.00130033,-0.00129569,-0.00129108,-0.0012865,-0.00128195,-0.00127742,-0.00127292,-0.00126845,-0.001264,-0.00125958,-0.00125518,-0.00125081,-0.00124306,-0.00123195,-0.00121754,-0.0011999,-0.00117909,-0.00115522,-0.00112838,-0.00109869,-0.00106628,-0.00103129,-0.000993868,-0.000954172,-0.00091237,-0.000868637,-0.000823151,-0.0007761,-0.000727674,-0.000678066,-0.000627472,-0.000576089,-0.000524114,-0.000471743,-0.00041917,-0.000366587,-0.000314181,-0.000262135,-0.000210625,-0.000159822,-0.00010989,-6.09839e-05,-1.32516e-05,3.31689e-05,7.81491e-05,0.00012157,0.000163323,0.000203311,0.000241446,0.000277652,0.000311863,0.000344025,0.000374095,0.000402039,0.000427835,0.000451472,0.000472947,0.000492267,0.00050945,0.000524521,0.000537514,0.000548471,0.00055744,0.000564477,0.000569644,0.000573009,0.000574642,0.000574621,0.000573025,0.000569938,0.000565446,0.000559636,0.000552596,0.000544417,0.000535189,0.000525,0.00051394,0.000502097,0.000489556,0.000476401,0.000462714,0.000448574,0.000434056,0.000419232,0.000404172,0.000388941,0.000373599,0.000358204,0.000342809,0.000327462,0.000312207,0.000297085,0.000282131,0.000267375,0.000252846,0.000238566,0.000224554,0.000210823,0.000197385,0.000184247,0.000171411,0.000158878,0.000146645,0.000134703,0.000123044,0.000111656,0.000100523,8.9628e-05,7.8952e-05,6.84734e-05,5.81692e-05
-0.00177818,-0.00177037,-0.00176262,-0.00175493,-0.00174729,-0.00173971,-0.00173219,-0.00172471,-0.0017173,-0.00170993,-0.00170262,-0.00169536,-0.00168815,-0.00168099,-0.00167388,-0.00166682,-0.00165981,-0.00165285,-0.00164594,-0.00163908,-0.00163226,-0.00162549,-0.00161877,-0.0016121,-0.00160547,-0.00159888,-0.00159234,-0.00158585,-0.0015794,-0.00157299,-0.00156663,-0.0015603,-0.00155403,-0.00154779,-0.00154159,-0.00153544,-0.00152933,-0.00152325,-0.00151722,-0.00151123,-0.00150527,-0.00149936,-0.00149348,-0.00148765,-0.00148185,-0.00147608,-0.00147036,-0.00146467,-0.00145902,-0.00145341,-0.00144783,-0.00144228,-0.00143677,-0.0014313,-0.00142586,-0.00142046,-0.00141509,-0.00140975,-0.00140445,-0.00139918,-0.00139394,-0.00138874,-0.00138357,-0.00137843,-0.00137332,-0.00136824,-0.0013632,-0.00135818,-0.0013532,-0.00134824,-0.00134332,-0.00133843,-0.00133356,-0.00132873,-0.00132392,-0.00131915,-0.0013144,-0.00130968,-0.00130499,-0.00130033,-0.00129569,-0.00129108,-0.0012865,-0.00128195,-0.00127742,-0.00127292,-0.00126845,-0.001264,-0.00125958,-0.00125518,-0.00125081,-0.00124647,-0.00124215,-0.00123785,-0.00123358,-0.00122934,-0.00122512,-0.00122092,-0.00121674,-0.00121259,-0.00120847,-0.00120114,-0.00119065,-0.00117704,-0.00116037,-0.0011407,-0.00111813,-0.00109275,-0.00106466,-0.001034,-0.00100087,-0.000965437,-0.00092783,-0.000888209,-0.000846736,-0.000803578,-0.000758908,-0.000712904,-0.000665746,-0.000617616,-0.000568698,-0.000519177,-0.000469235,-0.000419055,-0.000368817,-0.000318695,-0.000268863,-0.000219487,-0.000170729,-0.000122744,-7.56785e-05,-2.9674e-05,1.51378e-05,5.86333e-05,0.000100698,0.000141227,0.000180126,0.000217307,0.000252696,0.000286228,0.000317846,0.000347506,0.000375173,0.000400821,0.000424433,0.000446004,0.000465536,0.000483041,0.000498537,0.000512052,0.000523622,0.000533288,0.000541098,0.000547107,0.000551374,0.000553964,0.000554945,0.00055439,0.000552375,0.000548979,0.00054428,0.000538362,0.000531307,0.000523199,0.000514121,0.000504157,0.000493389,0.000481897,0.000469761,0.000457058,0.000443864,0.000430251,0.000416287,0.00040204,0.000387573,0.000372944,0.000358209,0.000343421,0.000328626,0.00031387,0.000299192,0.000284627,0.000270208,0.000255963,0.000241915,0.000228084,0.000214486,0.000201133,0.000188035,0.000175196,0.000162618,0.000150301,0.000138238,0.000126425,0.00011485,0.000103501,9.23631e-05,8.14203e-05,7.06536e-05,6.00427e-05
-0.00170262,-0.00169536,-0.00168815,-0.00168099,-0.00167388,-0.00166682,-0.00165981,-0.00165285,-0.00164594,-0.00163908,-0.00163226,-0.00162549,-0.00161877,-0.0016121,-0.00160547,-0.00159888,-0.00159234,-0.00158585,-0.0015794,-0.00157299,-0.00156663,-0.0015603,-0.00155403,-0.00154779,-0.00154159,-0.00153544,-0.00152933,-0.00152325,-0.00151722,-0.00151123,-0.00150527,-0.00149936,-0.00149348,-0.00148765,-0.00148185,-0.00147608,-0.00147036,-0.00146467,-0.00145902,-0.00145341,-0.00144783,-0.00144228,-0.00143677,-0.0014313,-0.00142586,-0.00142046,-0.00141509,-0.00140975,-0.00140445,-0.00139918,-0.00139394,-0.00138874,-0.00138357,-0.00137843,-0.00137332,-0.00136824,-0.0013632,-0.00135818,-0.0013532,-0.00134824,-0.00134332,-0.00133843,-0.00133356,-0.00132873,-0.00132392,-0.00131915,-0.0013144,-0.00130968,-0.00130499,-0.00130033,-0.00129569,-0.00129108,-0.0012865,-0.00128195,-0.00127742,-0.00127292,-0.00126845,-0.001264,-0.00125958,-0.00125518,-0.00125081,-0.00124647,-0.00124215,-0.00123785,-0.00123358,-0.00122934,-0.00122512,-0.00122092,-0.00121674,-0.00121259,-0.00120847,-0.00120436,-0.00120028,-0.00119623,-0.00119219,-0.00118818,-0.00118419,-0.00118023,-0.00117628,-0.00117236,-0.00116846,-0.00116153,-0.00115161,-0.00113873,-0.00112296,-0.00110435,-0.00108298,-0.00105895,-0.00103235,-0.0010033,-0.000971908,-0.00093831,-0.000902641,-0.000865045,-0.000825672,-0.000784679,-0.000742225,-0.000698478,-0.000653604,-0.000607774,-0.00056116,-0.000513934,-0.000466269,-0.000418334,-0.000370299,-0.000322329,-0.000274586,-0.000227228,-0.000180407,-0.000134271,-8.89595e-05,-4.46066e-05,-1.33839e-06,4.07266e-05,8.14783e-05,0.000120815,0.000158644,0.000194882,0.000229453,0.000262294,0.000293347,0.000322567,0.000349917,0.000375367,0.0003989,0.000420504,0.000440178,0.000457928,0.000473769,0.000487723,0.000499817,0.000510088,0.000518578,0.000525334,0.000530408,0.000533859,0.000535748,0.000536141,0.000535106,0.000532715,0.000529041,0.000524161,0.000518151,0.000511087,0.000503049,0.000494114,0.000484358,0.000473858,0.000462689,0.000450923,0.000438633,0.000425888,0.000412753,0.000399292,0.000385566,0.000371633,0.000357546,0.000343356,0.00032911,0.000314852,0.000300622,0.000286454,0.000272382,0.000258434,0.000244634,0.000231003,0.000217558,0.000204314,0.000191281,0.000178465,0.00016587,0.000153498,0.000141345,0.000129408,0.000117678,0.000106145,9.47981e-05,8.36221e-05,7.26013e-05,6.17178e-05
-0.00163226,-0.00162549,-0.00161877,-0.0016121,-0.00160547,-0.00159888,-0.00159234,-0.00158585,-0.0015794,-0.00157299,-0.00156663,-0.0015603,-0.00155403,-0.00154779,-0.00154159,-0.00153544,-0.00152933,-0.00152325,-0.00151722,-0.00151123,-0.00150527,-0.00149936,-0.00149348,-0.00148765,-0.00148185,-0.00147608,-0.00147036,-0.00146467,-0.00145902,-0.00145341,-0.00144783,-0.00144228,-0.00143677,-0.0014313,-0.00142586,-0.00142046,-0.00141509,-0.00140975,-0.00140445,-0.00139918,-0.00139394,-0.00138874,-0.00138357,-0.00137843,-0.00137332,-0.00136824,-0.0013632,-0.00135818,-0.0013532,-0.00134824,-0.00134332,-0.00133843,-0.00133356,-0.00132873,-0.00132392,-0.00131915,-0.0013144,-0.00130968,-0.00130499,-0.00130033,-0.00129569,-0.00129108,-0.0012865,-0.00128195,-0.00127742,-0.00127292,-0.00126845,-0.001264,-0.00125958,-0.00125518,-0.00125081,-0.00124647,-0.00124215,-0.00123785,-0.00123358,-0.00122934,-0.00122512,-0.00122092,-0.00121674,-0.00121259,-0.00120847,-0.00120436,-0.00120028,-0.00119623,-0.00119219,-0.00118818,-0.00118419,-0.00118023,-0.00117628,-0.00117236,-0.00116846,-0.00116458,-0.00116072,-0.00115689,-0.00115307,-0.00114928,-0.0011455,-0.00114175,-0.00113802,-0.0011343,-0.00113061,-0.00112405,-0.00111466,-0.00110246,-0.00108751,-0.00106988,-0.00104963,-0.00102685,-0.00100163,-0.000974078,-0.000944296,-0.000912407,-0.000878539,-0.000842826,-0.000805408,-0.00076643,-0.000726042,-0.000684399,-0.000641658,-0.000597978,-0.00055352,-0.000508445,-0.000462915,-0.000417089,-0.000371127,-0.000325184,-0.000279413,-0.000233964,-0.00018898,-0.000144601,-0.000100961,-5.81867e-05,-1.6399e-05,2.42887e-05,6.37702e-05,0.000101947,0.00013873,0.000174037,0.000207794,0.000239937,0.00027041,0.000299165,0.000326165,0.000351377,0.000374782,0.000396365,0.00041612,0.00043405,0.000450165,0.00046448,0.00047702,0.000487815,0.0004969,0.000504317,0.000510112,0.000514336,0.000517046,0.000518299,0.000518159,0.00051669,0.000513961,0.00051004,0.000504998,0.000498908,0.000491841,0.000483869,0.000475066,0.000465502,0.000455248,0.000444374,0.000432946,0.00042103,0.000408691,0.000395988,0.00038298,0.000369723,0.000356269,0.000342667,0.000328964,0.000315201,0.000301419,0.000287652,0.000273934,0.000260293,0.000246754,0.000233339,0.000220066,0.000206951,0.000194004,0.000181235,0.000168649,0.000156249,0.000144035,0.000132003,0.000120148,0.000108464,9.69388e-05,8.55621e-05,7.43202e-05,6.31978e-05
-0.00156663,-0.0015603,-0.00155403,-0.00154779,-0.00154159,-0.00153544,-0.00152933,-0.00152325,-0.00151722,-0.00151123,-0.00150527,-0.00149936,-0.00149348,-0.00148765,-0.00148185,-0.00147608,-0.00147036,-0.00146467,-0.00145902,-0.00145341,-0.00144783,-0.00144228,-0.00143677,-0.0014313,-0.00142586,-0.00142046,-0.00141509,-0.00140975,-0.00140445,-0.00139918,-0.00139394,-0.00138874,-0.00138357,-0.00137843,-0.00137332,-0.00136824,-0.0013632,-0.00135818,-0.0013532,-0.00134824,-0.00134332,-0.00133843,-0.00133356,-0.00132873,-0.00132392,-0.00131915,-0.0013144,-0.00130968,-0.00130499,-0.00130033,-0.00129569,-0.00129108,-0.0012865,-0.00128195,-0.00127742,-0.00127292,-0.00126845,-0.001264,-0.00125958,-0.00125518,-0.00125081,-0.00124647,-0.00124215,-0.00123785,-0.00123358,-0.00122934,-0.00122512,-0.00122092,-0.00121674,-0.00121259,-0.00120847,-0.00120436,-0.00120028,-0.00119623,-0.00119219,-0.00118818,-0.00118419,-0.00118023,-0.00117628,-0.00117236,-0.00116846,-0.00116458,-0.00116072,-0.00115689,-0.00115307,-0.00114928,-0.0011455,-0.00114175,-0.00113802,-0.0011343,-0.00113061,-0.00112694,-0.00112329,-0.00111965,-0.00111604,-0.00111245,-0.00110887,-0.00110532,-0.00110178,-0.00109826,-0.00109476,-0.00108855,-0.00107964,-0.00106807,-0.0010539,-0.00103717,-0.00101796,-0.000996344,-0.000972405,-0.00094624,-0.000917953,-0.000887654,-0.000855463,-0.000821503,-0.000785906,-0.000748808,-0.000710348,-0.000670671,-0.000629924,-0.000588255,-0.000545817,-0.000502759,-0.000459234,-0.000415391,-0.000371381,-0.00032735,-0.000283443,-0.0002398,-0.000196559,-0.000153851,-0.000111803,-7.05377e-05,-3.01695e-05,9.19271e-06,4.74468e-05,8.4498e-05,0.000120259,0.00015465,0.000187599,0.000219043,0.000248924,0.000277196,0.000303819,0.00032876,0.000351996,0.00037351,0.000393293,0.000411345,0.00042767,0.00044228,0.000455195,0.000466439,0.000476043,0.000484043,0.000490479,0.000495397,0.000498847,0.000500881,0.000501557,0.000500933,0.000499072,0.000496037,0.000491893,0.000486707,0.000480546,0.000473477,0.000465568,0.000456886,0.000447497,0.000437467,0.00042686,0.000415737,0.00040416,0.000392185,0.000379871,0.000367269,0.000354431,0.000341404,0.000328234,0.000314961,0.000301625,0.000288262,0.000274902,0.000261576,0.000248309,0.000235122,0.000222037,0.000209068,0.000196228,0.000183528,0.000170974,0.000158571,0.000146321,0.000134222,0.000122272,0.000110465,9.87928e-05,8.72469e-05,7.5816e-05,6.44873e-05
-0.00150527,-0.00149936,-0.00149348,-0.00148765,-0.00148185,-0.00147608,-0.00147036,-0.00146467,-0.00145902,-0.00145341,-0.00144783,-0.00144228,-0.00143677,-0.0014313,-0.00142586,-0.00142046,-0.00141509,-0.00140975,-0.00140445,-0.00139918,-0.00139394,-0.00138874,-0.00138357,-0.00137843,-0.00137332,-0.00136824,-0.0013632,-0.00135818,-0.0013532,-0.00134824,-0.00134332,-0.00133843,-0.00133356,-0.00132873,-0.00132392,-0.00131915,-0.0013144,-0.00130968,-0.00130499,-0.00130033,-0.00129569,-0.00129108,-0.0012865,-0.00128195,-0.00127742,-0.00127292,-0.00126845,-0.001264,-0.00125958,-0.00125518,-0.00125081,-0.00124647,-0.00124215,-0.00123785,-0.00123358,-0.00122934,-0.00122512,-0.00122092,-0.00121674,-0.00121259,-0.00120847,-0.00120436,-0.00120028,-0.00119623,-0.00119219,-0.00118818,-0.00118419,-0.00118023,-0.00117628,-0.00117236,-0.00116846,-0.00116458,-0.00116072,-0.00115689,-0.00115307,-0.00114928,-0.0011455,-0.00114175,-0.00113802,-0.0011343,-0.00113061,-0.00112694,-0.00112329,-0.00111965,-0.00111604,-0.00111245,-0.00110887,-0.00110532,-0.00110178,-0.00109826,-0.00109476,-0.00109128,-0.00108782,-0.00108438,-0.00108095,-0.00107754,-0.00107415,-0.00107078,-0.00106743,-0.00106409,-0.00106077,-0.00105487,-0.00104642,-0.00103544,-0.00102198,-0.0010061,-0.000987851,-0.000967314,-0.000944566,-0.000919696,-0.0008928,-0.000863982,-0.000833353,-0.000801029,-0.000767132,-0.000731788,-0.00069513,-0.000657292,-0.000618412,-0.000578628,-0.000538084,-0.00049692,-0.000455279,-0.000413303,-0.000371133,-0.000328907,-0.000286762,-0.00024483,-0.000203242,-0.000162123,-0.000121594,-8.17705e-05,-4.2763e-05,-4.67577e-06,3.23932e-05,6.83523e-05,0.000103117,0.00013661,0.00016876,0.000199505,0.000228788,0.000256563,0.000282788,0.000307429,0.000330461,0.000351866,0.000371632,0.000389753,0.000406232,0.000421078,0.000434304,0.000445931,0.000455985,0.000464497,0.000471502,0.00047704,0.000481157,0.000483898,0.000485317,0.000485466,0.000484402,0.000482183,0.00047887,0.000474524,0.000469207,0.000462982,0.000455912,0.00044806,0.000439487,0.000430257,0.000420428,0.000410061,0.000399212,0.000387937,0.00037629,0.000364321,0.000352081,0.000339615,0.000326967,0.000314177,0.000301283,0.000288322,0.000275323,0.000262317,0.00024933,0.000236383,0.000223498,0.00021069,0.000197975,0.000185363,0.000172863,0.000160481,0.000148219,0.00013608,0.000124061,0.000112159,0.00010037,8.86847e-05,7.70956e-05,6.55921e-05
-0.00144783,-0.00144228,-0.00143677,-0.0014313,-0.00142586,-0.00142046,-0.00141509,-0.00140975,-0.00140445,-0.00139918,-0.00139394,-0.00138874,-0.00138357,-0.00137843,-0.00137332,-0.00136824,-0.0013632,-0.00135818,-0.0013532,-0.00134824,-0.00134332,-0.00133843,-0.00133356,-0.00132873,-0.00132392,-0.00131915,-0.0013144,-0.00130968,-0.00130499,-0.00130033,-0.00129569,-0.00129108,-0.0012865,-0.00128195,-0.00127742,-0.00127292,-0.00126845,-0.001264,-0.00125958,-0.00125518,-0.00125081,-0.00124647,-0.00124215,-0.00123785,-0.00123358,-0.00122934,-0.00122512,-0.00122092,-0.00121674,-0.00121259,-0.00120847,-0.00120436,-0.00120028,-0.00119623,-0.00119219,-0.00118818,-0.00118419,-0.00118023,-0.00117628,-0.00117236,-0.00116846,-0.00116458,-0.00116072,-0.00115689,-0.00115307,-0.00114928,-0.0011455,-0.00114175,-0.00113802,-0.0011343,-0.00113061,-0.00112694,-0.00112329,-0.00111965,-0.00111604,-0.00111245,-0.00110887,-0.00110532,-0.00110178,-0.00109826,-0.00109476,-0.00109128,-0.00108782,-0.00108438,-0.00108095,-0.00107754,-0.00107415,-0.00107078,-0.00106743,-0.00106409,-0.00106077,-0.00105747,-0.00105418,-0.00105092,-0.00104766,-0.00104443,-0.00104121,-0.00103801,-0.00103482,-0.00103166,-0.0010285,-0.0010229,-0.00101486,-0.00100443,-0.000991641,-0.000976543,-0.000959195,-0.000939664,-0.000918026,-0.000894362,-0.000868764,-0.000841328,-0.000812157,-0.00078136,-0.000749051,-0.000715349,-0.000680377,-0.000644261,-0.000607129,-0.000569114,-0.000530348,-0.000490965,-0.000451097,-0.00041088,-0.000370446,-0.000329925,-0.000289446,-0.000249137,-0.000209118,-0.000169511,-0.00013043,-9.1985e-05,-5.42818e-05,-1.74205e-05,1.85048e-05,5.34058e-05,8.72005e-05,0.000119814,0.000151176,0.000181226,0.000209909,0.000237175,0.000262985,0.000287304,0.000310103,0.000331364,0.000351071,0.000369218,0.000385802,0.000400829,0.00041431,0.00042626,0.000436702,0.000445661,0.000453169,0.000459261,0.000463976,0.000467357,0.000469451,0.000470305,0.000469973,0.000468506,0.000465961,0.000462394,0.000457862,0.000452425,0.00044614,0.000439067,0.000431264,0.000422789,0.000413699,0.00040405,0.000393896,0.00038329,0.000372284,0.000360927,0.000349265,0.000337344,0.000325206,0.00031289,0.000300433,0.000287871,0.000275234,0.000262552,0.00024985,0.000237152,0.000224478,0.000211846,0.000199271,0.000186765,0.000174338,0.000161997,0.000149747,0.000137591,0.000125529,0.00011356,0.00010168,8.98848e-05,7.81671e-05,6.6519e-05
-0.00139394,-0.00138874,-0.00138357,-0.00137843,-0.00137332,-0.00136824,-0.0013632,-0.00135818,-0.0013532,-0.00134824,-0.00134332,-0.00133843,-0.00133356,-0.00132873,-0.00132392,-0.00131915,-0.0013144,-0.00130968,-0.00130499,-0.00130033,-0.00129569,-0.00129108,-0.0012865,-0.00128195,-0.00127742,-0.00127292,-0.00126845,-0.001264,-0.00125958,-0.00125518,-0.00125081,-0.00124647,-0.00124215,-0.00123785,-0.00123358,-0.00122934,-0.00122512,-0.00122092,-0.00121674,-0.00121259,-0.00120847,-0.00120436,-0.00120028,-0.00119623,-0.00119219,-0.00118818,-0.00118419,-0.00118023,-0.00117628,-0.00117236,-0.00116846,-0.00116458,-0.00116072,-0.00115689,-0.00115307,-0.00114928,-0.0011455,-0.00114175,-0.00113802,-0.0011343,-0.00113061,-0.00112694,-0.00112329,-0.00111965,-0.00111604,-0.00111245,-0.00110887,-0.00110532,-0.00110178,-0.00109826,-0.00109476,-0.00109128,-0.00108782,-0.00108438,-0.00108095,-0.00107754,-0.00107415,-0.00107078,-0.00106743,-0.00106409,-0.00106077,-0.00105747,-0.00105418,-0.00105092,-0.00104766,-0.00104443,-0.00104121,-0.00103801,-0.00103482,-0.00103166,-0.0010285,-0.00102537,-0.00102225,-0.00101914,-0.00101605,-0.00101298,-0.00100992,-0.00100688,-0.00100385,-0.00100084,-0.000997838,-0.000992508,-0.000984867,-0.000974943,-0.000962774,-0.000948407,-0.000931896,-0.000913304,-0.000892701,-0.000870165,-0.000845778,-0.000819633,-0.000791824,-0.000762455,-0.000731633,-0.000699467,-0.000666074,-0.000631572,-0.000596083,-0.000559728,-0.000522634,-0.000484925,-0.000446728,-0.00040817,-0.000369374,-0.000330465,-0.000291565,-0.000252793,-0.000214267,-0.000176098,-0.000138398,-0.000101271,-6.48183e-05,-2.91355e-05,5.68663e-06,3.95631e-05,7.24147e-05,0.000104168,0.000134756,0.000164117,0.000192198,0.00021895,0.000244332,0.000268309,0.000290851,0.000311937,0.000331552,0.000349684,0.000366329,0.000381491,0.000395175,0.000407395,0.000418168,0.000427516,0.000435467,0.00044205,0.000447302,0.00045126,0.000453966,0.000455464,0.000455801,0.000455026,0.00045319,0.000450344,0.000446543,0.00044184,0.00043629,0.000429949,0.000422869,0.000415107,0.000406716,0.000397749,0.000388257,0.000378291,0.0003679,0.00035713,0.000346028,0.000334635,0.000322993,0.000311141,0.000299114,0.000286947,0.000274671,0.000262314,0.000249902,0.000237459,0.000225006,0.000212561,0.000200139,0.000187755,0.000175419,0.000163139,0.000150922,0.000138772,0.000126691,0.000114679,0.000102736,9.08574e-05,7.90392e-05,6.72754e-05
-0.00134332,-0.00133843,-0.00133356,-0.00132873,-0.00132392,-0.00131915,-0.0013144,-0.00130968,-0.00130499,-0.00130033,-0.00129569,-0.00129108,-0.0012865,-0.00128195,-0.00127742,-0.00127292,-0.00126845,-0.001264,-0.00125958,-0.00125518,-0.00125081,-0.00124647,-0.00124215,-0.00123785,-0.00123358,-0.00122934,-0.00122512,-0.00122092,-0.00121674,-0.00121259,-0.00120847,-0.00120436,-0.00120028,-0.00119623,-0.00119219,-0.00118818,-0.00118419,-0.00118023,-0.00117628,-0.00117236,-0.00116846,-0.00116458,-0.00116072,-0.00115689,-0.00115307,-0.00114928,-0.0011455,-0.00114175,-0.00113802,-0.0011343,-0.00113061,-0.00112694,-0.00112329,-0.00111965,-0.00111604,-0.00111245,-0.00110887,-0.00110532,-0.00110178,-0.00109826,-0.00109476,-0.00109128,-0.00108782,-0.00108438,-0.00108095,-0.00107754,-0.00107415,-0.00107078,-0.00106743,-0.00106409,-0.00106077,-0.00105747,-0.00105418,-0.00105092,-0.00104766,-0.00104443,-0.00104121,-0.00103801,-0.00103482,-0.00103166,-0.0010285,-0.00102537,-0.00102225,-0.00101914,-0.00101605,-0.00101298,-0.00100992,-0.00100688,-0.00100385,-0.00100084,-0.000997838,-0.000994855,-0.000991888,-0.000988935,-0.000985996,-0.000983072,-0.000980163,-0.000977268,-0.000974387,-0.00097152,-0.000968668,-0.000963594,-0.000956319,-0.000946869,-0.000935281,-0.000921596,-0.000905868,-0.000888153,-0.000868517,-0.000847033,-0.000823779,-0.000798841,-0.000772308,-0.000744276,-0.000714845,-0.00068412,-0.000652209,-0.000619222,-0.000585274,-0.000550481,-0.00051496,-0.000478829,-0.000442207,-0.000405214,-0.000367967,-0.000330583,-0.000293179,-0.000255866,-0.000218758,-0.00018196,-0.000145577,-0.00010971,-7.44562e-05,-3.99062e-05,-6.14761e-06,2.67376e-05,5.86728e-05,8.95868e-05,0.000119414,0.000148095,0.000175576,0.00020181,0.000226754,0.000250373,0.000272638,0.000293525,0.000313015,0.000331098,0.000347767,0.00036302,0.000376862,0.000389303,0.000400356,0.000410041,0.000418379,0.000425399,0.00043113,0.000435608,0.000438868,0.000440952,0.000441902,0.000441762,0.000440579,0.000438401,0.000435277,0.000431258,0.000426395,0.000420738,0.000414339,0.00040725,0.000399519,0.000391199,0.000382337,0.000372981,0.000363178,0.000352973,0.000342409,0.000331528,0.000320368,0.000308969,0.000297364,0.000285587,0.000273668,0.000261637,0.000249518,0.000237335,0.000225111,0.000212862,0.000200607,0.000188358,0.000176129,0.000163927,0.000151763,0.000139639,0.000127562,0.000115532,0.000103549,9.16133e-05,7.97214e-05,6.78694e-05
-0.00129569,-0.00129108,-0.0012865,-0.00128195,-0.00127742,-0.00127292,-0.00126845,-0.001264,-0.00125958,-0.00125518,-0.00125081,-0.00124647,-0.00124215,-0.00123785,-0.00123358,-0.00122934,-0.00122512,-0.00122092,-0.00121674,-0.00121259,-0.00120847,-0.00120436,-0.00120028,-0.00119623,-0.00119219,-0.00118818,-0.00118419,-0.00118023,-0.00117628,-0.00117236,-0.00116846,-0.00116458,-0.00116072,-0.00115689,-0.00115307,-0.00114928,-0.0011455,-0.00114175,-0.00113802,-0.0011343,-0.00113061,-0.00112694,-0.00112329,-0.00111965,-0.00111604,-0.00111245,-0.00110887,-0.00110532,-0.00110178,-0.00109826,-0.00109476,-0.00109128,-0.00108782,-0.00108438,-0.00108095,-0.00107754,-0.00107415,-0.00107078,-0.00106743,-0.00106409,-0.00106077,-0.00105747,-0.00105418,-0.00105092,-0.00104766,-0.00104443,-0.00104121,-0.00103801,-0.00103482,-0.00103166,-0.0010285,-0.00102537,-0.00102225,-0.00101914,-0.00101605,-0.00101298,-0.00100992,-0.00100688,-0.00100385,-0.00100084,-0.000997838,-0.000994855,-0.000991888,-0.000988935,-0.000985996,-0.000983072,-0.000980163,-0.000977268,-0.000974387,-0.00097152,-0.000968668,-0.000965829,-0.000963004,-0.000960193,-0.000957395,-0.000954611,-0.000951841,-0.000949084,-0.00094634,-0.000943609,-0.000940892,-0.000936057,-0.000929124,-0.000920118,-0.000909071,-0.000896025,-0.000881028,-0.000864133,-0.000845402,-0.000824903,-0.00080271,-0.000778902,-0.000753564,-0.000726786,-0.000698661,-0.000669287,-0.000638767,-0.000607204,-0.000574706,-0.000541382,-0.000507343,-0.000472699,-0.000437564,-0.000402049,-0.000366267,-0.000330328,-0.000294341,-0.000258415,-0.000222655,-0.000187162,-0.000152037,-0.000117376,-8.32712e-05,-4.981e-05,-1.70767e-05,1.485e-05,4.58957e-05,7.59915e-05,0.000105074,0.000133084,0.000159969,0.000185682,0.000210182,0.000233432,0.000255402,0.000276067,0.000295408,0.000313412,0.000330069,0.000345376,0.000359336,0.000371954,0.000383242,0.000393214,0.00040189,0.000409295,0.000415453,0.000420397,0.000424159,0.000426775,0.000428284,0.000428726,0.000428145,0.000426584,0.000424088,0.000420706,0.000416483,0.000411467,0.000405707,0.00039925,0.000392144,0.000384436,0.000376172,0.000367397,0.000358157,0.000348493,0.000338447,0.00032806,0.000317369,0.00030641,0.000295217,0.000283824,0.00027226,0.000260553,0.000248728,0.00023681,0.00022482,0.000212777,0.000200698,0.000188598,0.000176489,0.000164383,0.000152288,0.000140211,0.000128158,0.000116131,0.000104133,9.21639e-05,8.02234e-05,6.83092e-05
-0.00125081,-0.00124647,-0.00124215,-0.00123785,-0.00123358,-0.00122934,-0.00122512,-0.00122092,-0.00121674,-0.00121259,-0.00120847,-0.00120436,-0.00120028,-0.00119623,-0.00119219,-0.00118818,-0.00118419,-0.00118023,-0.00117628,-0.00117236,-0.00116846,-0.00116458,-0.00116072,-0.00115689,-0.00115307,-0.00114928,-0.0011455,-0.00114175,-0.00113802,-0.0011343,-0.00113061,-0.00112694,-0.00112329,-0.00111965,-0.00111604,-0.00111245,-0.00110887,-0.00110532,-0.00110178,-0.00109826,-0.00109476,-0.00109128,-0.00108782,-0.00108438,-0.00108095,-0.00107754,-0.00107415,-0.00107078,-0.00106743,-0.00106409,-0.00106077,-0.00105747,-0.00105418,-0.00105092,-0.00104766,-0.00104443,-0.00104121,-0.00103801,-0.00103482,-0.00103166,-0.0010285,-0.00102537,-0.00102225,-0.00101914,-0.00101605,-0.00101298,-0.00100992,-0.00100688,-0.00100385,-0.00100084,-0.000997838,-0.000994855,-0.000991888,-0.000988935,-0.000985996,-0.000983072,-0.000980163,-0.000977268,-0.000974387,-0.00097152,-0.000968668,-0.000965829,-0.000963004,-0.000960193,-0.000957395,-0.000954611,-0.000951841,-0.000949084,-0.00094634,-0.000943609,-0.000940892,-0.000938187,-0.000935496,-0.000932817,-0.000930151,-0.000927498,-0.000924857,-0.000922229,-0.000919613,-0.00091701,-0.000914418,-0.000909808,-0.000903195,-0.000894603,-0.000884064,-0.000871615,-0.000857302,-0.000841175,-0.000823291,-0.000803716,-0.000782516,-0.000759769,-0.000735552,-0.00070995,-0.000683051,-0.000654947,-0.000625735,-0.000595512,-0.000564379,-0.000532439,-0.000499796,-0.000466556,-0.000432825,-0.000398709,-0.000364313,-0.000329743,-0.000295102,-0.000260493,-0.000226015,-0.000191767,-0.000157843,-0.000124336,-9.13323e-05,-5.89176e-05,-2.71723e-05,3.82765e-06,3.40106e-05,6.33095e-05,9.16624e-05,0.000119012,0.000145307,0.000170501,0.000194551,0.000217422,0.000239083,0.000259509,0.000278678,0.000296576,0.000313192,0.00032852,0.000342561,0.000355317,0.000366797,0.000377014,0.000385983,0.000393724,0.000400262,0.000405623,0.000409837,0.000412935,0.000414954,0.00041593,0.000415901,0.00041491,0.000412997,0.000410205,0.000406579,0.000402163,0.000397002,0.00039114,0.000384623,0.000377494,0.000369797,0.000361576,0.000352872,0.000343726,0.000334179,0.000324268,0.000314029,0.000303499,0.000292709,0.000281693,0.000270478,0.000259093,0.000247564,0.000235913,0.000224162,0.000212332,0.000200438,0.000188497,0.000176523,0.000164526,0.000152518,0.000140505,0.000128495,0.000116492,0.0001045,9.25206e-05,8.05552e-05,6.86034e-05
-0.00120847,-0.00120436,-0.00120028,-0.00119623,-0.00119219,-0.00118818,-0.00118419,-0.00118023,-0.00117628,-0.00117236,-0.00116846,-0.00116458,-0.00116072,-0.00115689,-0.00115307,-0.00114928,-0.0011455,-0.00114175,-0.00113802,-0.0011343,-0.00113061,-0.00112694,-0.00112329,-0.00111965,-0.00111604,-0.00111245,-0.00110887,-0.00110532,-0.00110178,-0.00109826,-0.00109476,-0.00109128,-0.00108782,-0.00108438,-0.00108095,-0.00107754,-0.00107415,-0.00107078,-0.00106743,-0.00106409,-0.00106077,-0.00105747,-0.00105418,-0.00105092,-0.00104766,-0.00104443,-0.00104121,-0.00103801,-0.00103482,-0.00103166,-0.0010285,-0.00102537,-0.00102225,-0.00101914,-0.00101605,-0.00101298,-0.00100992,-0.00100688,-0.00100385,-0.00100084,-0.000997838,-0.000994855,-0.000991888,-0.000988935,-0.000985996,-0.000983072,-0.000980163,-0.000977268,-0.000974387,-0.00097152,-0.000968668,-0.000965829,-0.000963004,-0.000960193,-0.000957395,-0.000954611,-0.000951841,-0.000949084,-0.00094634,-0.000943609,-0.000940892,-0.000938187,-0.000935496,-0.000932817,-0.000930151,-0.000927498,-0.000924857,-0.000922229,-0.000919613,-0.00091701,-0.000914418,-0.000911839,-0.000909273,-0.000906718,-0.000904175,-0.000901644,-0.000899125,-0.000896617,-0.000894121,-0.000891637,-0.000889164,-0.000884763,-0.00087845,-0.000870247,-0.000860183,-0.000848294,-0.000834621,-0.000819214,-0.000802125,-0.000783416,-0.000763149,-0.000741397,-0.000718232,-0.000693736,-0.00066799,-0.000641081,-0.000613099,-0.000584137,-0.000554291,-0.000523656,-0.000492332,-0.000460418,-0.000428014,-0.000395221,-0.000362138,-0.000328866,-0.000295503,-0.000262146,-0.000228891,-0.000195829,-0.000163053,-0.000130649,-9.8702e-05,-6.72933e-05,-3.65e-05,-6.39561e-06,2.29508e-05,5.14742e-05,7.91145e-05,0.000105816,0.000131527,0.000156203,0.000179802,0.000202287,0.000223628,0.000243799,0.000262777,0.000280545,0.000297094,0.000312413,0.000326502,0.000339361,0.000350997,0.000361418,0.000370638,0.000378674,0.000385547,0.00039128,0.0003959,0.000399435,0.000401918,0.000403381,0.000403861,0.000403394,0.000402019,0.000399777,0.000396707,0.000392851,0.00038825,0.000382948,0.000376984,0.000370403,0.000363244,0.000355548,0.000347356,0.000338706,0.000329637,0.000320184,0.000310383,0.000300269,0.000289872,0.000279224,0.000268354,0.000257289,0.000246053,0.000234671,0.000223164,0.000211551,0.000199851,0.00018808,0.000176251,0.000164378,0.00015247,0.000140538,0.000128589,0.000116629,0.000104663,9.26951e-05,8.0727e-05,6.87605e-05
-0.00116846,-0.00116458,-0.00116072,-0.00115689,-0.00115307,-0.00114928,-0.0011455,-0.00114175,-0.00113802,-0.0011343,-0.00113061,-0.00112694,-0.00112329,-0.00111965,-0.00111604,-0.00111245,-0.00110887,-0.00110532,-0.00110178,-0.00109826,-0.00109476,-0.00109128,-0.00108782,-0.00108438,-0.00108095,-0.00107754,-0.00107415,-0.00107078,-0.00106743,-0.00106409,-0.00106077,-0.00105747,-0.00105418,-0.00105092,-0.00104766,-0.00104443,-0.00104121,-0.00103801,-0.00103482,-0.00103166,-0.0010285,-0.00102537,-0.00102225,-0.00101914,-0.00101605,-0.00101298,-0.00100992,-0.00100688,-0.00100385,-0.00100084,-0.000997838,-0.000994855,-0.000991888,-0.000988935,-0.000985996,-0.000983072,-0.000980163,-0.000977268,-0.000974387,-0.00097152,-0.000968668,-0.000965829,-0.000963004,-0.000960193,-0.000957395,-0.000954611,-0.000951841,-0.000949084,-0.00094634,-0.000943609,-0.000940892,-0.000938187,-0.000935496,-0.000932817,-0.000930151,-0.000927498,-0.000924857,-0.000922229,-0.000919613,-0.00091701,-0.000914418,-0.000911839,-0.000909273,-0.000906718,-0.000904175,-0.000901644,-0.000899125,-0.000896617,-0.000894121,-0.000891637,-0.000889164,-0.000886703,-0.000884252,-0.000881814,-0.000879386,-0.000876969,-0.000874564,-0.00087217,-0.000869786,-0.000867413,-0.000865051,-0.000860847,-0.000854815,-0.000846976,-0.000837358,-0.000825993,-0.000812923,-0.000798191,-0.000781849,-0.000763952,-0.000744562,-0.000723745,-0.000701571,-0.000678114,-0.000653452,-0.000627668,-0.000600846,-0.000573073,-0.00054444,-0.000515038,-0.000484959,-0.000454298,-0.00042315,-0.00039161,-0.000359773,-0.000327733,-0.000295584,-0.000263419,-0.000231327,-0.000199398,-0.000167718,-0.000136371,-0.000105437,-7.49956e-05,-4.51197e-05,-1.58806e-05,1.26551e-05,4.04245e-05,6.73689e-05,9.34341e-05,0.00011857,0.000142732,0.000165878,0.000187973,0.000208985,0.000228887,0.000247657,0.000265277,0.000281734,0.000297019,0.000311127,0.000324058,0.000335814,0.000346404,0.000355837,0.000364129,0.000371297,0.000377361,0.000382345,0.000386274,0.000389178,0.000391086,0.000392032,0.000392048,0.000391171,0.000389437,0.000386884,0.00038355,0.000379475,0.000374697,0.000369256,0.000363191,0.000356541,0.000349345,0.00034164,0.000333464,0.000324852,0.000315841,0.000306462,0.000296751,0.000286736,0.000276449,0.000265918,0.000255168,0.000244225,0.000233112,0.000221851,0.000210462,0.000198962,0.000187368,0.000175695,0.000163957,0.000152164,0.000140328,0.000128456,0.000116557,0.000104636,9.26988e-05,8.07487e-05,6.87891e-05
-0.00113061,-0.00112694,-0.00112329,-0.00111965,-0.00111604,-0.00111245,-0.00110887,-0.00110532,-0.00110178,-0.00109826,-0.00109476,-0.00109128,-0.00108782,-0.00108438,-0.00108095,-0.00107754,-0.00107415,-0.00107078,-0.00106743,-0.00106409,-0.00106077,-0.00105747,-0.00105418,-0.00105092,-0.00104766,-0.00104443,-0.00104121,-0.00103801,-0.00103482,-0.00103166,-0.0010285,-0.00102537,-0.00102225,-0.00101914,-0.00101605,-0.00101298,-0.00100992,-0.00100688,-0.00100385,-0.00100084,-0.000997838,-0.000994855,-0.000991888,-0.000988935,-0.000985996,-0.000983072,-0.000980163,-0.000977268,-0.000974387,-0.00097152,-0.000968668,-0.000965829,-0.000963004,-0.000960193,-0.000957395,-0.000954611,-0.000951841,-0.000949084,-0.00094634,-0.000943609,-0.000940892,-0.000938187,-0.000935496,-0.000932817,-0.000930151,-0.000927498,-0.000924857,-0.000922229,-0.000919613,-0.00091701,-0.000914418,-0.000911839,-0.000909273,-0.000906718,-0.000904175,-0.000901644,-0.000899125,-0.000896617,-0.000894121,-0.000891637,-0.000889164,-0.000886703,-0.000884252,-0.000881814,-0.000879386,-0.000876969,-0.000874564,-0.00087217,-0.000869786,-0.000867413,-0.000865051,-0.0008627,-0.000860359,-0.000858029,-0.00085571,-0.000853401,-0.000851102,-0.000848813,-0.000846535,-0.000844267,-0.000842009,-0.000837989,-0.000832221,-0.000824724,-0.000815524,-0.000804653,-0.000792148,-0.000778052,-0.000762411,-0.000745279,-0.000726713,-0.000706776,-0.000685533,-0.000663055,-0.000639415,-0.000614691,-0.000588963,-0.000562312,-0.000534824,-0.000506586,-0.000477685,-0.00044821,-0.000418252,-0.0003879,-0.000357244,-0.000326374,-0.00029538,-0.000264348,-0.000233366,-0.000202518,-0.000171886,-0.000141551,-0.00011159,-8.2078e-05,-5.30862e-05,-2.46829e-05,3.06745e-06,3.01039e-05,5.63695e-05,8.18114e-05,0.000106381,0.000130033,0.000152727,0.000174429,0.000195105,0.000214728,0.000233277,0.000250731,0.000267076,0.000282303,0.000296404,0.000309377,0.000321224,0.00033195,0.000341563,0.000350074,0.0003575,0.000363857,0.000369166,0.00037345,0.000376736,0.000379049,0.000380421,0.000380881,0.000380463,0.0003792,0.000377128,0.000374281,0.000370697,0.000366411,0.000361461,0.000355883,0.000349715,0.000342992,0.000335751,0.000328027,0.000319854,0.000311266,0.000302296,0.000292974,0.000283331,0.000273396,0.000263197,0.000252758,0.000242106,0.000231262,0.000220249,0.000209087,0.000197793,0.000186384,0.000174877,0.000163284,0.000151619,0.000139891,0.000128112,0.00011629,0.000104431,9.25432e-05,8.06305e-05,6.86978e-05
-0.00109476,-0.00109128,-0.00108782,-0.00108438,-0.00108095,-0.00107754,-0.00107415,-0.00107078,-0.00106743,-0.00106409,-0.00106077,-0.00105747,-0.00105418,-0.00105092,-0.00104766,-0.00104443,-0.00104121,-0.00103801,-0.00103482,-0.00103166,-0.0010285,-0.00102537,-0.00102225,-0.00101914,-0.00101605,-0.00101298,-0.00100992,-0.00100688,-0.00100385,-0.00100084,-0.000997838,-0.000994855,-0.000991888,-0.000988935,-0.000985996,-0.000983072,-0.000980163,-0.000977268,-0.000974387,-0.00097152,-0.000968668,-0.000965829,-0.000963004,-0.000960193,-0.000957395,-0.000954611,-0.000951841,-0.000949084,-0.00094634,-0.000943609,-0.000940892,-0.000938187,-0.000935496,-0.000932817,-0.000930151,-0.000927498,-0.000924857,-0.000922229,-0.000919613,-0.00091701,-0.000914418,-0.000911839,-0.000909273,-0.000906718,-0.000904175,-0.000901644,-0.000899125,-0.000896617,-0.000894121,-0.000891637,-0.000889164,-0.000886703,-0.000884252,-0.000881814,-0.000879386,-0.000876969,-0.000874564,-0.00087217,-0.000869786,-0.000867413,-0.000865051,-0.0008627,-0.000860359,-0.000858029,-0.00085571,-0.000853401,-0.000851102,-0.000848813,-0.000846535,-0.000844267,-0.000842009,-0.000839761,-0.000837523,-0.000835295,-0.000833077,-0.000830869,-0.00082867,-0.000826481,-0.000824302,-0.000822133,-0.000819972,-0.000816126,-0.000810605,-0.00080343,-0.000794624,-0.000784217,-0.000772243,-0.000758744,-0.000743763,-0.000727351,-0.000709561,-0.000690452,-0.000670087,-0.000648532,-0.000625856,-0.000602132,-0.000577436,-0.000551845,-0.00052544,-0.000498303,-0.000470516,-0.000442164,-0.000413333,-0.000384108,-0.000354574,-0.000324817,-0.000294921,-0.00026497,-0.000235046,-0.00020523,-0.000175601,-0.000146235,-0.000117208,-8.85895e-05,-6.04496e-05,-3.28536e-05,-5.86395e-06,2.04605e-05,4.60644e-05,7.08962e-05,9.49082e-05,0.000118057,0.000140302,0.000161607,0.000181942,0.000201279,0.000219594,0.000236867,0.000253083,0.000268231,0.000282302,0.000295293,0.000307203,0.000318035,0.000327795,0.000336494,0.000344143,0.000350758,0.000356356,0.00036096,0.00036459,0.000367272,0.000369033,0.000369901,0.000369906,0.00036908,0.000367453,0.00036506,0.000361934,0.00035811,0.000353621,0.000348503,0.00034279,0.000336516,0.000329716,0.000322423,0.00031467,0.000306488,0.00029791,0.000288966,0.000279683,0.000270092,0.000260218,0.000250086,0.000239721,0.000229146,0.000218382,0.000207449,0.000196366,0.000185149,0.000173815,0.000162378,0.00015085,0.000139245,0.000127572,0.000115842,0.000104062,9.22395e-05,8.0382e-05,6.84948e-05
-0.00106077,-0.00105747,-0.00105418,-0.00105092,-0.00104766,-0.00104443,-0.00104121,-0.00103801,-0.00103482,-0.00103166,-0.0010285,-0.00102537,-0.00102225,-0.00101914,-0.00101605,-0.00101298,-0.00100992,-0.00100688,-0.00100385,-0.00100084,-0.000997838,-0.000994855,-0.000991888,-0.000988935,-0.000985996,-0.000983072,-0.000980163,-0.000977268,-0.000974387,-0.00097152,-0.000968668,-0.000965829,-0.000963004,-0.000960193,-0.000957395,-0.000954611,-0.000951841,-0.000949084,-0.00094634,-0.000943609,-0.000940892,-0.000938187,-0.000935496,-0.000932817,-0.000930151,-0.000927498,-0.000924857,-0.000922229,-0.000919613,-0.00091701,-0.000914418,-0.000911839,-0.000909273,-0.000906718,-0.000904175,-0.000901644,-0.000899125,-0.000896617,-0.000894121,-0.000891637,-0.000889164,-0.000886703,-0.000884252,-0.000881814,-0.000879386,-0.000876969,-0.000874564,-0.00087217,-0.000869786,-0.000867413,-0.000865051,-0.0008627,-0.000860359,-0.000858029,-0.00085571,-0.000853401,-0.000851102,-0.000848813,-0.000846535,-0.000844267,-0.000842009,-0.000839761,-0.000837523,-0.000835295,-0.000833077,-0.000830869,-0.00082867,-0.000826481,-0.000824302,-0.000822133,-0.000819972,-0.000817822,-0.00081568,-0.000813548,-0.000811425,-0.000809312,-0.000807207,-0.000805112,-0.000803026,-0.000800949,-0.00079888,-0.000795197,-0.00078991,-0.000783037,-0.000774601,-0.000764631,-0.000753158,-0.000740221,-0.000725862,-0.000710127,-0.000693069,-0.000674742,-0.000655204,-0.00063452,-0.000612754,-0.000589974,-0.000566253,-0.000541664,-0.000516284,-0.000490188,-0.000463457,-0.00043617,-0.000408409,-0.000380253,-0.000351785,-0.000323086,-0.000294236,-0.000265315,-0.000236401,-0.000207571,-0.000178902,-0.000150465,-0.000122333,-9.45749e-05,-6.72559e-05,-4.04398e-05,-1.41866e-05,1.14464e-05,3.64057e-05,6.0641e-05,8.41057e-05,0.000106757,0.000128555,0.000149465,0.000169456,0.000188498,0.000206569,0.000223649,0.00023972,0.000254771,0.000268792,0.000281777,0.000293725,0.000304637,0.000314517,0.000323373,0.000331214,0.000338055,0.00034391,0.000348798,0.00035274,0.000355756,0.000357873,0.000359114,0.000359509,0.000359085,0.000357872,0.000355901,0.000353203,0.000349811,0.000345755,0.00034107,0.000335787,0.000329938,0.000323557,0.000316675,0.000309323,0.000301532,0.000293332,0.000284751,0.000275819,0.000266562,0.000257006,0.000247176,0.000237096,0.000226788,0.000216273,0.000205572,0.000194703,0.000183684,0.00017253,0.000161256,0.000149877,0.000138405,0.000126851,0.000115226,0.000103539,9.17985e-05,8.00127e-05,6.81884e-05
-0.0010285,-0.00102537,-0.00102225,-0.00101914,-0.00101605,-0.00101298,-0.00100992,-0.00100688,-0.00100385,-0.00100084,-0.000997838,-0.000994855,-0.000991888,-0.000988935,-0.000985996,-0.000983072,-0.000980163,-0.000977268,-0.000974387,-0.00097152,-0.000968668,-0.000965829,-0.000963004,-0.000960193,-0.000957395,-0.000954611,-0.000951841,-0.000949084,-0.00094634,-0.000943609,-0.000940892,-0.000938187,-0.000935496,-0.000932817,-0.000930151,-0.000927498,-0.000924857,-0.000922229,-0.000919613,-0.00091701,-0.000914418,-0.000911839,-0.000909273,-0.000906718,-0.000904175,-0.000901644,-0.000899125,-0.000896617,-0.000894121,-0.000891637,-0.000889164,-0.000886703,-0.000884252,-0.000881814,-0.000879386,-0.000876969,-0.000874564,-0.00087217,-0.000869786,-0.000867413,-0.000865051,-0.0008627,-0.000860359,-0.000858029,-0.00085571,-0.000853401,-0.000851102,-0.000848813,-0.000846535,-0.000844267,-0.000842009,-0.000839761,-0.000837523,-0.000835295,-0.000833077,-0.000830869,-0.00082867,-0.000826481,-0.000824302,-0.000822133,-0.000819972,-0.000817822,-0.00081568,-0.000813548,-0.000811425,-0.000809312,-0.000807207,-0.000805112,-0.000803026,-0.000800949,-0.00079888,-0.000796821,-0.000794771,-0.000792729,-0.000790696,-0.000788671,-0.000786656,-0.000784648,-0.00078265,-0.00078066,-0.000778678,-0.000775148,-0.00077008,-0.000763493,-0.000755406,-0.000745847,-0.000734846,-0.000722439,-0.000708666,-0.000693571,-0.000677202,-0.000659613,-0.000640857,-0.000620995,-0.000600088,-0.000578201,-0.000555403,-0.000531762,-0.000507351,-0.000482242,-0.000456512,-0.000430235,-0.000403489,-0.00037635,-0.000348896,-0.000321203,-0.00029335,-0.000265411,-0.000237461,-0.000209575,-0.000181823,-0.000154278,-0.000127006,-0.000100075,-7.35473e-05,-4.74844e-05,-2.19444e-05,3.01746e-06,2.7349e-05,5.10015e-05,7.39293e-05,9.60903e-05,0.000117446,0.000137961,0.000157604,0.000176348,0.000194168,0.000211043,0.000226956,0.000241893,0.000255845,0.000268805,0.000280769,0.000291736,0.000301709,0.000310695,0.0003187,0.000325737,0.000331819,0.000336961,0.000341182,0.000344501,0.000346941,0.000348525,0.000349278,0.000349226,0.000348396,0.000346818,0.000344519,0.00034153,0.000337881,0.000333603,0.000328726,0.00032328,0.000317297,0.000310806,0.000303838,0.000296421,0.000288584,0.000280356,0.000271762,0.00026283,0.000253585,0.000244052,0.000234252,0.00022421,0.000213944,0.000203476,0.000192825,0.000182007,0.00017104,0.000159938,0.000148716,0.000137386,0.000125963,0.000114455,0.000102875,9.12309e-05,7.9532e-05,6.77863e-05
-0.000997838,-0.000994855,-0.000991888,-0.000988935,-0.000985996,-0.000983072,-0.000980163,-0.000977268,-0.000974387,-0.00097152,-0.000968668,-0.000965829,-0.000963004,-0.000960193,-0.000957395,-0.000954611,-0.000951841,-0.000949084,-0.00094634,-0.000943609,-0.000940892,-0.000938187,-0.000935496,-0.000932817,-0.000930151,-0.000927498,-0.000924857,-0.000922229,-0.000919613,-0.00091701,-0.000914418,-0.000911839,-0.000909273,-0.000906718,-0.000904175,-0.000901644,-0.000899125,-0.000896617,-0.000894121,-0.000891637,-0.000889164,-0.000886703,-0.000884252,-0.000881814,-0.000879386,-0.000876969,-0.000874564,-0.00087217,-0.000869786,-0.000867413,-0.000865051,-0.0008627,-0.000860359,-0.000858029,-0.00085571,-0.000853401,-0.000851102,-0.000848813,-0.000846535,-0.000844267,-0.000842009,-0.000839761,-0.000837523,-0.000835295,-0.000833077,-0.000830869,-0.00082867,-0.000826481,-0.000824302,-0.000822133,-0.000819972,-0.000817822,-0.00081568,-0.000813548,-0.000811425,-0.000809312,-0.000807207,-0.000805112,-0.000803026,-0.000800949,-0.00079888,-0.000796821,-0.000794771,-0.000792729,-0.000790696,-0.000788671,-0.000786656,-0.000784648,-0.00078265,-0.00078066,-0.000778678,-0.000776704,-0.000774739,-0.000772783,-0.000770834,-0.000768894,-0.000766961,-0.000765037,-0.000763121,-0.000761213,-0.000759313,-0.000755927,-0.000751067,-0.000744748,-0.000736991,-0.000727819,-0.000717263,-0.000705357,-0.000692137,-0.000677646,-0.000661929,-0.000645036,-0.000627019,-0.000607934,-0.00058784,-0.000566798,-0.000544873,-0.00052213,-0.000498637,-0.000474465,-0.000449684,-0.000424366,-0.000398584,-0.000372411,-0.000345922,-0.000319189,-0.000292285,-0.000265283,-0.000238255,-0.000211271,-0.000184399,-0.000157708,-0.000131263,-0.000105127,-7.93626e-05,-5.40272e-05,-2.91776e-05,-4.86718e-06,1.88535e-05,4.19368e-05,6.43383e-05,8.60169e-05,0.000106935,0.000127057,0.000146352,0.000164792,0.000182354,0.000199015,0.000214758,0.000229569,0.000243436,0.000256351,0.00026831,0.000279311,0.000289355,0.000298445,0.000306589,0.000313795,0.000320075,0.000325443,0.000329914,0.000333507,0.000336241,0.000338137,0.000339218,0.000339509,0.000339034,0.00033782,0.000335893,0.000333282,0.000330015,0.00032612,0.000321626,0.000316561,0.000310956,0.000304838,0.000298235,0.000291177,0.000283689,0.0002758,0.000267535,0.00025892,0.000249978,0.000240735,0.000231213,0.000221433,0.000211416,0.000201182,0.00019075,0.000180138,0.000169362,0.000158438,0.000147381,0.000136205,0.000124921,0.000113543,0.000102081,9.05467e-05,7.89486e-05,6.72961e-05
-0.000968668,-0.000965829,-0.000963004,-0.000960193,-0.000957395,-0.000954611,-0.000951841,-0.000949084,-0.00094634,-0.000943609,-0.000940892,-0.000938187,-0.000935496,-0.000932817,-0.000930151,-0.000927498,-0.000924857,-0.000922229,-0.000919613,-0.00091701,-0.000914418,-0.000911839,-0.000909273,-0.000906718,-0.000904175,-0.000901644,-0.000899125,-0.000896617,-0.000894121,-0.000891637,-0.000889164,-0.000886703,-0.000884252,-0.000881814,-0.000879386,-0.000876969,-0.000874564,-0.00087217,-0.000869786,-0.000867413,-0.000865051,-0.0008627,-0.000860359,-0.000858029,-0.00085571,-0.000853401,-0.000851102,-0.000848813,-0.000846535,-0.000844267,-0.000842009,-0.000839761,-0.000837523,-0.000835295,-0.000833077,-0.000830869,-0.00082867,-0.000826481,-0.000824302,-0.000822133,-0.000819972,-0.000817822,-0.00081568,-0.000813548,-0.000811425,-0.000809312,-0.000807207,-0.000805112,-0.000803026,-0.000800949,-0.00079888,-0.000796821,-0.000794771,-0.000792729,-0.000790696,-0.000788671,-0.000786656,-0.000784648,-0.00078265,-0.00078066,-0.000778678,-0.000776704,-0.000774739,-0.000772783,-0.000770834,-0.000768894,-0.000766961,-0.000765037,-0.000763121,-0.000761213,-0.000759313,-0.000757421,-0.000755536,-0.000753659,-0.000751791,-0.000749929,-0.000748076,-0.00074623,-0.000744392,-0.000742561,-0.000740738,-0.000737489,-0.000732824,-0.000726759,-0.000719312,-0.000710507,-0.000700371,-0.000688937,-0.00067624,-0.00066232,-0.000647219,-0.000630984,-0.000613666,-0.000595316,-0.000575992,-0.00055575,-0.000534651,-0.00051276,-0.000490138,-0.000466854,-0.000442974,-0.000418567,-0.000393703,-0.00036845,-0.000342879,-0.00031706,-0.000291062,-0.000264955,-0.000238808,-0.000212687,-0.000186658,-0.000160787,-0.000135136,-0.000109767,-8.47372e-05,-6.01047e-05,-3.59235e-05,-1.22452e-05,1.0881e-05,3.34089e-05,5.52951e-05,7.64993e-05,9.69842e-05,0.000116716,0.000135663,0.000153797,0.000171095,0.000187535,0.000203098,0.000217769,0.000231537,0.000244392,0.000256329,0.000267343,0.000277436,0.000286609,0.000294867,0.000302217,0.00030867,0.000314237,0.000318931,0.00032277,0.00032577,0.000327952,0.000329334,0.000329941,0.000329794,0.000328918,0.000327338,0.00032508,0.00032217,0.000318635,0.000314502,0.000309798,0.000304551,0.000298788,0.000292535,0.00028582,0.000278668,0.000271106,0.000263159,0.000254851,0.000246206,0.000237247,0.000227997,0.000218477,0.000208708,0.000198708,0.000188498,0.000178095,0.000167515,0.000156775,0.00014589,0.000134873,0.00012374,0.000112501,0.000101169,8.97558e-05,7.82711e-05,6.67253e-05
-0.000940892,-0.000938187,-0.000935496,-0.000932817,-0.000930151,-0.000927498,-0.000924857,-0.000922229,-0.000919613,-0.00091701,-0.000914418,-0.000911839,-0.000909273,-0.000906718,-0.000904175,-0.000901644,-0.000899125,-0.000896617,-0.000894121,-0.000891637,-0.000889164,-0.000886703,-0.000884252,-0.000881814,-0.000879386,-0.000876969,-0.000874564,-0.00087217,-0.000869786,-0.000867413,-0.000865051,-0.0008627,-0.000860359,-0.000858029,-0.00085571,-0.000853401,-0.000851102,-0.000848813,-0.000846535,-0.000844267,-0.000842009,-0.000839761,-0.000837523,-0.000835295,-0.000833077,-0.000830869,-0.00082867,-0.000826481,-0.000824302,-0.000822133,-0.000819972,-0.000817822,-0.00081568,-0.000813548,-0.000811425,-0.000809312,-0.000807207,-0.000805112,-0.000803026,-0.000800949,-0.00079888,-0.000796821,-0.000794771,-0.000792729,-0.000790696,-0.000788671,-0.000786656,-0.000784648,-0.00078265,-0.00078066,-0.000778678,-0.000776704,-0.000774739,-0.000772783,-0.000770834,-0.000768894,-0.000766961,-0.000765037,-0.000763121,-0.000761213,-0.000759313,-0.000757421,-0.000755536,-0.000753659,-0.000751791,-0.000749929,-0.000748076,-0.00074623,-0.000744392,-0.000742561,-0.000740738,-0.000738922,-0.000737114,-0.000735312,-0.000733519,-0.000731732,-0.000729953,-0.000728181,-0.000726416,-0.000724659,-0.000722908,-0.000719788,-0.000715308,-0.000709482,-0.000702329,-0.00069387,-0.000684132,-0.000673145,-0.000660942,-0.000647561,-0.000633043,-0.000617432,-0.000600775,-0.000583122,-0.000564526,-0.000545042,-0.000524728,-0.000503644,-0.000481849,-0.000459409,-0.000436385,-0.000412845,-0.000388852,-0.000364475,-0.000339779,-0.000314832,-0.0002897,-0.000264448,-0.000239143,-0.000213849,-0.000188628,-0.000163544,-0.000138657,-0.000114024,-8.97041e-05,-6.57506e-05,-4.22164e-05,-1.91515e-05,3.39652e-06,2.53826e-05,4.67644e-05,6.75027e-05,8.75607e-05,0.000106905,0.000125504,0.000143332,0.000160362,0.000176574,0.000191948,0.00020647,0.000220125,0.000232906,0.000244803,0.000255814,0.000265936,0.000275171,0.000283521,0.000290993,0.000297595,0.000303336,0.00030823,0.000312289,0.000315531,0.000317971,0.000319629,0.000320526,0.000320682,0.00032012,0.000318862,0.000316934,0.000314359,0.000311162,0.00030737,0.000303007,0.0002981,0.000292674,0.000286756,0.000280369,0.00027354,0.000266293,0.000258653,0.000250644,0.000242287,0.000233608,0.000224625,0.000215362,0.000205839,0.000196073,0.000186086,0.000175894,0.000165514,0.000154962,0.000144255,0.000133406,0.00012243,0.00011134,0.000100149,8.88673e-05,7.75077e-05,6.60807e-05
-0.000914418,-0.000911839,-0.000909273,-0.000906718,-0.000904175,-0.000901644,-0.000899125,-0.000896617,-0.000894121,-0.000891637,-0.000889164,-0.000886703,-0.000884252,-0.000881814,-0.000879386,-0.000876969,-0.000874564,-0.00087217,-0.000869786,-0.000867413,-0.000865051,-0.0008627,-0.000860359,-0.000858029,-0.00085571,-0.000853401,-0.000851102,-0.000848813,-0.000846535,-0.000844267,-0.000842009,-0.000839761,-0.000837523,-0.000835295,-0.000833077,-0.000830869,-0.00082867,-0.000826481,-0.000824302,-0.000822133,-0.000819972,-0.000817822,-0.00081568,-0.000813548,-0.000811425,-0.000809312,-0.000807207,-0.000805112,-0.000803026,-0.000800949,-0.00079888,-0.000796821,-0.000794771,-0.000792729,-0.000790696,-0.000788671,-0.000786656,-0.000784648,-0.00078265,-0.00078066,-0.000778678,-0.000776704,-0.000774739,-0.000772783,-0.000770834,-0.000768894,-0.000766961,-0.000765037,-0.000763121,-0.000761213,-0.000759313,-0.000757421,-0.000755536,-0.000753659,-0.000751791,-0.000749929,-0.000748076,-0.00074623,-0.000744392,-0.000742561,-0.000740738,-0.000738922,-0.000737114,-0.000735312,-0.000733519,-0.000731732,-0.000729953,-0.000728181,-0.000726416,-0.000724659,-0.000722908,-0.000721165,-0.000719428,-0.000717698,-0.000715976,-0.00071426,-0.000712551,-0.000710849,-0.000709153,-0.000707465,-0.000705783,-0.000702785,-0.000698479,-0.00069288,-0.000686005,-0.000677873,-0.000668511,-0.000657946,-0.000646211,-0.000633341,-0.000619375,-0.000604354,-0.000588324,-0.000571331,-0.000553426,-0.000534662,-0.000515092,-0.000494774,-0.000473766,-0.000452126,-0.000429918,-0.000407201,-0.00038404,-0.000360497,-0.000336636,-0.00031252,-0.000288214,-0.00026378,-0.000239281,-0.000214779,-0.000190334,-0.000166005,-0.000141852,-0.00011793,-9.42933e-05,-7.09959e-05,-4.80881e-05,-2.56182e-05,-3.63254e-06,1.78252e-05,3.87138e-05,5.89947e-05,7.8632e-05,9.75926e-05,0.000115846,0.000133365,0.000150125,0.000166103,0.000181282,0.000195644,0.000209177,0.000221869,0.000233714,0.000244704,0.000254839,0.000264116,0.000272539,0.000280112,0.000286841,0.000292735,0.000297804,0.000302061,0.00030552,0.000308196,0.000310106,0.000311269,0.000311704,0.000311433,0.000310475,0.000308854,0.000306593,0.000303715,0.000300243,0.000296203,0.000291618,0.000286514,0.000280913,0.000274841,0.000268322,0.000261379,0.000254036,0.000246316,0.000238242,0.000229834,0.000221115,0.000212106,0.000202826,0.000193294,0.00018353,0.000173551,0.000163373,0.000153015,0.000142491,0.000131816,0.000121006,0.000110072,9.90297e-05,8.78903e-05,7.66662e-05,6.5369e-05
-0.000889164,-0.000886703,-0.000884252,-0.000881814,-0.000879386,-0.000876969,-0.000874564,-0.00087217,-0.000869786,-0.000867413,-0.000865051,-0.0008627,-0.000860359,-0.000858029,-0.00085571,-0.000853401,-0.000851102,-0.000848813,-0.000846535,-0.000844267,-0.000842009,-0.000839761,-0.000837523,-0.000835295,-0.000833077,-0.000830869,-0.00082867,-0.000826481,-0.000824302,-0.000822133,-0.000819972,-0.000817822,-0.00081568,-0.000813548,-0.000811425,-0.000809312,-0.000807207,-0.000805112,-0.000803026,-0.000800949,-0.00079888,-0.000796821,-0.000794771,-0.000792729,-0.000790696,-0.000788671,-0.000786656,-0.000784648,-0.00078265,-0.00078066,-0.000778678,-0.000776704,-0.000774739,-0.000772783,-0.000770834,-0.000768894,-0.000766961,-0.000765037,-0.000763121,-0.000761213,-0.000759313,-0.000757421,-0.000755536,-0.000753659,-0.000751791,-0.000749929,-0.000748076,-0.00074623,-0.000744392,-0.000742561,-0.000740738,-0.000738922,-0.000737114,-0.000735312,-0.000733519,-0.000731732,-0.000729953,-0.000728181,-0.000726416,-0.000724659,-0.000722908,-0.000721165,-0.000719428,-0.000717698,-0.000715976,-0.00071426,-0.000712551,-0.000710849,-0.000709153,-0.000707465,-0.000705783,-0.000704108,-0.000702439,-0.000700777,-0.000699121,-0.000697472,-0.00069583,-0.000694194,-0.000692564,-0.000690941,-0.000689324,-0.000686441,-0.000682301,-0.000676916,-0.000670303,-0.000662482,-0.000653476,-0.000643312,-0.00063202,-0.000619634,-0.00060619,-0.000591729,-0.000576293,-0.000559927,-0.000542678,-0.000524596,-0.000505733,-0.000486144,-0.000465882,-0.000445005,-0.000423572,-0.00040164,-0.00037927,-0.000356523,-0.000333458,-0.000310137,-0.00028662,-0.000262969,-0.000239242,-0.000215498,-0.000191797,-0.000168194,-0.000144747,-0.000121509,-9.85327e-05,-7.58693e-05,-5.35679e-05,-3.16753e-05,-1.02364e-05,1.07063e-05,3.11127e-05,5.09451e-05,7.01683e-05,8.87497e-05,0.000106659,0.00012387,0.000140357,0.000156098,0.000171075,0.00018527,0.00019867,0.000211263,0.000223041,0.000233997,0.000244128,0.000253431,0.000261909,0.000269563,0.0002764,0.000282426,0.000287649,0.000292082,0.000295736,0.000298625,0.000300765,0.000302173,0.000302866,0.000302863,0.000302184,0.00030085,0.000298882,0.000296303,0.000293134,0.000289398,0.000285119,0.00028032,0.000275023,0.000269252,0.00026303,0.00025638,0.000249325,0.000241886,0.000234085,0.000225944,0.000217484,0.000208725,0.000199686,0.000190387,0.000180846,0.000171081,0.000161109,0.000150947,0.000140611,0.000130116,0.000119476,0.000108707,9.78217e-05,8.6833e-05,7.57539e-05,6.45966e-05
-0.000865051,-0.0008627,-0.000860359,-0.000858029,-0.00085571,-0.000853401,-0.000851102,-0.000848813,-0.000846535,-0.000844267,-0.000842009,-0.000839761,-0.000837523,-0.000835295,-0.000833077,-0.000830869,-0.00082867,-0.000826481,-0.000824302,-0.000822133,-0.000819972,-0.000817822,-0.00081568,-0.000813548,-0.000811425,-0.000809312,-0.000807207,-0.000805112,-0.000803026,-0.000800949,-0.00079888,-0.000796821,-0.000794771,-0.000792729,-0.000790696,-0.000788671,-0.000786656,-0.000784648,-0.00078265,-0.00078066,-0.000778678,-0.000776704,-0.000774739,-0.000772783,-0.000770834,-0.000768894,-0.000766961,-0.000765037,-0.000763121,-0.000761213,-0.000759313,-0.000757421,-0.000755536,-0.000753659,-0.000751791,-0.000749929,-0.000748076,-0.00074623,-0.000744392,-0.000742561,-0.000740738,-0.000738922,-0.000737114,-0.000735312,-0.000733519,-0.000731732,-0.000729953,-0.000728181,-0.000726416,-0.000724659,-0.000722908,-0.000721165,-0.000719428,-0.000717698,-0.000715976,-0.00071426,-0.000712551,-0.000710849,-0.000709153,-0.000707465,-0.000705783,-0.000704108,-0.000702439,-0.000700777,-0.000699121,-0.000697472,-0.00069583,-0.000694194,-0.000692564,-0.000690941,-0.000689324,-0.000687713,-0.000686109,-0.00068451,-0.000682918,-0.000681333,-0.000679753,-0.000678179,-0.000676612,-0.00067505,-0.000673495,-0.000670721,-0.000666738,-0.000661557,-0.000655193,-0.000647665,-0.000638996,-0.000629212,-0.00061834,-0.000606413,-0.000593466,-0.000579536,-0.000564663,-0.000548892,-0.000532266,-0.000514833,-0.000496642,-0.000477745,-0.000458194,-0.000438043,-0.000417347,-0.000396163,-0.000374548,-0.00035256,-0.000330256,-0.000307694,-0.000284932,-0.000262029,-0.000239041,-0.000216026,-0.000193039,-0.000170134,-0.000147366,-0.000124787,-0.000102448,-8.03972e-05,-5.86829e-05,-3.73504e-05,-1.6443e-05,3.99783e-06,2.39331e-05,4.33259e-05,6.21418e-05,8.03487e-05,9.79173e-05,0.00011482,0.000131033,0.000146534,0.000161304,0.000175325,0.000188584,0.000201067,0.000212767,0.000223676,0.000233789,0.000243103,0.000251618,0.000259337,0.000266263,0.000272401,0.00027776,0.000282348,0.000286177,0.000289259,0.000291608,0.00029324,0.00029417,0.000294415,0.000293995,0.000292929,0.000291236,0.000288937,0.000286053,0.000282605,0.000278616,0.000274107,0.0002691,0.000263617,0.000257681,0.000251313,0.000244535,0.000237368,0.000229834,0.000221954,0.000213747,0.000205234,0.000196434,0.000187366,0.000178048,0.000168498,0.000158734,0.000148771,0.000138626,0.000128316,0.000117854,0.000107255,9.65337e-05,8.57035e-05,7.47778e-05,6.37693e-05
-0.000842009,-0.000839761,-0.000837523,-0.000835295,-0.000833077,-0.000830869,-0.00082867,-0.000826481,-0.000824302,-0.000822133,-0.000819972,-0.000817822,-0.00081568,-0.000813548,-0.000811425,-0.000809312,-0.000807207,-0.000805112,-0.000803026,-0.000800949,-0.00079888,-0.000796821,-0.000794771,-0.000792729,-0.000790696,-0.000788671,-0.000786656,-0.000784648,-0.00078265,-0.00078066,-0.000778678,-0.000776704,-0.000774739,-0.000772783,-0.000770834,-0.000768894,-0.000766961,-0.000765037,-0.000763121,-0.000761213,-0.000759313,-0.000757421,-0.000755536,-0.000753659,-0.000751791,-0.000749929,-0.000748076,-0.00074623,-0.000744392,-0.000742561,-0.000740738,-0.000738922,-0.000737114,-0.000735312,-0.000733519,-0.000731732,-0.000729953,-0.000728181,-0.000726416,-0.000724659,-0.000722908,-0.000721165,-0.000719428,-0.000717698,-0.000715976,-0.00071426,-0.000712551,-0.000710849,-0.000709153,-0.000707465,-0.000705783,-0.000704108,-0.000702439,-0.000700777,-0.000699121,-0.000697472,-0.00069583,-0.000694194,-0.000692564,-0.000690941,-0.000689324,-0.000687713,-0.000686109,-0.00068451,-0.000682918,-0.000681333,-0.000679753,-0.000678179,-0.000676612,-0.00067505,-0.000673495,-0.000671945,-0.000670402,-0.000668864,-0.000667332,-0.000665807,-0.000664286,-0.000662772,-0.000661264,-0.000659761,-0.000658264,-0.000655594,-0.000651759,-0.00064677,-0.000640642,-0.000633393,-0.000625044,-0.00061562,-0.000605146,-0.000593655,-0.000581179,-0.000567753,-0.000553417,-0.00053821,-0.000522176,-0.00050536,-0.000487808,-0.00046957,-0.000450695,-0.000431236,-0.000411244,-0.000390773,-0.000369879,-0.000348615,-0.000327037,-0.000305201,-0.000283162,-0.000260975,-0.000238697,-0.000216379,-0.000194078,-0.000171844,-0.00014973,-0.000127787,-0.000106062,-8.4604e-05,-6.34583e-05,-4.26691e-05,-2.22785e-05,-2.32657e-06,1.71484e-05,3.61106e-05,5.45263e-05,7.23639e-05,8.95945e-05,0.000106191,0.00012213,0.000137388,0.000151946,0.000165788,0.000178898,0.000191263,0.000202875,0.000213724,0.000223806,0.000233117,0.000241655,0.000249422,0.00025642,0.000262654,0.00026813,0.000272855,0.000276841,0.000280097,0.000282636,0.000284471,0.000285619,0.000286095,0.000285915,0.000285098,0.000283662,0.000281626,0.00027901,0.000275834,0.00027212,0.000267886,0.000263156,0.000257949,0.000252287,0.00024619,0.000239681,0.000232778,0.000225504,0.000217878,0.00020992,0.000201649,0.000193085,0.000184246,0.000175151,0.000165816,0.00015626,0.000146499,0.00013655,0.000126427,0.000116147,0.000105725,9.51739e-05,8.45093e-05,7.37445e-05,6.28928e-05
-0.000819972,-0.000817822,-0.00081568,-0.000813548,-0.000811425,-0.000809312,-0.000807207,-0.000805112,-0.000803026,-0.000800949,-0.00079888,-0.000796821,-0.000794771,-0.000792729,-0.000790696,-0.000788671,-0.000786656,-0.000784648,-0.00078265,-0.00078066,-0.000778678,-0.000776704,-0.000774739,-0.000772783,-0.000770834,-0.000768894,-0.000766961,-0.000765037,-0.000763121,-0.000761213,-0.000759313,-0.000757421,-0.000755536,-0.000753659,-0.000751791,-0.000749929,-0.000748076,-0.00074623,-0.000744392,-0.000742561,-0.000740738,-0.000738922,-0.000737114,-0.000735312,-0.000733519,-0.000731732,-0.000729953,-0.000728181,-0.000726416,-0.000724659,-0.000722908,-0.000721165,-0.000719428,-0.000717698,-0.000715976,-0.00071426,-0.000712551,-0.000710849,-0.000709153,-0.000707465,-0.000705783,-0.000704108,-0.000702439,-0.000700777,-0.000699121,-0.000697472,-0.00069583,-0.000694194,-0.000692564,-0.000690941,-0.000689324,-0.000687713,-0.000686109,-0.00068451,-0.000682918,-0.000681333,-0.000679753,-0.000678179,-0.000676612,-0.00067505,-0.000673495,-0.000671945,-0.000670402,-0.000668864,-0.000667332,-0.000665807,-0.000664286,-0.000662772,-0.000661264,-0.000659761,-0.000658264,-0.000656772,-0.000655286,-0.000653806,-0.000652331,-0.000650862,-0.000649398,-0.00064794,-0.000646488,-0.00064504,-0.000643598,-0.000641027,-0.000637333,-0.000632527,-0.000626623,-0.000619639,-0.000611593,-0.000602511,-0.000592416,-0.000581339,-0.00056931,-0.000556364,-0.000542536,-0.000527867,-0.000512396,-0.000496167,-0.000479224,-0.000461613,-0.000443383,-0.000424582,-0.000405261,-0.000385471,-0.000365264,-0.000344692,-0.000323809,-0.000302667,-0.00028132,-0.000259821,-0.000238221,-0.000216575,-0.000194932,-0.000173344,-0.00015186,-0.000130529,-0.000109398,-8.85124e-05,-6.79173e-05,-4.76552e-05,-2.77668e-05,-8.29127e-06,1.07344e-05,2.9275e-05,4.72975e-05,6.47712e-05,8.16674e-05,9.79595e-05,0.000113623,0.000128637,0.000142981,0.000156638,0.000169593,0.000181833,0.000193347,0.000204127,0.000214166,0.000223461,0.000232009,0.000239809,0.000246865,0.000253178,0.000258754,0.000263599,0.000267723,0.000271135,0.000273847,0.000275869,0.000277217,0.000277904,0.000277947,0.000277362,0.000276166,0.000274377,0.000272014,0.000269096,0.000265641,0.00026167,0.000257203,0.00025226,0.000246861,0.000241026,0.000234776,0.00022813,0.000221108,0.00021373,0.000206016,0.000197983,0.000189652,0.000181041,0.000172166,0.000163047,0.000153701,0.000144143,0.000134391,0.00012446,0.000114366,0.000104125,9.37504e-05,8.32575e-05,7.26602e-05,6.19725e-05
-0.00079888,-0.000796821,-0.000794771,-0.000792729,-0.000790696,-0.000788671,-0.000786656,-0.000784648,-0.00078265,-0.00078066,-0.000778678,-0.000776704,-0.000774739,-0.000772783,-0.000770834,-0.000768894,-0.000766961,-0.000765037,-0.000763121,-0.000761213,-0.000759313,-0.000757421,-0.000755536,-0.000753659,-0.000751791,-0.000749929,-0.000748076,-0.00074623,-0.000744392,-0.000742561,-0.000740738,-0.000738922,-0.000737114,-0.000735312,-0.000733519,-0.000731732,-0.000729953,-0.000728181,-0.000726416,-0.000724659,-0.000722908,-0.000721165,-0.000719428,-0.000717698,-0.000715976,-0.00071426,-0.000712551,-0.000710849,-0.000709153,-0.000707465,-0.000705783,-0.000704108,-0.000702439,-0.000700777,-0.000699121,-0.000697472,-0.00069583,-0.000694194,-0.000692564,-0.000690941,-0.000689324,-0.000687713,-0.000686109,-0.00068451,-0.000682918,-0.000681333,-0.000679753,-0.000678179,-0.000676612,-0.00067505,-0.000673495,-0.000671945,-0.000670402,-0.000668864,-0.000667332,-0.000665807,-0.000664286,-0.000662772,-0.000661264,-0.000659761,-0.000658264,-0.000656772,-0.000655286,-0.000653806,-0.000652331,-0.000650862,-0.000649398,-0.00064794,-0.000646488,-0.00064504,-0.000643598,-0.000642162,-0.000640731,-0.000639305,-0.000637884,-0.000636469,-0.000635059,-0.000633654,-0.000632254,-0.00063086,-0.000629471,-0.000626992,-0.000623432,-0.0006188,-0.000613109,-0.000606376,-0.000598619,-0.000589861,-0.000580126,-0.000569442,-0.000557839,-0.000545349,-0.000532006,-0.000517848,-0.000502913,-0.000487242,-0.000470879,-0.000453866,-0.000436251,-0.000418079,-0.000399398,-0.000380258,-0.000360707,-0.000340798,-0.000320579,-0.000300102,-0.000279417,-0.000258576,-0.000237629,-0.000216626,-0.000195617,-0.00017465,-0.000153773,-0.000133032,-0.000112474,-9.21431e-05,-7.20815e-05,-5.23307e-05,-3.29306e-05,-1.39189e-05,4.66801e-06,2.2796e-05,4.04329e-05,5.75482e-05,7.41138e-05,9.01036e-05,0.000105494,0.000120262,0.000134389,0.000147858,0.000160652,0.000172759,0.000184168,0.000194869,0.000204855,0.000214123,0.000222667,0.000230488,0.000237587,0.000243964,0.000249625,0.000254576,0.000258822,0.000262374,0.000265241,0.000267433,0.000268964,0.000269847,0.000270097,0.000269728,0.000268756,0.000267199,0.000265074,0.000262398,0.00025919,0.000255469,0.000251253,0.000246563,0.000241416,0.000235833,0.000229833,0.000223435,0.000216659,0.000209523,0.000202047,0.000194249,0.000186148,0.000177761,0.000169107,0.000160203,0.000151066,0.000141713,0.00013216,0.000122424,0.00011252,0.000102464,9.22706e-05,8.19547e-05,7.15308e-05,6.10134e-05
-0.000778678,-0.000776704,-0.000774739,-0.000772783,-0.000770834,-0.000768894,-0.000766961,-0.000765037,-0.000763121,-0.000761213,-0.000759313,-0.000757421,-0.000755536,-0.000753659,-0.000751791,-0.000749929,-0.000748076,-0.00074623,-0.000744392,-0.000742561,-0.000740738,-0.000738922,-0.000737114,-0.000735312,-0.000733519,-0.000731732,-0.000729953,-0.000728181,-0.000726416,-0.000724659,-0.000722908,-0.000721165,-0.000719428,-0.000717698,-0.000715976,-0.00071426,-0.000712551,-0.000710849,-0.000709153,-0.000707465,-0.000705783,-0.000704108,-0.000702439,-0.000700777,-0.000699121,-0.000697472,-0.00069583,-0.000694194,-0.000692564,-0.000690941,-0.000689324,-0.000687713,-0.000686109,-0.00068451,-0.000682918,-0.000681333,-0.000679753,-0.000678179,-0.000676612,-0.00067505,-0.000673495,-0.000671945,-0.000670402,-0.000668864,-0.000667332,-0.000665807,-0.000664286,-0.000662772,-0.000661264,-0.000659761,-0.000658264,-0.000656772,-0.000655286,-0.000653806,-0.000652331,-0.000650862,-0.000649398,-0.00064794,-0.000646488,-0.00064504,-0.000643598,-0.000642162,-0.000640731,-0.000639305,-0.000637884,-0.000636469,-0.000635059,-0.000633654,-0.000632254,-0.00063086,-0.000629471,-0.000628086,-0.000626707,-0.000625333,-0.000623964,-0.0006226,-0.000621241,-0.000619886,-0.000618537,-0.000617193,-0.000615853,-0.000613463,-0.00061003,-0.000605563,-0.000600074,-0.00059358,-0.000586098,-0.000577649,-0.000568256,-0.000557947,-0.000546748,-0.000534692,-0.00052181,-0.000508139,-0.000493715,-0.000478577,-0.000462766,-0.000446324,-0.000429295,-0.000411722,-0.000393653,-0.000375134,-0.000356212,-0.000336935,-0.000317352,-0.000297511,-0.000277462,-0.000257253,-0.000236932,-0.000216547,-0.000196147,-0.000175778,-0.000155485,-0.000135315,-0.000115311,-9.55156e-05,-7.59707e-05,-5.67162e-05,-3.77905e-05,-1.92307e-05,-1.07189e-06,1.66525e-05,3.39109e-05,5.06737e-05,6.69131e-05,8.26033e-05,9.77206e-05,0.000112243,0.000126152,0.000139428,0.000152058,0.000164026,0.000175322,0.000185936,0.00019586,0.00020509,0.00021362,0.00022145,0.000228578,0.000235007,0.000240739,0.000245779,0.000250134,0.00025381,0.000256817,0.000259164,0.000260863,0.000261926,0.000262367,0.000262198,0.000261437,0.000260097,0.000258195,0.000255749,0.000252775,0.000249291,0.000245315,0.000240866,0.000235962,0.000230621,0.000224863,0.000218706,0.000212168,0.000205269,0.000198026,0.000190459,0.000182584,0.00017442,0.000165984,0.000157294,0.000148367,0.000139219,0.000129868,0.000120329,0.000110617,0.00010075,9.07414e-05,8.06071e-05,7.03618e-05,6.00201e-05
-0.000759313,-0.000757421,-0.000755536,-0.000753659,-0.000751791,-0.000749929,-0.000748076,-0.00074623,-0.000744392,-0.000742561,-0.000740738,-0.000738922,-0.000737114,-0.000735312,-0.000733519,-0.000731732,-0.000729953,-0.000728181,-0.000726416,-0.000724659,-0.000722908,-0.000721165,-0.000719428,-0.000717698,-0.000715976,-0.00071426,-0.000712551,-0.000710849,-0.000709153,-0.000707465,-0.000705783,-0.000704108,-0.000702439,-0.000700777,-0.000699121,-0.000697472,-0.00069583,-0.000694194,-0.000692564,-0.000690941,-0.000689324,-0.000687713,-0.000686109,-0.00068451,-0.000682918,-0.000681333,-0.000679753,-0.000678179,-0.000676612,-0.00067505,-0.000673495,-0.000671945,-0.000670402,-0.000668864,-0.000667332,-0.000665807,-0.000664286,-0.000662772,-0.000661264,-0.000659761,-0.000658264,-0.000656772,-0.000655286,-0.000653806,-0.000652331,-0.000650862,-0.000649398,-0.00064794,-0.000646488,-0.00064504,-0.000643598,-0.000642162,-0.000640731,-0.000639305,-0.000637884,-0.000636469,-0.000635059,-0.000633654,-0.000632254,-0.00063086,-0.000629471,-0.000628086,-0.000626707,-0.000625333,-0.000623964,-0.0006226,-0.000621241,-0.000619886,-0.000618537,-0.000617193,-0.000615853,-0.000614519,-0.000613189,-0.000611864,-0.000610543,-0.000609228,-0.000607917,-0.000606611,-0.00060531,-0.000604013,-0.000602721,-0.000600415,-0.000597103,-0.000592793,-0.000587497,-0.00058123,-0.000574009,-0.000565854,-0.000556787,-0.000546834,-0.000536021,-0.000524377,-0.000511935,-0.000498728,-0.000484791,-0.000470161,-0.000454877,-0.000438979,-0.000422509,-0.00040551,-0.000388025,-0.0003701,-0.000351778,-0.000333107,-0.000314133,-0.000294903,-0.000275463,-0.00025586,-0.00023614,-0.00021635,-0.000196536,-0.000176742,-0.000157014,-0.000137394,-0.000117925,-9.86479e-05,-7.96035e-05,-6.08305e-05,-4.23661e-05,-2.42463e-05,-6.50518e-06,1.08245e-05,2.7712e-05,4.41281e-05,6.00456e-05,7.54392e-05,9.02853e-05,0.000104562,0.000118251,0.000131333,0.000143794,0.000155618,0.000166796,0.000177315,0.000187169,0.000196351,0.000204857,0.000212684,0.000219831,0.000226299,0.000232089,0.000237206,0.000241655,0.000245441,0.000248574,0.000251061,0.000252914,0.000254142,0.00025476,0.000254778,0.000254212,0.000253076,0.000251385,0.000249155,0.000246403,0.000243145,0.000239398,0.00023518,0.000230509,0.000225402,0.000219877,0.000213953,0.000207648,0.000200979,0.000193964,0.000186622,0.00017897,0.000171026,0.000162807,0.000154331,0.000145613,0.000136671,0.000127522,0.000118181,0.000108665,9.89892e-05,8.91692e-05,7.92206e-05,6.91582e-05,5.89971e-05
-0.000740738,-0.000738922,-0.000737114,-0.000735312,-0.000733519,-0.000731732,-0.000729953,-0.000728181,-0.000726416,-0.000724659,-0.000722908,-0.000721165,-0.000719428,-0.000717698,-0.000715976,-0.00071426,-0.000712551,-0.000710849,-0.000709153,-0.000707465,-0.000705783,-0.000704108,-0.000702439,-0.000700777,-0.000699121,-0.000697472,-0.00069583,-0.000694194,-0.000692564,-0.000690941,-0.000689324,-0.000687713,-0.000686109,-0.00068451,-0.000682918,-0.000681333,-0.000679753,-0.000678179,-0.000676612,-0.00067505,-0.000673495,-0.000671945,-0.000670402,-0.000668864,-0.000667332,-0.000665807,-0.000664286,-0.000662772,-0.000661264,-0.000659761,-0.000658264,-0.000656772,-0.000655286,-0.000653806,-0.000652331,-0.000650862,-0.000649398,-0.00064794,-0.000646488,-0.00064504,-0.000643598,-0.000642162,-0.000640731,-0.000639305,-0.000637884,-0.000636469,-0.000635059,-0.000633654,-0.000632254,-0.00063086,-0.000629471,-0.000628086,-0.000626707,-0.000625333,-0.000623964,-0.0006226,-0.000621241,-0.000619886,-0.000618537,-0.000617193,-0.000615853,-0.000614519,-0.000613189,-0.000611864,-0.000610543,-0.000609228,-0.000607917,-0.000606611,-0.00060531,-0.000604013,-0.000602721,-0.000601433,-0.000600151,-0.000598872,-0.000597598,-0.000596329,-0.000595064,-0.000593804,-0.000592548,-0.000591297,-0.00059005,-0.000587825,-0.000584627,-0.000580467,-0.000575354,-0.000569303,-0.000562331,-0.000554456,-0.000545699,-0.000536085,-0.00052564,-0.00051439,-0.000502367,-0.000489603,-0.00047613,-0.000461985,-0.000447204,-0.000431826,-0.000415891,-0.000399439,-0.000382513,-0.000365155,-0.000347409,-0.000329319,-0.000310928,-0.000292283,-0.000273427,-0.000254406,-0.000235264,-0.000216046,-0.000196796,-0.000177557,-0.000158372,-0.000139283,-0.000120331,-0.000101556,-8.29972e-05,-6.46914e-05,-4.66754e-05,-2.89839e-05,-1.16504e-05,5.29344e-06,2.18173e-05,3.78929e-05,5.34932e-05,6.85934e-05,8.31703e-05,9.72025e-05,0.00011067,0.000123557,0.000135845,0.000147522,0.000158575,0.000168993,0.000178769,0.000187896,0.000196368,0.000204183,0.000211338,0.000217833,0.00022367,0.000228851,0.000233381,0.000237265,0.00024051,0.000243124,0.000245117,0.000246498,0.000247278,0.00024747,0.000247087,0.000246142,0.000244649,0.000242624,0.000240082,0.000237038,0.00023351,0.000229513,0.000225065,0.000220183,0.000214885,0.000209186,0.000203106,0.000196662,0.000189871,0.000182751,0.000175318,0.000167591,0.000159587,0.000151322,0.000142813,0.000134077,0.000125131,0.00011599,0.000106671,9.71888e-05,8.75603e-05,7.78005e-05,6.79248e-05,5.79484e-05
-0.000722908,-0.000721165,-0.000719428,-0.000717698,-0.000715976,-0.00071426,-0.000712551,-0.000710849,-0.000709153,-0.000707465,-0.000705783,-0.000704108,-0.000702439,-0.000700777,-0.000699121,-0.000697472,-0.00069583,-0.000694194,-0.000692564,-0.000690941,-0.000689324,-0.000687713,-0.000686109,-0.00068451,-0.000682918,-0.000681333,-0.000679753,-0.000678179,-0.000676612,-0.00067505,-0.000673495,-0.000671945,-0.000670402,-0.000668864,-0.000667332,-0.000665807,-0.000664286,-0.000662772,-0.000661264,-0.000659761,-0.000658264,-0.000656772,-0.000655286,-0.000653806,-0.000652331,-0.000650862,-0.000649398,-0.00064794,-0.000646488,-0.00064504,-0.000643598,-0.000642162,-0.000640731,-0.000639305,-0.000637884,-0.000636469,-0.000635059,-0.000633654,-0.000632254,-0.00063086,-0.000629471,-0.000628086,-0.000626707,-0.000625333,-0.000623964,-0.0006226,-0.000621241,-0.000619886,-0.000618537,-0.000617193,-0.000615853,-0.000614519,-0.000613189,-0.000611864,-0.000610543,-0.000609228,-0.000607917,-0.000606611,-0.00060531,-0.000604013,-0.000602721,-0.000601433,-0.000600151,-0.000598872,-0.000597598,-0.000596329,-0.000595064,-0.000593804,-0.000592548,-0.000591297,-0.00059005,-0.000588807,-0.000587569,-0.000586335,-0.000585106,-0.000583881,-0.00058266,-0.000581443,-0.00058023,-0.000579022,-0.000577818,-0.000575669,-0.000572582,-0.000568563,-0.000563625,-0.00055778,-0.000551045,-0.000543437,-0.000534976,-0.000525686,-0.000515591,-0.000504717,-0.000493094,-0.000480751,-0.000467722,-0.00045404,-0.00043974,-0.000424859,-0.000409435,-0.000393507,-0.000377115,-0.000360301,-0.000343105,-0.000325571,-0.00030774,-0.000289656,-0.000271361,-0.000252899,-0.000234313,-0.000215645,-0.000196938,-0.000178234,-0.000159574,-0.000140998,-0.000122546,-0.000104256,-8.61675e-05,-6.83153e-05,-5.07351e-05,-3.34607e-05,-1.65247e-05,4.19129e-08,1.62097e-05,3.19507e-05,4.72387e-05,6.20491e-05,7.6359e-05,9.01473e-05,0.000103394,0.000116083,0.000128197,0.000139722,0.000150646,0.000160958,0.00017065,0.000179714,0.000188144,0.000195937,0.00020309,0.000209602,0.000215474,0.000220708,0.000225308,0.000229278,0.000232623,0.000235352,0.000237472,0.000238993,0.000239924,0.000240277,0.000240065,0.000239299,0.000237993,0.000236161,0.000233818,0.000230978,0.000227658,0.000223874,0.00021964,0.000214975,0.000209894,0.000204415,0.000198554,0.000192329,0.000185756,0.000178853,0.000171636,0.000164124,0.000156331,0.000148277,0.000139976,0.000131445,0.000122702,0.000113762,0.000104641,9.5355e-05,8.59202e-05,7.63521e-05,6.66662e-05,5.68778e-05
-0.000705783,-0.000704108,-0.000702439,-0.000700777,-0.000699121,-0.000697472,-0.00069583,-0.000694194,-0.000692564,-0.000690941,-0.000689324,-0.000687713,-0.000686109,-0.00068451,-0.000682918,-0.000681333,-0.000679753,-0.000678179,-0.000676612,-0.00067505,-0.000673495,-0.000671945,-0.000670402,-0.000668864,-0.000667332,-0.000665807,-0.000664286,-0.000662772,-0.000661264,-0.000659761,-0.000658264,-0.000656772,-0.000655286,-0.000653806,-0.000652331,-0.000650862,-0.000649398,-0.00064794,-0.000646488,-0.00064504,-0.000643598,-0.000642162,-0.000640731,-0.000639305,-0.000637884,-0.000636469,-0.000635059,-0.000633654,-0.000632254,-0.00063086,-0.000629471,-0.000628086,-0.000626707,-0.000625333,-0.000623964,-0.0006226,-0.000621241,-0.000619886,-0.000618537,-0.000617193,-0.000615853,-0.000614519,-0.000613189,-0.000611864,-0.000610543,-0.000609228,-0.000607917,-0.000606611,-0.00060531,-0.000604013,-0.000602721,-0.000601433,-0.000600151,-0.000598872,-0.000597598,-0.000596329,-0.000595064,-0.000593804,-0.000592548,-0.000591297,-0.00059005,-0.000588807,-0.000587569,-0.000586335,-0.000585106,-0.000583881,-0.00058266,-0.000581443,-0.00058023,-0.000579022,-0.000577818,-0.000576618,-0.000575423,-0.000574231,-0.000573044,-0.000571861,-0.000570681,-0.000569506,-0.000568335,-0.000567168,-0.000566005,-0.000563929,-0.000560946,-0.000557063,-0.000552291,-0.000546643,-0.000540133,-0.00053278,-0.000524602,-0.00051562,-0.000505859,-0.000495344,-0.000484103,-0.000472163,-0.000459558,-0.000446317,-0.000432477,-0.000418071,-0.000403136,-0.000387709,-0.00037183,-0.000355536,-0.000338868,-0.000321867,-0.000304573,-0.000287027,-0.000269271,-0.000251347,-0.000233295,-0.000215157,-0.000196973,-0.000178784,-0.00016063,-0.00014255,-0.000124581,-0.000106762,-8.91293e-05,-7.17174e-05,-5.45608e-05,-3.76926e-05,-2.11444e-05,-4.9463e-06,1.08727e-05,2.62854e-05,4.12661e-05,5.57904e-05,6.98359e-05,8.33816e-05,9.64082e-05,0.000108898,0.000120836,0.000132206,0.000142997,0.000153198,0.000162799,0.000171794,0.000180174,0.000187938,0.00019508,0.0002016,0.000207498,0.000212775,0.000217433,0.000221477,0.000224912,0.000227743,0.000229979,0.000231628,0.000232699,0.000233202,0.000233148,0.00023255,0.00023142,0.00022977,0.000227616,0.000224971,0.00022185,0.000218268,0.000214241,0.000209784,0.000204914,0.000199647,0.000193999,0.000187987,0.000181628,0.000174938,0.000167933,0.000160632,0.000153049,0.000145203,0.000137109,0.000128783,0.000120243,0.000111504,0.000102582,9.34934e-05,8.42542e-05,7.488e-05,6.53863e-05,5.57889e-05
-0.000689324,-0.000687713,-0.000686109,-0.00068451,-0.000682918,-0.000681333,-0.000679753,-0.000678179,-0.000676612,-0.00067505,-0.000673495,-0.000671945,-0.000670402,-0.000668864,-0.000667332,-0.000665807,-0.000664286,-0.000662772,-0.000661264,-0.000659761,-0.000658264,-0.000656772,-0.000655286,-0.000653806,-0.000652331,-0.000650862,-0.000649398,-0.00064794,-0.000646488,-0.00064504,-0.000643598,-0.000642162,-0.000640731,-0.000639305,-0.000637884,-0.000636469,-0.000635059,-0.000633654,-0.000632254,-0.00063086,-0.000629471,-0.000628086,-0.000626707,-0.000625333,-0.000623964,-0.0006226,-0.000621241,-0.000619886,-0.000618537,-0.000617193,-0.000615853,-0.000614519,-0.000613189,-0.000611864,-0.000610543,-0.000609228,-0.000607917,-0.000606611,-0.00060531,-0.000604013,-0.000602721,-0.000601433,-0.000600151,-0.000598872,-0.000597598,-0.000596329,-0.000595064,-0.000593804,-0.000592548,-0.000591297,-0.00059005,-0.000588807,-0.000587569,-0.000586335,-0.000585106,-0.000583881,-0.00058266,-0.000581443,-0.00058023,-0.000579022,-0.000577818,-0.000576618,-0.000575423,-0.000574231,-0.000573044,-0.000571861,-0.000570681,-0.000569506,-0.000568335,-0.000567168,-0.000566005,-0.000564846,-0.000563691,-0.00056254,-0.000561392,-0.000560249,-0.00055911,-0.000557974,-0.000556842,-0.000555714,-0.00055459,-0.000552584,-0.0005497,-0.000545947,-0.000541334,-0.000535873,-0.000529579,-0.000522469,-0.00051456,-0.000505873,-0.000496432,-0.000486259,-0.000475382,-0.000463828,-0.000451627,-0.00043881,-0.000425409,-0.000411458,-0.000396991,-0.000382044,-0.000366655,-0.00035086,-0.000334698,-0.000318208,-0.000301429,-0.000284401,-0.000267163,-0.000249755,-0.000232218,-0.00021459,-0.00019691,-0.000179219,-0.000161553,-0.000143952,-0.000126451,-0.000109088,-9.18965e-05,-7.49119e-05,-5.81673e-05,-4.16945e-05,-2.55243e-05,-9.68638e-06,5.79126e-06,2.08819e-05,3.55601e-05,4.98023e-05,6.35862e-05,7.6891e-05,8.96977e-05,0.000101989,0.000113748,0.000124962,0.000135617,0.000145702,0.000155208,0.000164126,0.000172451,0.000180177,0.000187301,0.00019382,0.000199734,0.000205044,0.000209752,0.00021386,0.000217373,0.000220297,0.000222638,0.000224404,0.000225603,0.000226245,0.00022634,0.000225899,0.000224934,0.000223457,0.000221482,0.000219022,0.000216091,0.000212703,0.000208874,0.000204618,0.000199951,0.00019489,0.000189449,0.000183645,0.000177494,0.000171013,0.000164217,0.000157123,0.000149748,0.000142108,0.000134219,0.000126098,0.00011776,0.000109222,0.0001005,9.16095e-05,8.25671e-05,7.33885e-05,6.40892e-05,5.4685e-05
-0.000673495,-0.000671945,-0.000670402,-0.000668864,-0.000667332,-0.000665807,-0.000664286,-0.000662772,-0.000661264,-0.000659761,-0.000658264,-0.000656772,-0.000655286,-0.000653806,-0.000652331,-0.000650862,-0.000649398,-0.00064794,-0.000646488,-0.00064504,-0.000643598,-0.000642162,-0.000640731,-0.000639305,-0.000637884,-0.000636469,-0.000635059,-0.000633654,-0.000632254,-0.00063086,-0.000629471,-0.000628086,-0.000626707,-0.000625333,-0.000623964,-0.0006226,-0.000621241,-0.000619886,-0.000618537,-0.000617193,-0.000615853,-0.000614519,-0.000613189,-0.000611864,-0.000610543,-0.000609228,-0.000607917,-0.000606611,-0.00060531,-0.000604013,-0.000602721,-0.000601433,-0.000600151,-0.000598872,-0.000597598,-0.000596329,-0.000595064,-0.000593804,-0.000592548,-0.000591297,-0.00059005,-0.000588807,-0.000587569,-0.000586335,-0.000585106,-0.000583881,-0.00058266,-0.000581443,-0.00058023,-0.000579022,-0.000577818,-0.000576618,-0.000575423,-0.000574231,-0.000573044,-0.000571861,-0.000570681,-0.000569506,-0.000568335,-0.000567168,-0.000566005,-0.000564846,-0.000563691,-0.00056254,-0.000561392,-0.000560249,-0.00055911,-0.000557974,-0.000556842,-0.000555714,-0.00055459,-0.00055347,-0.000552354,-0.000551241,-0.000550132,-0.000549027,-0.000547925,-0.000546828,-0.000545734,-0.000544643,-0.000543556,-0.000541616,-0.000538828,-0.000535198,-0.000530736,-0.000525455,-0.000519367,-0.000512488,-0.000504837,-0.000496432,-0.000487295,-0.00047745,-0.000466922,-0.000455736,-0.000443923,-0.00043151,-0.000418529,-0.000405013,-0.000390994,-0.000376508,-0.000361588,-0.000346272,-0.000330596,-0.000314597,-0.000298313,-0.000281781,-0.000265041,-0.000248131,-0.000231088,-0.000213952,-0.000196759,-0.000179547,-0.000162353,-0.000145215,-0.000128167,-0.000111244,-9.44817e-05,-7.79121e-05,-6.15679e-05,-4.54801e-05,-2.96787e-05,-1.41925e-05,9.51e-07,1.57257e-05,3.01068e-05,4.40709e-05,5.75962e-05,7.06622e-05,8.32499e-05,9.5342e-05,0.000106922,0.000117977,0.000128493,0.000138459,0.000147865,0.000156702,0.000164965,0.000172647,0.000179745,0.000186256,0.000192178,0.000197513,0.00020226,0.000206423,0.000210005,0.000213011,0.000215448,0.00021732,0.000218638,0.000219408,0.000219642,0.000219348,0.000218539,0.000217225,0.00021542,0.000213136,0.000210386,0.000207184,0.000203545,0.000199483,0.000195013,0.000190151,0.000184911,0.00017931,0.000173363,0.000167086,0.000160495,0.000153606,0.000146435,0.000138999,0.000131314,0.000123395,0.000115259,0.000106922,9.83994e-05,8.97081e-05,8.08636e-05,7.18817e-05,6.27783e-05,5.35692e-05
-0.000658264,-0.000656772,-0.000655286,-0.000653806,-0.000652331,-0.000650862,-0.000649398,-0.00064794,-0.000646488,-0.00064504,-0.000643598,-0.000642162,-0.000640731,-0.000639305,-0.000637884,-0.000636469,-0.000635059,-0.000633654,-0.000632254,-0.00063086,-0.000629471,-0.000628086,-0.000626707,-0.000625333,-0.000623964,-0.0006226,-0.000621241,-0.000619886,-0.000618537,-0.000617193,-0.000615853,-0.000614519,-0.000613189,-0.000611864,-0.000610543,-0.000609228,-0.000607917,-0.000606611,-0.00060531,-0.000604013,-0.000602721,-0.000601433,-0.000600151,-0.000598872,-0.000597598,-0.000596329,-0.000595064,-0.000593804,-0.000592548,-0.000591297,-0.00059005,-0.000588807,-0.000587569,-0.000586335,-0.000585106,-0.000583881,-0.00058266,-0.000581443,-0.00058023,-0.000579022,-0.000577818,-0.000576618,-0.000575423,-0.000574231,-0.000573044,-0.000571861,-0.000570681,-0.000569506,-0.000568335,-0.000567168,-0.000566005,-0.000564846,-0.000563691,-0.00056254,-0.000561392,-0.000560249,-0.00055911,-0.000557974,-0.000556842,-0.000555714,-0.00055459,-0.00055347,-0.000552354,-0.000551241,-0.000550132,-0.000549027,-0.000547925,-0.000546828,-0.000545734,-0.000544643,-0.000543556,-0.000542473,-0.000541394,-0.000540318,-0.000539245,-0.000538177,-0.000537111,-0.00053605,-0.000534991,-0.000533937,-0.000532886,-0.000531009,-0.000528311,-0.000524799,-0.000520483,-0.000515372,-0.000509481,-0.000502824,-0.000495418,-0.000487283,-0.000478438,-0.000468906,-0.000458711,-0.000447878,-0.000436435,-0.00042441,-0.000411832,-0.000398732,-0.000385143,-0.000371097,-0.000356629,-0.000341771,-0.000326561,-0.000311034,-0.000295225,-0.000279172,-0.000262911,-0.000246479,-0.000229913,-0.00021325,-0.000196526,-0.000179777,-0.00016304,-0.000146349,-0.000129739,-0.000113244,-9.68968e-05,-8.07303e-05,-6.47754e-05,-4.90624e-05,-3.36206e-05,-1.8478e-05,-3.6614e-06,1.08036e-05,2.48927e-05,3.8583e-05,5.18529e-05,6.46822e-05,7.70522e-05,8.89457e-05,0.000100347,0.000111241,0.000121615,0.000131459,0.000140761,0.000149513,0.000157708,0.000165341,0.000172406,0.000178901,0.000184825,0.000190175,0.000194954,0.000199163,0.000202805,0.000205885,0.000208407,0.000210377,0.000211803,0.000212693,0.000213056,0.0002129,0.000212237,0.000211078,0.000209434,0.000207317,0.00020474,0.000201717,0.000198261,0.000194385,0.000190106,0.000185436,0.000180392,0.000174988,0.00016924,0.000163163,0.000156773,0.000150085,0.000143117,0.000135882,0.000128398,0.000120681,0.000112746,0.000104609,9.62863e-05,8.77939e-05,7.91476e-05,7.03634e-05,6.1457e-05,5.24442e-05
-0.000643598,-0.000642162,-0.000640731,-0.000639305,-0.000637884,-0.000636469,-0.000635059,-0.000633654,-0.000632254,-0.00063086,-0.000629471,-0.000628086,-0.000626707,-0.000625333,-0.000623964,-0.0006226,-0.000621241,-0.000619886,-0.000618537,-0.000617193,-0.000615853,-0.000614519,-0.000613189,-0.000611864,-0.000610543,-0.000609228,-0.000607917,-0.000606611,-0.00060531,-0.000604013,-0.000602721,-0.000601433,-0.000600151,-0.000598872,-0.000597598,-0.000596329,-0.000595064,-0.000593804,-0.000592548,-0.000591297,-0.00059005,-0.000588807,-0.000587569,-0.000586335,-0.000585106,-0.000583881,-0.00058266,-0.000581443,-0.00058023,-0.000579022,-0.000577818,-0.000576618,-0.000575423,-0.000574231,-0.000573044,-0.000571861,-0.000570681,-0.000569506,-0.000568335,-0.000567168,-0.000566005,-0.000564846,-0.000563691,-0.00056254,-0.000561392,-0.000560249,-0.00055911,-0.000557974,-0.000556842,-0.000555714,-0.00055459,-0.00055347,-0.000552354,-0.000551241,-0.000550132,-0.000549027,-0.000547925,-0.000546828,-0.000545734,-0.000544643,-0.000543556,-0.000542473,-0.000541394,-0.000540318,-0.000539245,-0.000538177,-0.000537111,-0.00053605,-0.000534991,-0.000533937,-0.000532886,-0.000531838,-0.000530794,-0.000529753,-0.000528715,-0.000527681,-0.000526651,-0.000525623,-0.000524599,-0.000523579,-0.000522562,-0.000520745,-0.000518134,-0.000514735,-0.000510557,-0.00050561,-0.000499907,-0.000493462,-0.000486292,-0.000478414,-0.000469848,-0.000460616,-0.00045074,-0.000440245,-0.000429157,-0.000417502,-0.00040531,-0.000392611,-0.000379433,-0.00036581,-0.000351774,-0.000337358,-0.000322595,-0.00030752,-0.000292169,-0.000276575,-0.000260775,-0.000244804,-0.000228698,-0.000212491,-0.000196219,-0.000179918,-0.000163621,-0.000147363,-0.000131177,-0.000115097,-9.9153e-05,-8.33778e-05,-6.78015e-05,-5.24536e-05,-3.73624e-05,-2.25552e-05,-8.05844e-06,6.10303e-06,1.99054e-05,3.33261e-05,4.6344e-05,5.89391e-05,7.1093e-05,8.27885e-05,9.40098e-05,0.000104743,0.000114974,0.000124692,0.000133887,0.00014255,0.000150673,0.00015825,0.000165277,0.00017175,0.000177667,0.000183027,0.00018783,0.000192077,0.000195771,0.000198915,0.000201514,0.000203573,0.0002051,0.0002061,0.000206583,0.000206557,0.000206032,0.000205018,0.000203527,0.000201569,0.000199158,0.000196306,0.000193025,0.00018933,0.000185234,0.000180752,0.000175897,0.000170685,0.000165131,0.00015925,0.000153057,0.000146568,0.000139798,0.000132763,0.000125479,0.000117961,0.000110226,0.000102288,9.41646e-05,8.5871e-05,7.74232e-05,6.8837e-05,6.01282e-05,5.13127e-05
-0.000629471,-0.000628086,-0.000626707,-0.000625333,-0.000623964,-0.0006226,-0.000621241,-0.000619886,-0.000618537,-0.000617193,-0.000615853,-0.000614519,-0.000613189,-0.000611864,-0.000610543,-0.000609228,-0.000607917,-0.000606611,-0.00060531,-0.000604013,-0.000602721,-0.000601433,-0.000600151,-0.000598872,-0.000597598,-0.000596329,-0.000595064,-0.000593804,-0.000592548,-0.000591297,-0.00059005,-0.000588807,-0.000587569,-0.000586335,-0.000585106,-0.000583881,-0.00058266,-0.000581443,-0.00058023,-0.000579022,-0.000577818,-0.000576618,-0.000575423,-0.000574231,-0.000573044,-0.000571861,-0.000570681,-0.000569506,-0.000568335,-0.000567168,-0.000566005,-0.000564846,-0.000563691,-0.00056254,-0.000561392,-0.000560249,-0.00055911,-0.000557974,-0.000556842,-0.000555714,-0.00055459,-0.00055347,-0.000552354,-0.000551241,-0.000550132,-0.000549027,-0.000547925,-0.000546828,-0.000545734,-0.000544643,-0.000543556,-0.000542473,-0.000541394,-0.000540318,-0.000539245,-0.000538177,-0.000537111,-0.00053605,-0.000534991,-0.000533937,-0.000532886,-0.000531838,-0.000530794,-0.000529753,-0.000528715,-0.000527681,-0.000526651,-0.000525623,-0.000524599,-0.000523579,-0.000522562,-0.000521548,-0.000520537,-0.00051953,-0.000518526,-0.000517525,-0.000516527,-0.000515533,-0.000514542,-0.000513554,-0.000512569,-0.000510811,-0.000508283,-0.000504992,-0.000500946,-0.000496156,-0.000490633,-0.000484391,-0.000477445,-0.000469814,-0.000461515,-0.00045257,-0.000443,-0.000432828,-0.00042208,-0.000410781,-0.000398959,-0.000386643,-0.000373861,-0.000360643,-0.000347022,-0.000333029,-0.000318696,-0.000304057,-0.000289145,-0.000273994,-0.000258638,-0.000243111,-0.000227447,-0.000211681,-0.000195847,-0.000179977,-0.000164106,-0.000148267,-0.000132492,-0.000116813,-0.00010126,-8.58654e-05,-7.06573e-05,-5.56648e-05,-4.09154e-05,-2.64359e-05,-1.22519e-05,1.61224e-06,1.51331e-05,2.82887e-05,4.1058e-05,5.34216e-05,6.53612e-05,7.68596e-05,8.79013e-05,9.8472e-05,0.000108559,0.000118149,0.000127234,0.000135804,0.000143851,0.000151368,0.000158352,0.000164797,0.000170702,0.000176064,0.000180883,0.000185161,0.000188899,0.0001921,0.000194768,0.000196909,0.000198527,0.000199629,0.000200224,0.000200319,0.000199924,0.000199048,0.000197702,0.000195896,0.000193643,0.000190955,0.000187843,0.000184321,0.000180403,0.000176102,0.000171432,0.000166408,0.000161043,0.000155354,0.000149354,0.00014306,0.000136486,0.000129648,0.000122561,0.00011524,0.000107703,9.99638e-05,9.20387e-05,8.39434e-05,7.56938e-05,6.73057e-05,5.87948e-05,5.01771e-05
-0.000615853,-0.000614519,-0.000613189,-0.000611864,-0.000610543,-0.000609228,-0.000607917,-0.000606611,-0.00060531,-0.000604013,-0.000602721,-0.000601433,-0.000600151,-0.000598872,-0.000597598,-0.000596329,-0.000595064,-0.000593804,-0.000592548,-0.000591297,-0.00059005,-0.000588807,-0.000587569,-0.000586335,-0.000585106,-0.000583881,-0.00058266,-0.000581443,-0.00058023,-0.000579022,-0.000577818,-0.000576618,-0.000575423,-0.000574231,-0.000573044,-0.000571861,-0.000570681,-0.000569506,-0.000568335,-0.000567168,-0.000566005,-0.000564846,-0.000563691,-0.00056254,-0.000561392,-0.000560249,-0.00055911,-0.000557974,-0.000556842,-0.000555714,-0.00055459,-0.00055347,-0.000552354,-0.000551241,-0.000550132,-0.000549027,-0.000547925,-0.000546828,-0.000545734,-0.000544643,-0.000543556,-0.000542473,-0.000541394,-0.000540318,-0.000539245,-0.000538177,-0.000537111,-0.00053605,-0.000534991,-0.000533937,-0.000532886,-0.000531838,-0.000530794,-0.000529753,-0.000528715,-0.000527681,-0.000526651,-0.000525623,-0.000524599,-0.000523579,-0.000522562,-0.000521548,-0.000520537,-0.00051953,-0.000518526,-0.000517525,-0.000516527,-0.000515533,-0.000514542,-0.000513554,-0.000512569,-0.000511588,-0.00051061,-0.000509634,-0.000508662,-0.000507693,-0.000506727,-0.000505764,-0.000504805,-0.000503848,-0.000502894,-0.000501191,-0.000498743,-0.000495555,-0.000491636,-0.000486995,-0.000481645,-0.000475597,-0.000468867,-0.000461472,-0.000453429,-0.000444759,-0.000435481,-0.00042562,-0.000415198,-0.00040424,-0.000392773,-0.000380824,-0.000368421,-0.000355594,-0.000342372,-0.000328785,-0.000314866,-0.000300646,-0.000286157,-0.000271431,-0.000256503,-0.000241404,-0.000226167,-0.000210826,-0.000195413,-0.000179961,-0.000164502,-0.000149069,-0.000133691,-0.000118401,-0.000103229,-8.82031e-05,-7.33531e-05,-5.87065e-05,-4.42905e-05,-3.01309e-05,-1.62527e-05,-2.67984e-06,1.05648e-05,2.34597e-05,3.59841e-05,4.8119e-05,5.98461e-05,7.11488e-05,8.20113e-05,9.24195e-05,0.00010236,0.000111822,0.000120794,0.000129268,0.000137235,0.000144689,0.000151624,0.000158036,0.000163922,0.000169281,0.000174111,0.000178413,0.000182188,0.000185438,0.000188168,0.000190382,0.000192084,0.000193281,0.00019398,0.000194189,0.000193916,0.00019317,0.000191962,0.000190301,0.000188199,0.000185668,0.000182719,0.000179364,0.000175618,0.000171492,0.000167002,0.00016216,0.00015698,0.000151478,0.000145669,0.000139565,0.000133184,0.00012654,0.000119648,0.000112523,0.000105182,9.76402e-05,8.99124e-05,8.20146e-05,7.39627e-05,6.57724e-05,5.74594e-05,4.90396e-05
-0.000602721,-0.000601433,-0.000600151,-0.000598872,-0.000597598,-0.000596329,-0.000595064,-0.000593804,-0.000592548,-0.000591297,-0.00059005,-0.000588807,-0.000587569,-0.000586335,-0.000585106,-0.000583881,-0.00058266,-0.000581443,-0.00058023,-0.000579022,-0.000577818,-0.000576618,-0.000575423,-0.000574231,-0.000573044,-0.000571861,-0.000570681,-0.000569506,-0.000568335,-0.000567168,-0.000566005,-0.000564846,-0.000563691,-0.00056254,-0.000561392,-0.000560249,-0.00055911,-0.000557974,-0.000556842,-0.000555714,-0.00055459,-0.00055347,-0.000552354,-0.000551241,-0.000550132,-0.000549027,-0.000547925,-0.000546828,-0.000545734,-0.000544643,-0.000543556,-0.000542473,-0.000541394,-0.000540318,-0.000539245,-0.000538177,-0.000537111,-0.00053605,-0.000534991,-0.000533937,-0.000532886,-0.000531838,-0.000530794,-0.000529753,-0.000528715,-0.000527681,-0.000526651,-0.000525623,-0.000524599,-0.000523579,-0.000522562,-0.000521548,-0.000520537,-0.00051953,-0.000518526,-0.000517525,-0.000516527,-0.000515533,-0.000514542,-0.000513554,-0.000512569,-0.000511588,-0.00051061,-0.000509634,-0.000508662,-0.000507693,-0.000506727,-0.000505764,-0.000504805,-0.000503848,-0.000502894,-0.000501944,-0.000500996,-0.000500052,-0.00049911,-0.000498172,-0.000497236,-0.000496303,-0.000495374,-0.000494447,-0.000493523,-0.000491873,-0.0004895,-0.000486412,-0.000482614,-0.000478117,-0.000472931,-0.000467069,-0.000460546,-0.000453377,-0.00044558,-0.000437173,-0.000428176,-0.000418612,-0.000408503,-0.000397873,-0.000386746,-0.00037515,-0.000363112,-0.000350659,-0.00033782,-0.000324625,-0.000311103,-0.000297286,-0.000283204,-0.000268889,-0.000254372,-0.000239686,-0.000224861,-0.00020993,-0.000194925,-0.000179877,-0.000164816,-0.000149775,-0.000134783,-0.000119871,-0.000105067,-9.04e-05,-7.58983e-05,-6.15888e-05,-4.74977e-05,-3.36503e-05,-2.00712e-05,-6.78356e-06,6.19017e-06,1.88288e-05,3.11121e-05,4.30211e-05,5.45381e-05,6.56463e-05,7.63304e-05,8.65761e-05,9.63705e-05,0.000105702,0.00011456,0.000122934,0.000130818,0.000138204,0.000145087,0.000151461,0.000157324,0.000162673,0.000167508,0.000171828,0.000175633,0.000178927,0.000181712,0.000183991,0.000185771,0.000187055,0.000187851,0.000188166,0.000188008,0.000187386,0.000186309,0.000184786,0.000182829,0.000180448,0.000177655,0.000174462,0.000170882,0.000166927,0.00016261,0.000157946,0.000152947,0.000147629,0.000142004,0.000136089,0.000129897,0.000123444,0.000116745,0.000109814,0.000102668,9.5321e-05,8.77892e-05,8.00879e-05,7.22329e-05,6.42398e-05,5.61244e-05,4.79023e-05
-0.00059005,-0.000588807,-0.000587569,-0.000586335,-0.000585106,-0.000583881,-0.00058266,-0.000581443,-0.00058023,-0.000579022,-0.000577818,-0.000576618,-0.000575423,-0.000574231,-0.000573044,-0.000571861,-0.000570681,-0.000569506,-0.000568335,-0.000567168,-0.000566005,-0.000564846,-0.000563691,-0.00056254,-0.000561392,-0.000560249,-0.00055911,-0.000557974,-0.000556842,-0.000555714,-0.00055459,-0.00055347,-0.000552354,-0.000551241,-0.000550132,-0.000549027,-0.000547925,-0.000546828,-0.000545734,-0.000544643,-0.000543556,-0.000542473,-0.000541394,-0.000540318,-0.000539245,-0.000538177,-0.000537111,-0.00053605,-0.000534991,-0.000533937,-0.000532886,-0.000531838,-0.000530794,-0.000529753,-0.000528715,-0.000527681,-0.000526651,-0.000525623,-0.000524599,-0.000523579,-0.000522562,-0.000521548,-0.000520537,-0.00051953,-0.000518526,-0.000517525,-0.000516527,-0.000515533,-0.000514542,-0.000513554,-0.000512569,-0.000511588,-0.00051061,-0.000509634,-0.000508662,-0.000507693,-0.000506727,-0.000505764,-0.000504805,-0.000503848,-0.000502894,-0.000501944,-0.000500996,-0.000500052,-0.00049911,-0.000498172,-0.000497236,-0.000496303,-0.000495374,-0.000494447,-0.000493523,-0.000492602,-0.000491684,-0.000490769,-0.000489856,-0.000488947,-0.00048804,-0.000487137,-0.000486236,-0.000485337,-0.000484442,-0.000482843,-0.000480543,-0.000477549,-0.000473868,-0.000469508,-0.000464481,-0.000458798,-0.000452472,-0.00044552,-0.000437958,-0.000429804,-0.000421077,-0.000411798,-0.000401989,-0.000391673,-0.000380874,-0.000369617,-0.000357929,-0.000345836,-0.000333365,-0.000320546,-0.000307407,-0.000293978,-0.000280289,-0.000266369,-0.000252249,-0.000237961,-0.000223534,-0.000208999,-0.000194388,-0.00017973,-0.000165055,-0.000150394,-0.000135776,-0.000121229,-0.000106783,-9.24649e-05,-7.8302e-05,-6.43206e-05,-5.05463e-05,-3.70039e-05,-2.3717e-05,-1.07087e-05,1.99939e-06,1.43863e-05,2.64322e-05,3.81185e-05,4.94276e-05,6.0343e-05,7.08496e-05,8.09331e-05,9.05807e-05,9.97806e-05,0.000108522,0.000116796,0.000124594,0.000131909,0.000138735,0.000145067,0.000150902,0.000156238,0.000161071,0.000165403,0.000169233,0.000172564,0.000175397,0.000177737,0.000179586,0.000180951,0.000181838,0.000182253,0.000182203,0.000181698,0.000180744,0.000179353,0.000177534,0.000175298,0.000172656,0.000169619,0.000166199,0.000162409,0.000158262,0.00015377,0.000148948,0.000143809,0.000138366,0.000132635,0.00012663,0.000120366,0.000113856,0.000107117,0.000100163,9.30097e-05,8.56723e-05,7.81663e-05,7.05072e-05,6.27104e-05,5.47918e-05,4.67669e-05
-0.000577818,-0.000576618,-0.000575423,-0.000574231,-0.000573044,-0.000571861,-0.000570681,-0.000569506,-0.000568335,-0.000567168,-0.000566005,-0.000564846,-0.000563691,-0.00056254,-0.000561392,-0.000560249,-0.00055911,-0.000557974,-0.000556842,-0.000555714,-0.00055459,-0.00055347,-0.000552354,-0.000551241,-0.000550132,-0.000549027,-0.000547925,-0.000546828,-0.000545734,-0.000544643,-0.000543556,-0.000542473,-0.000541394,-0.000540318,-0.000539245,-0.000538177,-0.000537111,-0.00053605,-0.000534991,-0.000533937,-0.000532886,-0.000531838,-0.000530794,-0.000529753,-0.000528715,-0.000527681,-0.000526651,-0.000525623,-0.000524599,-0.000523579,-0.000522562,-0.000521548,-0.000520537,-0.00051953,-0.000518526,-0.000517525,-0.000516527,-0.000515533,-0.000514542,-0.000513554,-0.000512569,-0.000511588,-0.00051061,-0.000509634,-0.000508662,-0.000507693,-0.000506727,-0.000505764,-0.000504805,-0.000503848,-0.000502894,-0.000501944,-0.000500996,-0.000500052,-0.00049911,-0.000498172,-0.000497236,-0.000496303,-0.000495374,-0.000494447,-0.000493523,-0.000492602,-0.000491684,-0.000490769,-0.000489856,-0.000488947,-0.00048804,-0.000487137,-0.000486236,-0.000485337,-0.000484442,-0.00048355,-0.00048266,-0.000481773,-0.000480888,-0.000480007,-0.000479128,-0.000478252,-0.000477379,-0.000476508,-0.00047564,-0.000474089,-0.00047186,-0.000468956,-0.000465387,-0.000461159,-0.000456283,-0.000450771,-0.000444636,-0.000437892,-0.000430556,-0.000422644,-0.000414176,-0.000405171,-0.00039565,-0.000385636,-0.000375151,-0.00036422,-0.000352869,-0.000341121,-0.000329006,-0.000316549,-0.000303778,-0.000290723,-0.000277411,-0.000263873,-0.000250136,-0.000236232,-0.000222189,-0.000208037,-0.000193806,-0.000179525,-0.000165224,-0.000150931,-0.000136675,-0.000122484,-0.000108385,-9.44058e-05,-8.05725e-05,-6.69107e-05,-5.34454e-05,-4.02005e-05,-2.71993e-05,-1.44643e-05,-2.01671e-06,1.0123e-05,2.19354e-05,3.34021e-05,4.45058e-05,5.52303e-05,6.55605e-05,7.54824e-05,8.4983e-05,9.40507e-05,0.000102675,0.000110846,0.000118556,0.000125797,0.000132563,0.00013885,0.000144653,0.000149969,0.000154797,0.000159136,0.000162985,0.000166347,0.000169223,0.000171616,0.00017353,0.000174969,0.00017594,0.000176448,0.000176501,0.000176106,0.000175271,0.000174005,0.000172318,0.000170221,0.000167723,0.000164836,0.000161572,0.000157942,0.000153959,0.000149636,0.000144986,0.000140022,0.000134758,0.000129208,0.000123386,0.000117307,0.000110985,0.000104434,9.76709e-05,9.07093e-05,8.35647e-05,7.62525e-05,6.87879e-05,6.11865e-05,5.34637e-05,4.56351e-05
-0.000566005,-0.000564846,-0.000563691,-0.00056254,-0.000561392,-0.000560249,-0.00055911,-0.000557974,-0.000556842,-0.000555714,-0.00055459,-0.00055347,-0.000552354,-0.000551241,-0.000550132,-0.000549027,-0.000547925,-0.000546828,-0.000545734,-0.000544643,-0.000543556,-0.000542473,-0.000541394,-0.000540318,-0.000539245,-0.000538177,-0.000537111,-0.00053605,-0.000534991,-0.000533937,-0.000532886,-0.000531838,-0.000530794,-0.000529753,-0.000528715,-0.000527681,-0.000526651,-0.000525623,-0.000524599,-0.000523579,-0.000522562,-0.000521548,-0.000520537,-0.00051953,-0.000518526,-0.000517525,-0.000516527,-0.000515533,-0.000514542,-0.000513554,-0.000512569,-0.000511588,-0.00051061,-0.000509634,-0.000508662,-0.000507693,-0.000506727,-0.000505764,-0.000504805,-0.000503848,-0.000502894,-0.000501944,-0.000500996,-0.000500052,-0.00049911,-0.000498172,-0.000497236,-0.000496303,-0.000495374,-0.000494447,-0.000493523,-0.000492602,-0.000491684,-0.000490769,-0.000489856,-0.000488947,-0.00048804,-0.000487137,-0.000486236,-0.000485337,-0.000484442,-0.00048355,-0.00048266,-0.000481773,-0.000480888,-0.000480007,-0.000479128,-0.000478252,-0.000477379,-0.000476508,-0.00047564,-0.000474775,-0.000473912,-0.000473052,-0.000472194,-0.00047134,-0.000470487,-0.000469638,-0.000468791,-0.000467947,-0.000467105,-0.000465601,-0.000463438,-0.000460622,-0.000457159,-0.000453058,-0.000448328,-0.00044298,-0.000437027,-0.000430483,-0.000423364,-0.000415685,-0.000407465,-0.000398723,-0.00038948,-0.000379756,-0.000369573,-0.000358956,-0.000347928,-0.000336514,-0.000324739,-0.000312631,-0.000300216,-0.00028752,-0.000274573,-0.000261402,-0.000248035,-0.000234501,-0.000220829,-0.000207047,-0.000193185,-0.000179269,-0.000165329,-0.000151393,-0.000137488,-0.000123641,-0.00010988,-9.62303e-05,-8.27177e-05,-6.93671e-05,-5.62029e-05,-4.32485e-05,-3.05266e-05,-1.80591e-05,-5.86674e-06,6.03032e-06,1.76131e-05,2.88634e-05,3.97644e-05,5.02999e-05,6.04551e-05,7.0216e-05,7.95699e-05,8.8505e-05,9.70107e-05,0.000105077,0.000112697,0.000119862,0.000126565,0.000132803,0.00013857,0.000143863,0.000148681,0.000153022,0.000156886,0.000160273,0.000163187,0.000165628,0.0001676,0.000169108,0.000170158,0.000170753,0.000170902,0.000170611,0.000169888,0.000168742,0.000167182,0.000165218,0.00016286,0.000160118,0.000157004,0.00015353,0.000149707,0.000145547,0.000141065,0.000136272,0.000131183,0.00012581,0.000120169,0.000114272,0.000108134,0.00010177,9.51947e-05,8.84227e-05,8.14691e-05,7.43489e-05,6.70774e-05,5.96699e-05,5.21419e-05,4.45086e-05
-0.00055459,-0.00055347,-0.000552354,-0.000551241,-0.000550132,-0.000549027,-0.000547925,-0.000546828,-0.000545734,-0.000544643,-0.000543556,-0.000542473,-0.000541394,-0.000540318,-0.000539245,-0.000538177,-0.000537111,-0.00053605,-0.000534991,-0.000533937,-0.000532886,-0.000531838,-0.000530794,-0.000529753,-0.000528715,-0.000527681,-0.000526651,-0.000525623,-0.000524599,-0.000523579,-0.000522562,-0.000521548,-0.000520537,-0.00051953,-0.000518526,-0.000517525,-0.000516527,-0.000515533,-0.000514542,-0.000513554,-0.000512569,-0.000511588,-0.00051061,-0.000509634,-0.000508662,-0.000507693,-0.000506727,-0.000505764,-0.000504805,-0.000503848,-0.000502894,-0.000501944,-0.000500996,-0.000500052,-0.00049911,-0.000498172,-0.000497236,-0.000496303,-0.000495374,-0.000494447,-0.000493523,-0.000492602,-0.000491684,-0.000490769,-0.000489856,-0.000488947,-0.00048804,-0.000487137,-0.000486236,-0.000485337,-0.000484442,-0.00048355,-0.00048266,-0.000481773,-0.000480888,-0.000480007,-0.000479128,-0.000478252,-0.000477379,-0.000476508,-0.00047564,-0.000474775,-0.000473912,-0.000473052,-0.000472194,-0.00047134,-0.000470487,-0.000469638,-0.000468791,-0.000467947,-0.000467105,-0.000466265,-0.000465429,-0.000464595,-0.000463763,-0.000462934,-0.000462107,-0.000461283,-0.000460462,-0.000459642,-0.000458826,-0.000457367,-0.000455268,-0.000452536,-0.000449176,-0.000445196,-0.000440606,-0.000435415,-0.000429638,-0.000423286,-0.000416374,-0.00040892,-0.000400939,-0.00039245,-0.000383472,-0.000374027,-0.000364136,-0.00035382,-0.000343103,-0.00033201,-0.000320564,-0.000308792,-0.000296718,-0.00028437,-0.000271774,-0.000258958,-0.000245948,-0.000232772,-0.000219458,-0.000206034,-0.000192527,-0.000178965,-0.000165375,-0.000151785,-0.00013822,-0.000124708,-0.000111275,-9.79453e-05,-8.47448e-05,-7.16974e-05,-5.88268e-05,-4.61559e-05,-3.37069e-05,-2.15011e-05,-9.55884e-06,2.10012e-06,1.34572e-05,2.44945e-05,3.51954e-05,4.55441e-05,5.55258e-05,6.51267e-05,7.43342e-05,8.31365e-05,9.15231e-05,9.94844e-05,0.000107012,0.000114098,0.000120736,0.000126922,0.000132649,0.000137916,0.00014272,0.000147059,0.000150932,0.000154341,0.000157286,0.00015977,0.000161796,0.000163368,0.00016449,0.000165167,0.000165406,0.000165214,0.000164598,0.000163567,0.000162128,0.000160292,0.000158068,0.000155466,0.000152498,0.000149174,0.000145506,0.000141507,0.000137188,0.000132563,0.000127644,0.000122445,0.00011698,0.000111263,0.000105307,9.91268e-05,9.27372e-05,8.61526e-05,7.93878e-05,7.24579e-05,6.53778e-05,5.81627e-05,5.0828e-05,4.33888e-05
-0.000543556,-0.000542473,-0.000541394,-0.000540318,-0.000539245,-0.000538177,-0.000537111,-0.00053605,-0.000534991,-0.000533937,-0.000532886,-0.000531838,-0.000530794,-0.000529753,-0.000528715,-0.000527681,-0.000526651,-0.000525623,-0.000524599,-0.000523579,-0.000522562,-0.000521548,-0.000520537,-0.00051953,-0.000518526,-0.000517525,-0.000516527,-0.000515533,-0.000514542,-0.000513554,-0.000512569,-0.000511588,-0.00051061,-0.000509634,-0.000508662,-0.000507693,-0.000506727,-0.000505764,-0.000504805,-0.000503848,-0.000502894,-0.000501944,-0.000500996,-0.000500052,-0.00049911,-0.000498172,-0.000497236,-0.000496303,-0.000495374,-0.000494447,-0.000493523,-0.000492602,-0.000491684,-0.000490769,-0.000489856,-0.000488947,-0.00048804,-0.000487137,-0.000486236,-0.000485337,-0.000484442,-0.00048355,-0.00048266,-0.000481773,-0.000480888,-0.000480007,-0.000479128,-0.000478252,-0.000477379,-0.000476508,-0.00047564,-0.000474775,-0.000473912,-0.000473052,-0.000472194,-0.00047134,-0.000470487,-0.000469638,-0.000468791,-0.000467947,-0.000467105,-0.000466265,-0.000465429,-0.000464595,-0.000463763,-0.000462934,-0.000462107,-0.000461283,-0.000460462,-0.000459642,-0.000458826,-0.000458012,-0.0004572,-0.000456391,-0.000455584,-0.000454779,-0.000453977,-0.000453177,-0.00045238,-0.000451585,-0.000450793,-0.000449377,-0.00044734,-0.000444688,-0.000441427,-0.000437563,-0.000433107,-0.000428069,-0.000422459,-0.000416292,-0.00040958,-0.000402341,-0.000394589,-0.000386344,-0.000377623,-0.000368446,-0.000358834,-0.000348808,-0.000338392,-0.000327607,-0.000316478,-0.000305029,-0.000293286,-0.000281272,-0.000269016,-0.000256541,-0.000243876,-0.000231046,-0.000218079,-0.000205,-0.000191838,-0.000178618,-0.000165367,-0.000152112,-0.000138878,-0.000125691,-0.000112576,-9.95575e-05,-8.66606e-05,-7.39085e-05,-6.13243e-05,-4.89301e-05,-3.67477e-05,-2.47979e-05,-1.31007e-05,-1.67527e-06,9.46e-06,2.02877e-05,3.07914e-05,4.09554e-05,5.07653e-05,6.02073e-05,6.9269e-05,7.79386e-05,8.62057e-05,9.40606e-05,0.000101495,0.0001085,0.000115071,0.000121202,0.000126887,0.000132124,0.00013691,0.000141243,0.000145122,0.000148547,0.00015152,0.000154042,0.000156117,0.000157746,0.000158936,0.00015969,0.000160015,0.000159916,0.000159402,0.000158479,0.000157157,0.000155444,0.000153349,0.000150882,0.000148055,0.000144877,0.00014136,0.000137516,0.000133357,0.000128895,0.000124144,0.000119116,0.000113824,0.000108283,0.000102506,9.65071e-05,9.03007e-05,8.39012e-05,7.73231e-05,7.05814e-05,6.36909e-05,5.66665e-05,4.95234e-05,4.22768e-05
-0.000532886,-0.000531838,-0.000530794,-0.000529753,-0.000528715,-0.000527681,-0.000526651,-0.000525623,-0.000524599,-0.000523579,-0.000522562,-0.000521548,-0.000520537,-0.00051953,-0.000518526,-0.000517525,-0.000516527,-0.000515533,-0.000514542,-0.000513554,-0.000512569,-0.000511588,-0.00051061,-0.000509634,-0.000508662,-0.000507693,-0.000506727,-0.000505764,-0.000504805,-0.000503848,-0.000502894,-0.000501944,-0.000500996,-0.000500052,-0.00049911,-0.000498172,-0.000497236,-0.000496303,-0.000495374,-0.000494447,-0.000493523,-0.000492602,-0.000491684,-0.000490769,-0.000489856,-0.000488947,-0.00048804,-0.000487137,-0.000486236,-0.000485337,-0.000484442,-0.00048355,-0.00048266,-0.000481773,-0.000480888,-0.000480007,-0.000479128,-0.000478252,-0.000477379,-0.000476508,-0.00047564,-0.000474775,-0.000473912,-0.000473052,-0.000472194,-0.00047134,-0.000470487,-0.000469638,-0.000468791,-0.000467947,-0.000467105,-0.000466265,-0.000465429,-0.000464595,-0.000463763,-0.000462934,-0.000462107,-0.000461283,-0.000460462,-0.000459642,-0.000458826,-0.000458012,-0.0004572,-0.000456391,-0.000455584,-0.000454779,-0.000453977,-0.000453177,-0.00045238,-0.000451585,-0.000450793,-0.000450003,-0.000449215,-0.000448429,-0.000447646,-0.000446865,-0.000446087,-0.000445311,-0.000444537,-0.000443765,-0.000442996,-0.000441621,-0.000439644,-0.000437069,-0.000433903,-0.000430151,-0.000425824,-0.000420931,-0.000415483,-0.000409493,-0.000402975,-0.000395942,-0.000388411,-0.0003804,-0.000371925,-0.000363007,-0.000353664,-0.000343918,-0.00033379,-0.000323303,-0.00031248,-0.000301343,-0.000289917,-0.000278227,-0.000266297,-0.000254154,-0.000241821,-0.000229326,-0.000216693,-0.000203949,-0.00019112,-0.000178232,-0.00016531,-0.000152379,-0.000139466,-0.000126594,-0.000113788,-0.000101073,-8.84716e-05,-7.60072e-05,-6.3702e-05,-5.1578e-05,-3.96561e-05,-2.79567e-05,-1.64994e-05,-5.30308e-06,5.61439e-06,1.62359e-05,2.65452e-05,3.65269e-05,4.61668e-05,5.54512e-05,6.43679e-05,7.29051e-05,8.10524e-05,8.88002e-05,9.61399e-05,0.000103064,0.000109565,0.000115639,0.000121279,0.000126483,0.000131248,0.000135571,0.000139452,0.00014289,0.000145886,0.000148442,0.00015056,0.000152243,0.000153495,0.000154321,0.000154726,0.000154717,0.000154299,0.000153481,0.00015227,0.000150675,0.000148704,0.000146368,0.000143677,0.000140641,0.000137271,0.000133578,0.000129575,0.000125273,0.000120685,0.000115824,0.000110703,0.000105335,9.97338e-05,9.39133e-05,8.78875e-05,8.16706e-05,7.5277e-05,6.87214e-05,6.20184e-05,5.51828e-05,4.82297e-05,4.1174e-05
-0.000522562,-0.000521548,-0.000520537,-0.00051953,-0.000518526,-0.000517525,-0.000516527,-0.000515533,-0.000514542,-0.000513554,-0.000512569,-0.000511588,-0.00051061,-0.000509634,-0.000508662,-0.000507693,-0.000506727,-0.000505764,-0.000504805,-0.000503848,-0.000502894,-0.000501944,-0.000500996,-0.000500052,-0.00049911,-0.000498172,-0.000497236,-0.000496303,-0.000495374,-0.000494447,-0.000493523,-0.000492602,-0.000491684,-0.000490769,-0.000489856,-0.000488947,-0.00048804,-0.000487137,-0.000486236,-0.000485337,-0.000484442,-0.00048355,-0.00048266,-0.000481773,-0.000480888,-0.000480007,-0.000479128,-0.000478252,-0.000477379,-0.000476508,-0.00047564,-0.000474775,-0.000473912,-0.000473052,-0.000472194,-0.00047134,-0.000470487,-0.000469638,-0.000468791,-0.000467947,-0.000467105,-0.000466265,-0.000465429,-0.000464595,-0.000463763,-0.000462934,-0.000462107,-0.000461283,-0.000460462,-0.000459642,-0.000458826,-0.000458012,-0.0004572,-0.000456391,-0.000455584,-0.000454779,-0.000453977,-0.000453177,-0.00045238,-0.000451585,-0.000450793,-0.000450003,-0.000449215,-0.000448429,-0.000447646,-0.000446865,-0.000446087,-0.000445311,-0.000444537,-0.000443765,-0.000442996,-0.000442229,-0.000441464,-0.000440702,-0.000439941,-0.000439183,-0.000438427,-0.000437674,-0.000436922,-0.000436173,-0.000435426,-0.000434091,-0.000432171,-0.00042967,-0.000426595,-0.000422951,-0.000418748,-0.000413995,-0.000408703,-0.000402884,-0.00039655,-0.000389716,-0.000382398,-0.000374612,-0.000366375,-0.000357705,-0.000348622,-0.000339145,-0.000329296,-0.000319096,-0.000308566,-0.000297731,-0.000286612,-0.000275233,-0.00026362,-0.000251795,-0.000239784,-0.000227612,-0.000215304,-0.000202884,-0.000190378,-0.00017781,-0.000165207,-0.000152591,-0.000139989,-0.000127423,-0.000114918,-0.000102497,-9.01838e-05,-7.79995e-05,-6.59665e-05,-5.41061e-05,-4.24387e-05,-3.09842e-05,-1.97619e-05,-8.79013e-06,1.91351e-06,1.23322e-05,2.24501e-05,3.2252e-05,4.17237e-05,5.08521e-05,5.96246e-05,6.80299e-05,7.60575e-05,8.36978e-05,9.09422e-05,9.77829e-05,0.000104213,0.000110228,0.000115821,0.000120989,0.00012573,0.00013004,0.000133919,0.000137366,0.000140382,0.000142967,0.000145125,0.000146857,0.000148167,0.000149061,0.000149542,0.000149616,0.000149291,0.000148572,0.000147467,0.000145986,0.000144135,0.000141926,0.000139366,0.000136468,0.00013324,0.000129695,0.000125844,0.000121698,0.00011727,0.000112573,0.000107618,0.000102421,9.69923e-05,9.13474e-05,8.54995e-05,7.94627e-05,7.32512e-05,6.68794e-05,6.03618e-05,5.3713e-05,4.69479e-05,4.00812e-05
-0.000512569,-0.000511588,-0.00051061,-0.000509634,-0.000508662,-0.000507693,-0.000506727,-0.000505764,-0.000504805,-0.000503848,-0.000502894,-0.000501944,-0.000500996,-0.000500052,-0.00049911,-0.000498172,-0.000497236,-0.000496303,-0.000495374,-0.000494447,-0.000493523,-0.000492602,-0.000491684,-0.000490769,-0.000489856,-0.000488947,-0.00048804,-0.000487137,-0.000486236,-0.000485337,-0.000484442,-0.00048355,-0.00048266,-0.000481773,-0.000480888,-0.000480007,-0.000479128,-0.000478252,-0.000477379,-0.000476508,-0.00047564,-0.000474775,-0.000473912,-0.000473052,-0.000472194,-0.00047134,-0.000470487,-0.000469638,-0.000468791,-0.000467947,-0.000467105,-0.000466265,-0.000465429,-0.000464595,-0.000463763,-0.000462934,-0.000462107,-0.000461283,-0.000460462,-0.000459642,-0.000458826,-0.000458012,-0.0004572,-0.000456391,-0.000455584,-0.000454779,-0.000453977,-0.000453177,-0.00045238,-0.000451585,-0.000450793,-0.000450003,-0.000449215,-0.000448429,-0.000447646,-0.000446865,-0.000446087,-0.000445311,-0.000444537,-0.000443765,-0.000442996,-0.000442229,-0.000441464,-0.000440702,-0.000439941,-0.000439183,-0.000438427,-0.000437674,-0.000436922,-0.000436173,-0.000435426,-0.000434681,-0.000433938,-0.000433198,-0.00043246,-0.000431723,-0.000430989,-0.000430257,-0.000429527,-0.0004288,-0.000428074,-0.000426777,-0.000424912,-0.000422483,-0.000419495,-0.000415955,-0.000411872,-0.000407254,-0.000402111,-0.000396456,-0.0003903,-0.000383658,-0.000376545,-0.000368975,-0.000360967,-0.000352537,-0.000343704,-0.000334487,-0.000324906,-0.000314982,-0.000304737,-0.000294192,-0.000283369,-0.000272292,-0.000260983,-0.000249467,-0.000237767,-0.000225908,-0.000213913,-0.000201806,-0.000189613,-0.000177356,-0.000165062,-0.000152752,-0.000140451,-0.000128183,-0.000115971,-0.000103836,-9.18026e-05,-7.98913e-05,-6.81237e-05,-5.65205e-05,-4.51017e-05,-3.38868e-05,-2.28945e-05,-1.21429e-05,-1.6491e-06,8.57032e-06,1.84997e-05,2.81243e-05,3.743e-05,4.64037e-05,5.50333e-05,6.33073e-05,7.12154e-05,7.8748e-05,8.58964e-05,9.26531e-05,9.90111e-05,0.000104965,0.000110509,0.000115639,0.000120352,0.000124647,0.000128521,0.000131973,0.000135005,0.000137616,0.000139809,0.000141586,0.000142951,0.000143907,0.00014446,0.000144614,0.000144376,0.000143752,0.00014275,0.000141378,0.000139643,0.000137555,0.000135124,0.000132358,0.00012927,0.000125868,0.000122165,0.000118171,0.0001139,0.000109363,0.000104573,9.95417e-05,9.42834e-05,8.88112e-05,8.31385e-05,7.72792e-05,7.12474e-05,6.5057e-05,5.87225e-05,5.22584e-05,4.56791e-05,3.89994e-05
-0.000502894,-0.000501944,-0.000500996,-0.000500052,-0.00049911,-0.000498172,-0.000497236,-0.000496303,-0.000495374,-0.000494447,-0.000493523,-0.000492602,-0.000491684,-0.000490769,-0.000489856,-0.000488947,-0.00048804,-0.000487137,-0.000486236,-0.000485337,-0.000484442,-0.00048355,-0.00048266,-0.000481773,-0.000480888,-0.000480007,-0.000479128,-0.000478252,-0.000477379,-0.000476508,-0.00047564,-0.000474775,-0.000473912,-0.000473052,-0.000472194,-0.00047134,-0.000470487,-0.000469638,-0.000468791,-0.000467947,-0.000467105,-0.000466265,-0.000465429,-0.000464595,-0.000463763,-0.000462934,-0.000462107,-0.000461283,-0.000460462,-0.000459642,-0.000458826,-0.000458012,-0.0004572,-0.000456391,-0.000455584,-0.000454779,-0.000453977,-0.000453177,-0.00045238,-0.000451585,-0.000450793,-0.000450003,-0.000449215,-0.000448429,-0.000447646,-0.000446865,-0.000446087,-0.000445311,-0.000444537,-0.000443765,-0.000442996,-0.000442229,-0.000441464,-0.000440702,-0.000439941,-0.000439183,-0.000438427,-0.000437674,-0.000436922,-0.000436173,-0.000435426,-0.000434681,-0.000433938,-0.000433198,-0.00043246,-0.000431723,-0.000430989,-0.000430257,-0.000429527,-0.0004288,-0.000428074,-0.000427351,-0.000426629,-0.00042591,-0.000425193,-0.000424477,-0.000423764,-0.000423053,-0.000422344,-0.000421637,-0.000420932,-0.000419672,-0.00041786,-0.000415499,-0.000412596,-0.000409156,-0.000405187,-0.000400699,-0.0003957,-0.000390203,-0.000384219,-0.000377762,-0.000370846,-0.000363485,-0.000355697,-0.000347498,-0.000338906,-0.000329939,-0.000320617,-0.00031096,-0.000300989,-0.000290724,-0.000280187,-0.000269401,-0.000258388,-0.00024717,-0.000235771,-0.000224214,-0.000212522,-0.000200719,-0.000188828,-0.000176874,-0.000164878,-0.000152865,-0.000140858,-0.000128879,-0.00011695,-0.000105095,-9.33334e-05,-8.16881e-05,-7.01793e-05,-5.88271e-05,-4.76512e-05,-3.66705e-05,-2.59033e-05,-1.53674e-05,-5.07952e-06,4.9441e-06,1.46881e-05,2.41379e-05,3.32796e-05,4.21005e-05,5.05883e-05,5.87319e-05,6.65208e-05,7.39457e-05,8.09978e-05,8.76695e-05,9.39539e-05,9.98451e-05,0.000105338,0.000110428,0.000115113,0.000119388,0.000123254,0.000126709,0.000129753,0.000132387,0.000134612,0.00013643,0.000137845,0.000138861,0.000139481,0.00013971,0.000139556,0.000139023,0.000138119,0.000136852,0.000135229,0.000133259,0.000130951,0.000128315,0.000125361,0.000122099,0.00011854,0.000114696,0.000110577,0.000106197,0.000101567,9.67001e-05,9.16088e-05,8.63063e-05,8.08061e-05,7.51217e-05,6.92668e-05,6.32555e-05,5.71017e-05,5.08199e-05,4.44243e-05,3.79296e-05
-0.000493523,-0.000492602,-0.000491684,-0.000490769,-0.000489856,-0.000488947,-0.00048804,-0.000487137,-0.000486236,-0.000485337,-0.000484442,-0.00048355,-0.00048266,-0.000481773,-0.000480888,-0.000480007,-0.000479128,-0.000478252,-0.000477379,-0.000476508,-0.00047564,-0.000474775,-0.000473912,-0.000473052,-0.000472194,-0.00047134,-0.000470487,-0.000469638,-0.000468791,-0.000467947,-0.000467105,-0.000466265,-0.000465429,-0.000464595,-0.000463763,-0.000462934,-0.000462107,-0.000461283,-0.000460462,-0.000459642,-0.000458826,-0.000458012,-0.0004572,-0.000456391,-0.000455584,-0.000454779,-0.000453977,-0.000453177,-0.00045238,-0.000451585,-0.000450793,-0.000450003,-0.000449215,-0.000448429,-0.000447646,-0.000446865,-0.000446087,-0.000445311,-0.000444537,-0.000443765,-0.000442996,-0.000442229,-0.000441464,-0.000440702,-0.000439941,-0.000439183,-0.000438427,-0.000437674,-0.000436922,-0.000436173,-0.000435426,-0.000434681,-0.000433938,-0.000433198,-0.00043246,-0.000431723,-0.000430989,-0.000430257,-0.000429527,-0.0004288,-0.000428074,-0.000427351,-0.000426629,-0.00042591,-0.000425193,-0.000424477,-0.000423764,-0.000423053,-0.000422344,-0.000421637,-0.000420932,-0.000420229,-0.000419528,-0.000418829,-0.000418132,-0.000417437,-0.000416744,-0.000416053,-0.000415364,-0.000414677,-0.000413992,-0.000412767,-0.000411006,-0.000408712,-0.000405889,-0.000402545,-0.000398687,-0.000394324,-0.000389464,-0.000384119,-0.000378301,-0.000372021,-0.000365295,-0.000358136,-0.00035056,-0.000342584,-0.000334224,-0.000325499,-0.000316427,-0.000307028,-0.000297321,-0.000287327,-0.000277067,-0.000266561,-0.000255833,-0.000244904,-0.000233795,-0.000222531,-0.000211133,-0.000199624,-0.000188027,-0.000176365,-0.00016466,-0.000152935,-0.000141212,-0.000129513,-0.000117861,-0.000106277,-9.47811e-05,-8.33949e-05,-7.21384e-05,-6.10312e-05,-5.00925e-05,-3.93408e-05,-2.8794e-05,-1.84694e-05,-8.3835e-06,1.44781e-06,1.10094e-05,2.02871e-05,2.92671e-05,3.79368e-05,4.62843e-05,5.42983e-05,6.19687e-05,6.9286e-05,7.62416e-05,8.28278e-05,8.90377e-05,9.48652e-05,0.000100305,0.000105354,0.000110007,0.000114262,0.000118117,0.000121571,0.000124625,0.000127277,0.000129531,0.000131387,0.000132849,0.000133919,0.000134603,0.000134904,0.000134829,0.000134384,0.000133574,0.000132407,0.000130892,0.000129036,0.000126848,0.000124338,0.000121514,0.000118388,0.000114971,0.000111272,0.000107303,0.000103076,9.86035e-05,9.38972e-05,8.89698e-05,8.38343e-05,7.85037e-05,7.29914e-05,6.73109e-05,6.1476e-05,5.55005e-05,4.93986e-05,4.31844e-05,3.68723e-05
-0.000484442,-0.00048355,-0.00048266,-0.000481773,-0.000480888,-0.000480007,-0.000479128,-0.000478252,-0.000477379,-0.000476508,-0.00047564,-0.000474775,-0.000473912,-0.000473052,-0.000472194,-0.00047134,-0.000470487,-0.000469638,-0.000468791,-0.000467947,-0.000467105,-0.000466265,-0.000465429,-0.000464595,-0.000463763,-0.000462934,-0.000462107,-0.000461283,-0.000460462,-0.000459642,-0.000458826,-0.000458012,-0.0004572,-0.000456391,-0.000455584,-0.000454779,-0.000453977,-0.000453177,-0.00045238,-0.000451585,-0.000450793,-0.000450003,-0.000449215,-0.000448429,-0.000447646,-0.000446865,-0.000446087,-0.000445311,-0.000444537,-0.000443765,-0.000442996,-0.000442229,-0.000441464,-0.000440702,-0.000439941,-0.000439183,-0.000438427,-0.000437674,-0.000436922,-0.000436173,-0.000435426,-0.000434681,-0.000433938,-0.000433198,-0.00043246,-0.000431723,-0.000430989,-0.000430257,-0.000429527,-0.0004288,-0.000428074,-0.000427351,-0.000426629,-0.00042591,-0.000425193,-0.000424477,-0.000423764,-0.000423053,-0.000422344,-0.000421637,-0.000420932,-0.000420229,-0.000419528,-0.000418829,-0.000418132,-0.000417437,-0.000416744,-0.000416053,-0.000415364,-0.000414677,-0.000413992,-0.000413309,-0.000412628,-0.000411948,-0.000411271,-0.000410595,-0.000409922,-0.00040925,-0.00040858,-0.000407913,-0.000407247,-0.000406056,-0.000404343,-0.000402113,-0.000399369,-0.000396117,-0.000392366,-0.000388123,-0.000383397,-0.000378199,-0.00037254,-0.000366432,-0.000359889,-0.000352924,-0.000345553,-0.000337792,-0.000329656,-0.000321164,-0.000312333,-0.000303183,-0.000293731,-0.000283999,-0.000274006,-0.000263772,-0.000253319,-0.000242669,-0.000231842,-0.000220861,-0.000209747,-0.000198523,-0.000187211,-0.000175832,-0.000164409,-0.000152963,-0.000141517,-0.000130092,-0.000118708,-0.000107387,-9.61502e-05,-8.50165e-05,-7.4006e-05,-6.31379e-05,-5.24309e-05,-4.19031e-05,-3.15719e-05,-2.14543e-05,-1.15665e-05,-1.924e-06,7.45838e-06,1.65665e-05,2.53871e-05,3.39076e-05,4.21161e-05,5.00017e-05,5.75542e-05,6.47642e-05,7.16232e-05,7.81235e-05,8.42582e-05,9.00211e-05,9.54072e-05,0.000100412,0.000105032,0.000109264,0.000113106,0.000116557,0.000119617,0.000122286,0.000124565,0.000126455,0.00012796,0.000129083,0.000129826,0.000130196,0.000130197,0.000129834,0.000129115,0.000128045,0.000126634,0.000124888,0.000122816,0.000120428,0.000117732,0.000114738,0.000111458,0.0001079,0.000104078,0.000100002,9.5683e-05,9.11343e-05,8.63678e-05,8.13962e-05,7.62324e-05,7.08894e-05,6.53806e-05,5.97195e-05,5.39198e-05,4.79954e-05,4.19601e-05,3.58283e-05
