0, 0.000242313, -0.00146624, 0, 0, 0, 0, 0, 0, 0, 0, 0, 0, 0, 0, 0, 0, 0, 0, 0, 0, 0, 0, 0, 0, 0, 0, 0, 0, 0, 0, 0, 0, 0, 0, 0, 0, 0, 0, 0, 0, 0, 0, 0, 0, 0, 0, 0, 0, 0, 0, 0, 0, 0, 0, 0, 0, 0, 0, 0, 0, 0, 0, 0, 0, 0, 0, 0, 0, 0, 0, 0, 0, 0, 0, 0, 0, 0, 0, 0, 0, 0, 0, 0, 0, 0, 0, 0, 0, 0, 0, 0, 0, 0, 0, 0, 0, 0, 0, 0, 0, 0, 0, 0, 0, 0, 0, 0, 0, 0, 0, 0, 0, 0, 0, 0, 0, 0, 0, 0, 0, 0, 0, 0, 0, 0, 0, 0, 0, 0, 0, 0, 0, 0, 0, 0, 0, 0, 0, 0, 0, 0, 0, 0, 0, 0, 0, 0, 0, 0, 0, 0, 0, 0, 0, 0, 0, 0, 0, 0, 0, 0, 0, 0, 0, 0, 0, 0, 0, 0, 0, 0, 0, 0, 0, 0, 0, 0, 0, 0, 0, 0, 0, 0, 0, 0, 0, 0, 0, 0, 0, 0, 0, 0, 0, 0, 0, 0, 0, 0
-0.00320613, -0.00410436, -0.0154889, -0.0108285, -0.00642586, -0.00476979, -0.003049, -0.00113791, -0.00024268, -3.03373e-05, -2.2027e-06, -8.60387e-08, -1.39832e-09, 0, 0, 0, 0, 0, 0, 0, 0, 0, 0, 0, 0, 0, 0, 0, 0, 0, 0, 0, 0, 0, 0, 0, 0, 0, 0, 0, 0, 0, 0, 0, 0, 0, 0, 0, 0, 0, 0, 0, 0, 0, 0, 0, 0, 0, 0, 0, 0, 0, 0, 0, 0, 0, 0, 0, 0, 0, 0, 0, 0, 0, 0, 0, 0, 0, 0, 0, 0, 0, 0, 0, 0, 0, 0, 0, 0, 0, 0, 0, 0, 0, 0, 0, 0, 0, 0, 0, 0, 0, 0, 0, 0, 0, 0, 0, 0, 0, 0, 0, 0, 0, 0, 0, 0, 0, 0, 0, 0, 0, 0, 0, 0, 0, 0, 0, 0, 0, 0, 0, 0, 0, 0, 0, 0, 0, 0, 0, 0, 0, 0, 0, 0, 0, 0, 0, 0, 0, 0, 0, 0, 0, 0, 0, 0, 0, 0, 0, 0, 0, 0, 0, 0, 0, 0, 0, 0, 0, 0, 0, 0, 0, 0, 0, 0, 0, 0, 0, 0, 0, 0, 0, 0, 0, 0, 0, 0, 0, 0, 0, 0, 0, 0, 0, 0, 0, 0, 0
-0.0211844, -0.0248721, -0.0864043, -0.0631761, -0.0461117, -0.0322683, -0.0227621, -0.0159995, -0.0102074, -0.00694013, -0.00491739, -0.00280267, -0.00114589, -0.000333936, -7.05776e-05, -1.09835e-05, -1.26795e-06, -1.08382e-07, -6.77172e-09, -3.00633e-10, -8.98413e-12, -1.62065e-13, -1.33354e-15, 0, 0, 0, 0, 0, 0, 0, 0, 0, 0, 0, 0, 0, 0, 0, 0, 0, 0, 0, 0, 0, 0, 0, 0, 0, 0, 0, 0, 0, 0, 0, 0, 0, 0, 0, 0, 0, 0, 0, 0, 0, 0, 0, 0, 0, 0, 0, 0, 0, 0, 0, 0, 0, 0, 0, 0, 0, 0, 0, 0, 0, 0, 0, 0, 0, 0, 0, 0, 0, 0, 0, 0, 0, 0, 0, 0, 0, 0, 0, 0, 0, 0, 0, 0, 0, 0, 0, 0, 0, 0, 0, 0, 0, 0, 0, 0, 0, 0, 0, 0, 0, 0, 0, 0, 0, 0, 0, 0, 0, 0, 0, 0, 0, 0, 0, 0, 0, 0, 0, 0, 0, 0, 0, 0, 0, 0, 0, 0, 0, 0, 0, 0, 0, 0, 0, 0, 0, 0, 0, 0, 0, 0, 0, 0, 0, 0, 0, 0, 0, 0, 0, 0, 0, 0, 0, 0, 0, 0, 0, 0, 0, 0, 0, 0, 0, 0, 0, 0, 0, 0, 0, 0, 0, 0, 0, 0, 0
-0.0878375, -0.0986907, -0.30702, -0.247571, -0.195426, -0.151737, -0.115567, -0.0861837, -0.0638899, -0.0457434, -0.0325168, -0.0232367, -0.0156337, -0.0103481, -0.00726222, -0.00486572, -0.00269975, -0.00117227, -0.000396488, -0.00010557, -2.23984e-05, -3.82356e-06, -5.28526e-07, -5.93328e-08, -5.40652e-09, -3.98159e-10, -2.34903e-11, -1.09415e-12, -3.93251e-14, -1.05186e-15, -1.97109e-17, -2.30863e-19, -1.27176e-21, 0, 0, 0, 0, 0, 0, 0, 0, 0, 0, 0, 0, 0, 0, 0, 0, 0, 0, 0, 0, 0, 0, 0, 0, 0, 0, 0, 0, 0, 0, 0, 0, 0, 0, 0, 0, 0, 0, 0, 0, 0, 0, 0, 0, 0, 0, 0, 0, 0, 0, 0, 0, 0, 0, 0, 0, 0, 0, 0, 0, 0, 0, 0, 0, 0, 0, 0, 0, 0, 0, 0, 0, 0, 0, 0, 0, 0, 0, 0, 0, 0, 0, 0, 0, 0, 0, 0, 0, 0, 0, 0, 0, 0, 0, 0, 0, 0, 0, 0, 0, 0, 0, 0, 0, 0, 0, 0, 0, 0, 0, 0, 0, 0, 0, 0, 0, 0, 0, 0, 0, 0, 0, 0, 0, 0, 0, 0, 0, 0, 0, 0, 0, 0, 0, 0, 0, 0, 0, 0, 0, 0, 0, 0, 0, 0, 0, 0, 0, 0, 0, 0, 0, 0, 0, 0, 0, 0, 0, 0, 0, 0, 0, 0, 0, 0, 0, 0
-0.222937, -0.237208, -0.651178, -0.587829, -0.5171, -0.444266, -0.372978, -0.307099, -0.247128, -0.195701, -0.151811, -0.115356, -0.0868574, -0.0636818, -0.0457896, -0.0330397, -0.0231445, -0.0155456, -0.0106159, -0.00741124, -0.0048068, -0.00265321, -0.00120325, -0.000446493, -0.0001365, -3.46962e-05, -7.3944e-06, -1.33022e-06, -2.02998e-07, -2.6363e-08, -2.91803e-09, -2.75231e-10, -2.20793e-11, -1.50067e-12, -8.5891e-14, -4.10312e-15, -1.61557e-16, -5.15084e-18, -1.29619e-19, -2.47743e-21, -3.37907e-23, -2.92939e-25, -1.21285e-27, 0, 0, 0, 0, 0, 0, 0, 0, 0, 0, 0, 0, 0, 0, 0, 0, 0, 0, 0, 0, 0, 0, 0, 0, 0, 0, 0, 0, 0, 0, 0, 0, 0, 0, 0, 0, 0, 0, 0, 0, 0, 0, 0, 0, 0, 0, 0, 0, 0, 0, 0, 0, 0, 0, 0, 0, 0, 0, 0, 0, 0, 0, 0, 0, 0, 0, 0, 0, 0, 0, 0, 0, 0, 0, 0, 0, 0, 0, 0, 0, 0, 0, 0, 0, 0, 0, 0, 0, 0, 0, 0, 0, 0, 0, 0, 0, 0, 0, 0, 0, 0, 0, 0, 0, 0, 0, 0, 0, 0, 0, 0, 0, 0, 0, 0, 0, 0, 0, 0, 0, 0, 0, 0, 0, 0, 0, 0, 0, 0, 0, 0, 0, 0, 0, 0, 0, 0, 0, 0, 0, 0, 0, 0, 0, 0, 0, 0, 0, 0, 0, 0, 0, 0, 0, 0, 0, 0
-0.29404, -0.286261, -0.633506, -0.702176, -0.732669, -0.729591, -0.700113, -0.650008, -0.587057, -0.516379, -0.44353, -0.372981, -0.30642, -0.247366, -0.195722, -0.151529, -0.115906, -0.0868907, -0.0635552, -0.0462189, -0.0332255, -0.0230221, -0.0156484, -0.0108454, -0.00748323, -0.00476297, -0.00263469, -0.00123563, -0.000489434, -0.0001645, -4.72441e-05, -1.16752e-05, -2.49781e-06, -4.64944e-07, -7.55906e-08, -1.07644e-08, -1.34511e-09, -1.47626e-10, -1.42293e-11, -1.20335e-12, -8.91068e-14, -5.75952e-15, -3.23518e-16, -1.56983e-17, -6.52845e-19, -2.30263e-20, -6.79263e-22, -1.64447e-23, -3.18143e-25, -4.72857e-27, -5.06877e-29, -3.48768e-31, -1.15666e-33, 0, 0, 0, 0, 0, 0, 0, 0, 0, 0, 0, 0, 0, 0, 0, 0, 0, 0, 0, 0, 0, 0, 0, 0, 0, 0, 0, 0, 0, 0, 0, 0, 0, 0, 0, 0, 0, 0, 0, 0, 0, 0, 0, 0, 0, 0, 0, 0, 0, 0, 0, 0, 0, 0, 0, 0, 0, 0, 0, 0, 0, 0, 0, 0, 0, 0, 0, 0, 0, 0, 0, 0, 0, 0, 0, 0, 0, 0, 0, 0, 0, 0, 0, 0, 0, 0, 0, 0, 0, 0, 0, 0, 0, 0, 0, 0, 0, 0, 0, 0, 0, 0, 0, 0, 0, 0, 0, 0, 0, 0, 0, 0, 0, 0, 0, 0, 0, 0, 0, 0, 0, 0, 0, 0, 0, 0, 0, 0, 0, 0, 0, 0, 0, 0, 0, 0, 0, 0, 0, 0, 0, 0, 0, 0, 0, 0, 0
-0.0290245, 0.0188902, 0.302226, 0.0492726, -0.177854, -0.370662, -0.523012, -0.63316, -0.701557, -0.731561, -0.728818, -0.698696, -0.649313, -0.586021, -0.51555, -0.443344, -0.372178, -0.30643, -0.24742, -0.195346, -0.15186, -0.116155, -0.0867288, -0.0637761, -0.0465683, -0.0332379, -0.0229989, -0.0158212, -0.0110226, -0.00752177, -0.00473464, -0.00263216, -0.00126833, -0.000527838, -0.000190329, -5.979e-05, -1.64586e-05, -3.99129e-06, -8.56635e-07, -1.63347e-07, -2.77591e-08, -4.21429e-09, -5.72577e-10, -6.97006e-11, -7.60648e-12, -7.44181e-13, -6.52341e-14, -5.11758e-15, -3.58642e-16, -2.2396e-17, -1.24205e-18, -6.09129e-20, -2.62733e-21, -9.89842e-23, -3.22906e-24, -9.01956e-26, -2.12598e-27, -4.14682e-29, -6.51427e-31, -7.91954e-33, -6.99177e-35, -3.98795e-37, -1.10308e-39, 0, 0, 0, 0, 0, 0, 0, 0, 0, 0, 0, 0, 0, 0, 0, 0, 0, 0, 0, 0, 0, 0, 0, 0, 0, 0, 0, 0, 0, 0, 0, 0, 0, 0, 0, 0, 0, 0, 0, 0, 0, 0, 0, 0, 0, 0, 0, 0, 0, 0, 0, 0, 0, 0, 0, 0, 0, 0, 0, 0, 0, 0, 0, 0, 0, 0, 0, 0, 0, 0, 0, 0, 0, 0, 0, 0, 0, 0, 0, 0, 0, 0, 0, 0, 0, 0, 0, 0, 0, 0, 0, 0, 0, 0, 0, 0, 0, 0, 0, 0, 0, 0, 0, 0, 0, 0, 0, 0, 0, 0, 0, 0, 0, 0, 0, 0, 0, 0, 0, 0, 0, 0, 0, 0, 0, 0, 0, 0, 0, 0, 0, 0, 0, 0, 0, 0, 0
0.48859, 0.531251, 1.47484, 1.30139, 1.08248, 0.832315, 0.566421, 0.300056, 0.0477747, -0.179194, -0.371046, -0.523297, -0.632712, -0.7008, -0.730872, -0.727396, -0.697988, -0.648135, -0.585013, -0.515198, -0.442451, -0.371866, -0.306484, -0.24701, -0.19538, -0.152199, -0.116097, -0.0867427, -0.0641104, -0.0467663, -0.03322, -0.0230623, -0.0160079, -0.0111591, -0.00754619, -0.00471911, -0.00263964, -0.00130096, -0.000563076, -0.000214496, -7.22303e-05, -2.16064e-05, -5.76812e-06, -1.38003e-06, -2.96975e-07, -5.76577e-08, -1.01252e-08, -1.61154e-09, -2.32848e-10, -3.05778e-11, -3.65244e-12, -3.96987e-13, -3.92645e-14, -3.53267e-15, -2.88913e-16, -2.14534e-17, -1.44414e-18, -8.79445e-20, -4.83243e-21, -2.38824e-22, -1.05735e-23, -4.17336e-25, -1.45978e-26, -4.49193e-28, -1.2049e-29, -2.78494e-31, -5.46435e-33, -8.92273e-35, -1.17971e-36, -1.21322e-38, -9.10444e-41, -4.4344e-43, -1.05198e-45, 0, 0, 0, 0, 0, 0, 0, 0, 0, 0, 0, 0, 0, 0, 0, 0, 0, 0, 0, 0, 0, 0, 0, 0, 0, 0, 0, 0, 0, 0, 0, 0, 0, 0, 0, 0, 0, 0, 0, 0, 0, 0, 0, 0, 0, 0, 0, 0, 0, 0, 0, 0, 0, 0, 0, 0, 0, 0, 0, 0, 0, 0, 0, 0, 0, 0, 0, 0, 0, 0, 0, 0, 0, 0, 0, 0, 0, 0, 0, 0, 0, 0, 0, 0, 0, 0, 0, 0, 0, 0, 0, 0, 0, 0, 0, 0, 0, 0, 0, 0, 0, 0, 0, 0, 0, 0, 0, 0, 0, 0, 0, 0, 0, 0, 0, 0, 0, 0, 0, 0, 0, 0, 0, 0, 0, 0, 0
0.647461, 0.626472, 1.39717, 1.54246, 1.62608, 1.64253, 1.59025, 1.47336, 1.29921, 1.0802, 0.829783, 0.564057, 0.298094, 0.0459195, -0.180027, -0.371956, -0.52316, -0.632388, -0.700305, -0.72958, -0.726682, -0.696822, -0.646926, -0.584499, -0.514272, -0.441788, -0.371812, -0.306114, -0.246753, -0.195626, -0.152298, -0.116013, -0.0869266, -0.0644108, -0.0468658, -0.0332291, -0.0231801, -0.0161868, -0.011267, -0.00756536, -0.00471371, -0.00265377, -0.00133335, -0.000595981, -0.000237356, -8.45244e-05, -2.70253e-05, -7.79001e-06, -2.03199e-06, -4.81254e-07, -1.03792e-07, -2.04352e-08, -3.6807e-09, -6.07551e-10, -9.20352e-11, -1.28094e-11, -1.63934e-12, -1.93025e-13, -2.09168e-14, -2.08606e-15, -1.91431e-16, -1.61562e-17, -1.25309e-18, -8.92239e-20, -5.82435e-21, -3.4797e-22, -1.89871e-23, -9.43849e-25, -4.26152e-26, -1.74131e-27, -6.41154e-29, -2.1163e-30, -6.22308e-32, -1.61786e-33, -3.68385e-35, -7.26046e-37, -1.21996e-38, -1.71292e-40, -1.95498e-42, -1.74203e-44, -1.13675e-46, -4.83091e-49, -1.00324e-51, 0, 0, 0, 0, 0, 0, 0, 0, 0, 0, 0, 0, 0, 0, 0, 0, 0, 0, 0, 0, 0, 0, 0, 0, 0, 0, 0, 0, 0, 0, 0, 0, 0, 0, 0, 0, 0, 0, 0, 0, 0, 0, 0, 0, 0, 0, 0, 0, 0, 0, 0, 0, 0, 0, 0, 0, 0, 0, 0, 0, 0, 0, 0, 0, 0, 0, 0, 0, 0, 0, 0, 0, 0, 0, 0, 0, 0, 0, 0, 0, 0, 0, 0, 0, 0, 0, 0, 0, 0, 0, 0, 0, 0, 0, 0, 0, 0, 0, 0, 0, 0, 0, 0, 0, 0, 0, 0, 0, 0, 0, 0, 0, 0, 0, 0, 0, 0
0.225882, 0.171089, 0.179602, 0.440442, 0.708029, 0.96716, 1.20259, 1.39898, 1.54371, 1.62667, 1.64225, 1.58946, 1.47158, 1.29738, 1.0776, 0.82748, 0.561671, 0.295902, 0.0445697, -0.18149, -0.372289, -0.523279, -0.632248, -0.699253, -0.728911, -0.725658, -0.695473, -0.646225, -0.583597, -0.51331, -0.441488, -0.371494, -0.305656, -0.246751, -0.195802, -0.152245, -0.116026, -0.0871847, -0.0646374, -0.0469222, -0.033278, -0.0233271, -0.0163511, -0.0113554, -0.00758351, -0.0047163, -0.00267255, -0.00136542, -0.000627093, -0.000259165, -9.66607e-05, -3.26504e-05, -1.00243e-05, -2.80685e-06, -7.18989e-07, -1.68948e-07, -3.65052e-08, -7.26825e-09, -1.33584e-09, -2.26979e-10, -3.57004e-11, -5.20309e-12, -7.03243e-13, -8.82003e-14, -1.02691e-14, -1.11018e-15, -1.11447e-16, -1.03871e-17, -8.98513e-19, -7.20988e-20, -5.36276e-21, -3.69398e-22, -2.35363e-23, -1.38515e-24, -7.51672e-26, -3.7537e-27, -1.7209e-28, -7.22289e-30, -2.76633e-31, -9.63096e-33, -3.03418e-34, -8.60374e-36, -2.1818e-37, -4.90956e-39, -9.71003e-41, -1.66786e-42, -2.4503e-44, -3.0174e-46, -3.02935e-48, -2.38131e-50, -1.37458e-52, -5.18118e-55, -9.56766e-58, 0, 0, 0, 0, 0, 0, 0, 0, 0, 0, 0, 0, 0, 0, 0, 0, 0, 0, 0, 0, 0, 0, 0, 0, 0, 0, 0, 0, 0, 0, 0, 0, 0, 0, 0, 0, 0, 0, 0, 0, 0, 0, 0, 0, 0, 0, 0, 0, 0, 0, 0, 0, 0, 0, 0, 0, 0, 0, 0, 0, 0, 0, 0, 0, 0, 0, 0, 0, 0, 0, 0, 0, 0, 0, 0, 0, 0, 0, 0, 0, 0, 0, 0, 0, 0, 0, 0, 0, 0, 0, 0, 0, 0, 0, 0, 0, 0, 0, 0, 0, 0, 0, 0, 0, 0, 0, 0
-0.216916, -0.240988, -0.667908, -0.577774, -0.445416, -0.271535, -0.0601242, 0.181442, 0.44275, 0.710366, 0.969734, 1.20467, 1.40096, 1.54483, 1.62728, 1.64207, 1.58837, 1.47024, 1.295, 1.07548, 0.824895, 0.559246, 0.294115, 0.0426114, -0.182375, -0.372853, -0.523615, -0.631563, -0.698694, -0.728139, -0.724308, -0.694571, -0.645375, -0.582463, -0.51267, -0.441148, -0.370958, -0.305352, -0.246841, -0.195834, -0.152169, -0.116141, -0.0874466, -0.0647989, -0.0469705, -0.033363, -0.0234871, -0.0165, -0.0114307, -0.00760262, -0.00472524, -0.00269467, -0.00139717, -0.000656787, -0.00028011, -0.000108641, -3.84362e-05, -1.24438e-05, -3.69792e-06, -1.01155e-06, -2.55363e-07, -5.96282e-08, -1.29047e-08, -2.59302e-09, -4.845e-10, -8.42913e-11, -1.36697e-11, -2.0684e-12, -2.92239e-13, -3.8578e-14, -4.76036e-15, -5.49256e-16, -5.92682e-17, -5.98131e-18, -5.6449e-19, -4.98077e-20, -4.10726e-21, -3.16368e-22, -2.27469e-23, -1.52536e-24, -9.53021e-26, -5.54093e-27, -2.99362e-28, -1.50047e-29, -6.9637e-31, -2.9859e-32, -1.17984e-33, -4.28351e-35, -1.42403e-36, -4.31769e-38, -1.18843e-39, -2.95319e-41, -6.5821e-43, -1.30545e-44, -2.28184e-46, -3.47299e-48, -4.53244e-50, -4.97013e-52, -4.45371e-54, -3.13188e-56, -1.58011e-58, -5.08847e-61, -8.05231e-64, 0, 0, 0, 0, 0, 0, 0, 0, 0, 0, 0, 0, 0, 0, 0, 0, 0, 0, 0, 0, 0, 0, 0, 0, 0, 0, 0, 0, 0, 0, 0, 0, 0, 0, 0, 0, 0, 0, 0, 0, 0, 0, 0, 0, 0, 0, 0, 0, 0, 0, 0, 0, 0, 0, 0, 0, 0, 0, 0, 0, 0, 0, 0, 0, 0, 0, 0, 0, 0, 0, 0, 0, 0, 0, 0, 0, 0, 0, 0, 0, 0, 0, 0, 0, 0, 0, 0, 0, 0, 0, 0, 0, 0, 0, 0, 0, 0
-0.283281, -0.273585, -0.620871, -0.677295, -0.716938, -0.732866, -0.718714, -0.668371, -0.57797, -0.444977, -0.270722, -0.0586492, 0.183305, 0.444966, 0.712903, 0.972011, 1.20712, 1.40254, 1.54627, 1.6277, 1.6418, 1.58761, 1.46834, 1.29321, 1.07296, 0.822357, 0.557176, 0.291757, 0.0411581, -0.183375, -0.373722, -0.523435, -0.63119, -0.698244, -0.726973, -0.723247, -0.693756, -0.644223, -0.581488, -0.512175, -0.440607, -0.370413, -0.305205, -0.246888, -0.195764, -0.152138, -0.116319, -0.0876787, -0.0649163, -0.0470281, -0.0334758, -0.0236508, -0.0166351, -0.0114973, -0.00762362, -0.00473929, -0.0027193, -0.00142859, -0.000685331, -0.000300338, -0.000120473, -4.43495e-05, -1.50257e-05, -4.69826e-06, -1.35932e-06, -3.6478e-07, -9.09905e-08, -2.11375e-08, -4.58086e-09, -9.27537e-10, -1.75705e-10, -3.11748e-11, -5.18595e-12, -8.09521e-13, -1.18663e-13, -1.63435e-14, -2.11607e-15, -2.57643e-16, -2.95069e-17, -3.1791e-18, -3.22239e-19, -3.07266e-20, -2.75572e-21, -2.32392e-22, -1.84203e-23, -1.37166e-24, -9.58943e-26, -6.28941e-27, -3.86642e-28, -2.22556e-29, -1.19805e-30, -6.0231e-32, -2.8235e-33, -1.23196e-34, -4.99291e-36, -1.87518e-37, -6.50883e-39, -2.08162e-40, -6.1123e-42, -1.6411e-43, -3.9016e-45, -8.16392e-47, -1.53738e-48, -2.58471e-50, -3.84194e-52, -4.98789e-54, -5.56914e-56, -5.23987e-58, -4.04004e-60, -2.4511e-62, -1.09729e-64, -3.2226e-67, -4.65776e-70, 0, 0, 0, 0, 0, 0, 0, 0, 0, 0, 0, 0, 0, 0, 0, 0, 0, 0, 0, 0, 0, 0, 0, 0, 0, 0, 0, 0, 0, 0, 0, 0, 0, 0, 0, 0, 0, 0, 0, 0, 0, 0, 0, 0, 0, 0, 0, 0, 0, 0, 0, 0, 0, 0, 0, 0, 0, 0, 0, 0, 0, 0, 0, 0, 0, 0, 0, 0, 0, 0, 0, 0, 0, 0, 0, 0, 0, 0, 0, 0, 0, 0, 0, 0, 0, 0, 0
-0.148254, -0.134547, -0.278751, -0.341866, -0.410657, -0.482865, -0.554718, -0.621853, -0.678325, -0.718012, -0.733884, -0.719478, -0.668982, -0.577959, -0.444775, -0.269645, -0.0573947, 0.185325, 0.447177, 0.715281, 0.974635, 1.20909, 1.40461, 1.54731, 1.62824, 1.64173, 1.58636, 1.46702, 1.291, 1.07046, 0.820187, 0.554573, 0.289779, 0.0397507, -0.18476, -0.374164, -0.52335, -0.631088, -0.697446, -0.725878, -0.722426, -0.69271, -0.643036, -0.580728, -0.511608, -0.43994, -0.369974, -0.305124, -0.246848, -0.195659, -0.152168, -0.116522, -0.087872, -0.065009, -0.0471021, -0.0336082, -0.0238128, -0.0167584, -0.011558, -0.00764686, -0.00475749, -0.00274582, -0.0014597, -0.000712925, -0.000319959, -0.000132168, -5.03661e-05, -1.77515e-05, -5.80107e-06, -1.76199e-06, -4.98522e-07, -1.31654e-07, -3.25124e-08, -7.52046e-09, -1.63177e-09, -3.32555e-10, -6.37324e-11, -1.14972e-11, -1.95413e-12, -3.13166e-13, -4.73533e-14, -6.75965e-15, -9.11379e-16, -1.16101e-16, -1.39786e-17, -1.59099e-18, -1.71196e-19, -1.74166e-20, -1.67513e-21, -1.52299e-22, -1.30863e-23, -1.06236e-24, -8.14515e-26, -5.89505e-27, -4.02521e-28, -2.59124e-29, -1.57146e-30, -8.96982e-32, -4.81394e-33, -2.42616e-34, -1.11392e-35, -4.64332e-37, -1.81171e-38, -6.60381e-40, -2.24388e-41, -7.08983e-43, -2.07726e-44, -5.62581e-46, -1.40327e-47, -3.2103e-49, -6.70332e-51, -1.2703e-52, -2.17009e-54, -3.31516e-56, -4.48458e-58, -5.30681e-60, -5.40874e-62, -4.65208e-64, -3.28355e-66, -1.82617e-68, -7.50415e-71, -2.02559e-73, -2.69423e-76, 0, 0, 0, 0, 0, 0, 0, 0, 0, 0, 0, 0, 0, 0, 0, 0, 0, 0, 0, 0, 0, 0, 0, 0, 0, 0, 0, 0, 0, 0, 0, 0, 0, 0, 0, 0, 0, 0, 0, 0, 0, 0, 0, 0, 0, 0, 0, 0, 0, 0, 0, 0, 0, 0, 0, 0, 0, 0, 0, 0, 0, 0, 0, 0, 0, 0, 0, 0, 0, 0, 0, 0, 0, 0, 0, 0, 0
-0.0449443, -0.0388715, -0.0756934, -0.101824, -0.134634, -0.174841, -0.22294, -0.278927, -0.342129, -0.411179, -0.483428, -0.555629, -0.622696, -0.679497, -0.718974, -0.734967, -0.720261, -0.669465, -0.578186, -0.444217, -0.268968, -0.055738, 0.187074, 0.449468, 0.717848, 0.976839, 1.2116, 1.40621, 1.54856, 1.62891, 1.64119, 1.58563, 1.46535, 1.28873, 1.06837, 0.817543, 0.552181, 0.288009, 0.037937, -0.185877, -0.374487, -0.523593, -0.630789, -0.696517, -0.725044, -0.72154, -0.691496, -0.641997, -0.58004, -0.510903, -0.439266, -0.369643, -0.305033, -0.246731, -0.195564, -0.152251, -0.116724, -0.0880299, -0.0650917, -0.0471937, -0.0337535, -0.0239705, -0.0168719, -0.011615, -0.00767244, -0.0047791, -0.00277382, -0.00149052, -0.000739722, -0.000339062, -0.000143736, -5.6468e-05, -2.06053e-05, -6.99995e-06, -2.21877e-06, -6.57558e-07, -1.82553e-07, -4.75593e-08, -1.16456e-08, -2.68399e-09, -5.82983e-10, -1.19476e-10, -2.31262e-11, -4.23172e-12, -7.32609e-13, -1.20082e-13, -1.86465e-14, -2.74452e-15, -3.83072e-16, -5.07225e-17, -6.37322e-18, -7.60074e-19, -8.60525e-20, -9.2496e-21, -9.43949e-22, -9.14586e-23, -8.41217e-24, -7.34391e-25, -6.08388e-26, -4.78045e-27, -3.4549e-28, -2.28664e-29, -1.43559e-30, -8.54385e-32, -4.81671e-33, -2.57018e-34, -1.29685e-35, -6.18129e-37, -2.77992e-38, -1.17812e-39, -4.69813e-41, -1.76014e-42, -6.18418e-44, -2.03357e-45, -6.24464e-47, -1.78622e-48, -4.74573e-50, -1.16739e-51, -2.64893e-53, -5.5212e-55, -1.05191e-56, -1.82146e-58, -2.84723e-60, -3.98539e-62, -4.94632e-64, -5.37709e-66, -5.04088e-68, -3.99286e-70, -2.5985e-72, -1.33403e-74, -5.06597e-77, -1.26511e-79, -1.55845e-82, 0, 0, 0, 0, 0, 0, 0, 0, 0, 0, 0, 0, 0, 0, 0, 0, 0, 0, 0, 0, 0, 0, 0, 0, 0, 0, 0, 0, 0, 0, 0, 0, 0, 0, 0, 0, 0, 0, 0, 0, 0, 0, 0, 0, 0, 0, 0, 0, 0, 0, 0, 0, 0, 0, 0, 0, 0, 0, 0, 0, 0, 0, 0, 0, 0, 0, 0
-0.00863915, -0.00715293, -0.0133173, -0.019443, -0.0280043, -0.0395944, -0.0551961, -0.0755046, -0.101739, -0.134473, -0.174859, -0.222922, -0.279133, -0.342404, -0.411641, -0.484121, -0.556347, -0.623802, -0.680374, -0.720241, -0.735805, -0.721175, -0.669982, -0.578179, -0.444049, -0.2678, -0.0545106, 0.189081, 0.451808, 0.720078, 0.979564, 1.21362, 1.40802, 1.54995, 1.62912, 1.64113, 1.58467, 1.4635, 1.2869, 1.06592, 0.814918, 0.550114, 0.285901, 0.0361877, -0.186729, -0.375074, -0.523834, -0.630251, -0.695744, -0.72431, -0.720474, -0.690293, -0.641104, -0.5793, -0.510108, -0.438657, -0.369374, -0.304893, -0.246572, -0.1955, -0.152368, -0.116911, -0.0881601, -0.0651734, -0.0473015, -0.0339065, -0.0241225, -0.0169774, -0.0116695, -0.0077003, -0.00480354, -0.00280298, -0.00152107, -0.000765842, -0.000357721, -0.000155189, -6.26414e-05, -2.35741e-05, -8.28894e-06, -2.72861e-06, -8.42572e-07, -2.44499e-07, -6.67839e-08, -1.71968e-08, -4.18025e-09, -9.60451e-10, -2.08812e-10, -4.30017e-11, -8.39572e-12, -1.55535e-12, -2.73598e-13, -4.5729e-14, -7.2663e-15, -1.09823e-15, -1.5795e-16, -2.16248e-17, -2.81919e-18, -3.50059e-19, -4.14082e-20, -4.66522e-21, -4.85258e-22, -4.62947e-23, -4.21416e-24, -3.65983e-25, -3.03186e-26, -2.39529e-27, -1.80423e-28, -1.29528e-29, -8.8594e-31, -5.77062e-32, -3.57763e-33, -2.10995e-34, -1.18296e-35, -6.30054e-37, -3.18523e-38, -1.52711e-39, -6.93649e-41, -2.98173e-42, -1.21152e-43, -4.64666e-45, -1.67979e-46, -5.71418e-48, -1.82575e-49, -5.46804e-51, -1.53155e-52, -4.00158e-54, -9.72471e-56, -2.19104e-57, -4.55973e-59, -8.72751e-61, -1.52884e-62, -2.43702e-64, -3.51099e-66, -4.53465e-68, -5.19889e-70, -5.22643e-72, -4.53584e-74, -3.32952e-76, -2.01005e-78, -9.58235e-81, -3.38227e-83, -7.85828e-86, -9.01466e-89, 0, 0, 0, 0, 0, 0, 0, 0, 0, 0, 0, 0, 0, 0, 0, 0, 0, 0, 0, 0, 0, 0, 0, 0, 0, 0, 0, 0, 0, 0, 0, 0, 0, 0, 0, 0, 0, 0, 0, 0, 0, 0, 0, 0, 0, 0, 0, 0, 0, 0, 0, 0, 0, 0, 0, 0, 0
-0.00109619, -0.000872272, -0.00155492, -0.00248497, -0.00382555, -0.00591949, -0.00887068, -0.0132583, -0.0193217, -0.027896, -0.0394575, -0.0550308, -0.0753954, -0.101537, -0.134466, -0.174693, -0.223103, -0.279148, -0.342834, -0.412023, -0.484792, -0.557223, -0.624628, -0.681636, -0.721096, -0.736996, -0.721898, -0.670453, -0.578459, -0.443407, -0.267116, -0.0529403, 0.191066, 0.453856, 0.722809, 0.981839, 1.2158, 1.41003, 1.55088, 1.62972, 1.64098, 1.58341, 1.46205, 1.28485, 1.06331, 0.812647, 0.547858, 0.283665, 0.0347359, -0.187686, -0.375819, -0.52386, -0.629703, -0.69515, -0.723493, -0.719302, -0.689202, -0.640267, -0.578467, -0.509294, -0.438126, -0.36912, -0.304698, -0.246399, -0.195473, -0.152501, -0.117077, -0.0882709, -0.0652598, -0.0474231, -0.0340637, -0.0242686, -0.0170764, -0.0117226, -0.00773031, -0.00483035, -0.00283306, -0.00155136, -0.000791379, -0.000375993, -0.000166538, -6.88759e-05, -2.6647e-05, -9.66258e-06, -3.29026e-06, -1.05402e-06, -3.18188e-07, -9.06615e-08, -2.44169e-08, -6.22393e-09, -1.50337e-09, -3.44487e-10, -7.49578e-11, -1.55021e-11, -3.04962e-12, -5.71091e-13, -1.01872e-13, -1.73201e-14, -2.80812e-15, -4.34086e-16, -6.20271e-17, -8.11148e-18, -1.01461e-18, -1.21413e-19, -1.3902e-20, -1.52329e-21, -1.59741e-22, -1.60323e-23, -1.53997e-24, -1.41562e-25, -1.24526e-26, -1.04807e-27, -8.43844e-29, -6.49801e-30, -4.7844e-31, -3.3672e-32, -2.26437e-33, -1.45439e-34, -8.91814e-36, -5.21791e-37, -2.91138e-38, -1.5481e-39, -7.8396e-41, -3.77781e-42, -1.73087e-43, -7.53277e-45, -3.11071e-46, -1.21754e-47, -4.51102e-49, -1.57992e-50, -5.22275e-52, -1.6268e-53, -4.76568e-55, -1.3103e-56, -3.37338e-58, -8.11114e-60, -1.81616e-61, -3.77445e-63, -7.25356e-65, -1.28347e-66, -2.08066e-68, -3.07249e-70, -4.10481e-72, -4.92117e-74, -5.24222e-76, -4.90118e-78, -3.95953e-80, -2.708e-82, -1.52454e-84, -6.78334e-87, -2.23659e-89, -4.85813e-92, -5.21443e-95, 0, 0, 0, 0, 0, 0, 0, 0, 0, 0, 0, 0, 0, 0, 0, 0, 0, 0, 0, 0, 0, 0, 0, 0, 0, 0, 0, 0, 0, 0, 0, 0, 0, 0, 0, 0, 0, 0, 0, 0, 0, 0, 0, 0, 0, 0, 0
-9.02083e-05, -7.12439e-05, -0.000126771, -0.000208908, -0.000361101, -0.000585823, -0.00096377, -0.00154575, -0.00243606, -0.00382323, -0.0058196, -0.00887066, -0.0130957, -0.019311, -0.0276785, -0.0394129, -0.0548049, -0.0752931, -0.101396, -0.134312, -0.174755, -0.222986, -0.279495, -0.342953, -0.412635, -0.485387, -0.557992, -0.625757, -0.682469, -0.722409, -0.737852, -0.722719, -0.671113, -0.578308, -0.443253, -0.266074, -0.0513975, 0.192759, 0.45639, 0.725156, 0.98418, 1.21827, 1.4116, 1.55208, 1.6304, 1.64046, 1.58246, 1.46058, 1.28252, 1.06097, 0.810377, 0.54536, 0.281639, 0.0333587, -0.188854, -0.376472, -0.523743, -0.629293, -0.694603, -0.722542, -0.71814, -0.68822, -0.639405, -0.577559, -0.508512, -0.437655, -0.368847, -0.30446, -0.246233, -0.195479, -0.152638, -0.117221, -0.0883695, -0.0653536, -0.0475556, -0.0342223, -0.0244088, -0.0171703, -0.0117749, -0.00776231, -0.00485917, -0.00286389, -0.00158142, -0.000816412, -0.000393927, -0.000177792, -7.51635e-05, -2.98144e-05, -1.11159e-05, -3.90237e-06, -1.29217e-06, -4.04214e-07, -1.19635e-07, -3.35472e-08, -8.92399e-09, -2.25462e-09, -5.4158e-10, -1.23808e-10, -2.69587e-11, -5.58956e-12, -1.07114e-12, -1.86931e-13, -3.12104e-14, -4.98791e-15, -7.63363e-16, -1.1192e-16, -1.57253e-17, -2.11805e-18, -2.73548e-19, -3.3883e-20, -4.02588e-21, -4.58913e-22, -5.01921e-23, -5.2675e-24, -5.30459e-25, -5.12595e-26, -4.75286e-27, -4.22827e-28, -3.60869e-29, -2.95428e-30, -2.31948e-31, -1.74611e-32, -1.26003e-33, -8.71357e-35, -5.77253e-36, -3.66209e-37, -2.22382e-38, -1.29203e-39, -7.17836e-41, -3.81159e-42, -1.93305e-43, -9.35702e-45, -4.31977e-46, -1.90043e-47, -7.96019e-49, -3.17135e-50, -1.20045e-51, -4.31236e-53, -1.46822e-54, -4.73105e-56, -1.44057e-57, -4.13789e-59, -1.11908e-60, -2.84361e-62, -6.77308e-64, -1.50825e-65, -3.13077e-67, -6.03787e-69, -1.07778e-70, -1.77306e-72, -2.67482e-74, -3.67899e-76, -4.58202e-78, -5.12544e-80, -5.09847e-82, -4.45496e-84, -3.36632e-86, -2.15511e-88, -1.13659e-90, -4.74112e-93, -1.46662e-95, -2.99095e-98, -3.01623e-101, 0, 0, 0, 0, 0, 0, 0, 0, 0, 0, 0, 0, 0, 0, 0, 0, 0, 0, 0, 0, 0, 0, 0, 0, 0, 0, 0, 0, 0, 0, 0, 0, 0, 0, 0, 0, 0
-5.13626e-06, -1.34841e-06, -1.23203e-05, -3.85539e-06, -3.49715e-05, -2.35519e-05, -9.23769e-05, -9.4841e-05, -0.000241978, -0.000310997, -0.000625656, -0.000899363, -0.00157482, -0.00236895, -0.00381029, -0.00576841, -0.00877604, -0.0130774, -0.0191074, -0.0276907, -0.0391212, -0.0548095, -0.0750136, -0.101335, -0.134208, -0.174623, -0.223193, -0.279443, -0.343464, -0.41297, -0.486063, -0.55893, -0.626515, -0.68378, -0.72332, -0.738883, -0.723678, -0.671372, -0.57863, -0.442773, -0.265016, -0.0501757, 0.194915, 0.458638, 0.727451, 0.986875, 1.22035, 1.41328, 1.55349, 1.6307, 1.64009, 1.58166, 1.45881, 1.28032, 1.0588, 0.807865, 0.542908, 0.279806, 0.0318353, -0.190081, -0.376951, -0.523646, -0.629009, -0.693987, -0.721509, -0.717056, -0.687293, -0.63848, -0.576621, -0.507784, -0.437214, -0.368541, -0.304197, -0.246087, -0.195509, -0.15277, -0.117346, -0.0884617, -0.0654558, -0.0476965, -0.0343806, -0.0245435, -0.0172599, -0.0118268, -0.00779615, -0.00488969, -0.00289534, -0.00161126, -0.000841004, -0.000411565, -0.000188962, -8.14978e-05, -3.30686e-05, -1.26443e-05, -4.56354e-06, -1.55714e-06, -5.03077e-07, -1.54111e-07, -4.48175e-08, -1.23656e-08, -3.15047e-09, -7.25351e-10, -1.59511e-10, -3.35323e-11, -6.74362e-12, -1.2983e-12, -2.39433e-13, -4.23217e-14, -7.17356e-15, -1.16654e-15, -1.82071e-16, -2.72846e-17, -3.92712e-18, -5.43046e-19, -7.21631e-20, -9.21732e-21, -1.13184e-21, -1.33636e-22, -1.5173e-23, -1.65678e-24, -1.73993e-25, -1.75745e-26, -1.70733e-27, -1.59523e-28, -1.43342e-29, -1.23859e-30, -1.02905e-31, -8.21923e-33, -6.3101e-34, -4.65542e-35, -3.29984e-36, -2.24655e-37, -1.46857e-38, -9.21457e-40, -5.54741e-41, -3.20298e-42, -1.77281e-43, -9.40142e-45, -4.77421e-46, -2.32018e-47, -1.07836e-48, -4.78976e-50, -2.03155e-51, -8.22114e-53, -3.17119e-54, -1.16481e-55, -4.06959e-57, -1.35078e-58, -4.25384e-60, -1.26915e-61, -3.58175e-63, -9.54481e-65, -2.39714e-66, -5.66175e-68, -1.25462e-69, -2.60154e-71, -5.03294e-73, -9.0539e-75, -1.50879e-76, -2.31909e-78, -3.27142e-80, -4.21073e-82, -4.9114e-84, -5.14901e-86, -4.80395e-88, -3.93985e-90, -2.79625e-92, -1.68259e-94, -8.34631e-97, -3.27674e-99, -9.54626e-102, -1.83467e-104, -1.7447e-107, 0, 0, 0, 0, 0, 0, 0, 0, 0, 0, 0, 0, 0, 0, 0, 0, 0, 0, 0, 0, 0, 0, 0, 0, 0, 0, 0
-2.61442e-06, -2.33614e-06, 6.43042e-06, -1.15832e-05, 1.42836e-05, -2.10438e-05, 1.89647e-05, -3.17222e-05, 1.43181e-05, -4.82176e-05, -1.54476e-05, -8.77825e-05, -0.000108989, -0.000204028, -0.000358961, -0.000541076, -0.000981745, -0.00144385, -0.00246109, -0.00365864, -0.00581201, -0.00865484, -0.0129966, -0.0190656, -0.027446, -0.0391534, -0.0544696, -0.0750304, -0.101092, -0.134108, -0.174681, -0.223041, -0.27983, -0.343585, -0.413519, -0.486795, -0.559559, -0.627737, -0.684675, -0.724427, -0.740047, -0.724243, -0.672077, -0.578692, -0.442199, -0.264317, -0.0485399, 0.196914, 0.460709, 0.730127, 0.989303, 1.22237, 1.41526, 1.55462, 1.63098, 1.63998, 1.58064, 1.45697, 1.27835, 1.05649, 0.805243, 0.540656, 0.277964, 0.0301655, -0.191207, -0.377334, -0.523655, -0.628758, -0.693269, -0.720471, -0.716056, -0.686364, -0.637495, -0.575689, -0.507108, -0.436779, -0.3682, -0.303923, -0.245964, -0.195554, -0.152892, -0.117455, -0.0885516, -0.0655665, -0.0478436, -0.0345376, -0.0246731, -0.0173462, -0.0118786, -0.00783166, -0.00492168, -0.00292728, -0.0016409, -0.000865208, -0.00042894, -0.000200055, -8.78734e-05, -3.64006e-05, -1.42372e-05, -5.25161e-06, -1.78676e-06, -5.43326e-07, -1.57237e-07, -4.33595e-08, -1.14062e-08, -2.86533e-09, -6.88033e-10, -1.58061e-10, -3.47678e-11, -7.32799e-12, -1.48097e-12, -2.87164e-13, -5.34545e-14, -9.55728e-15, -1.64205e-15, -2.71221e-16, -4.3084e-17, -6.58443e-18, -9.6842e-19, -1.37112e-19, -1.86922e-20, -2.45421e-21, -3.10393e-22, -3.78206e-23, -4.44036e-24, -5.02372e-25, -5.47752e-26, -5.75594e-27, -5.82952e-28, -5.69029e-29, -5.35315e-30, -4.8533e-31, -4.24019e-32, -3.56952e-33, -2.89505e-34, -2.26183e-35, -1.70194e-36, -1.23315e-37, -8.60163e-39, -5.77457e-40, -3.73e-41, -2.31743e-42, -1.38439e-43, -7.94873e-45, -4.38467e-46, -2.3226e-47, -1.18085e-48, -5.7591e-50, -2.69278e-51, -1.20629e-52, -5.17374e-54, -2.12292e-55, -8.3269e-57, -3.11939e-58, -1.115e-59, -3.79882e-61, -1.23225e-62, -3.80092e-64, -1.11337e-65, -3.09252e-67, -8.13224e-69, -2.021e-70, -4.7374e-72, -1.0452e-73, -2.16523e-75, -4.20056e-77, -7.60875e-79, -1.28253e-80, -2.0041e-82, -2.89053e-84, -3.82888e-86, -4.63093e-88, -5.07907e-90, -5.01025e-92, -4.40122e-94, -3.40073e-96, -2.27539e-98, -1.29156e-100, -6.04712e-103, -2.24219e-105, -6.17294e-108, -1.12175e-110, -1.0092e-113, 0, 0, 0, 0, 0, 0, 0, 0, 0, 0, 0, 0, 0, 0, 0, 0, 0
2.02939e-06, -1.84431e-07, -1.54989e-06, 2.91524e-06, -3.79691e-06, 3.77294e-06, -3.0274e-06, 5.04792e-07, 2.32453e-06, -8.87081e-06, 1.27735e-05, -2.61104e-05, 2.53415e-05, -5.29745e-05, 2.84871e-05, -9.48445e-05, -7.75584e-06, -0.000174747, -0.000151588, -0.000371555, -0.000552027, -0.00090435, -0.00153232, -0.00229103, -0.00378251, -0.00560791, -0.0087063, -0.0128619, -0.0189294, -0.0274438, -0.0388285, -0.054526, -0.074707, -0.101032, -0.134049, -0.17447, -0.223311, -0.279784, -0.34399, -0.414059, -0.487257, -0.560634, -0.628557, -0.685739, -0.725698, -0.740812, -0.725212, -0.672619, -0.578569, -0.442008, -0.263291, -0.0469116, 0.198637, 0.46313, 0.732697, 0.991528, 1.2247, 1.41712, 1.55557, 1.6315, 1.63979, 1.57941, 1.45533, 1.2764, 1.05399, 0.80272, 0.538518, 0.27599, 0.0284758, -0.192196, -0.377733, -0.52376, -0.62846, -0.692479, -0.719481, -0.715112, -0.6854, -0.636472, -0.574789, -0.506471, -0.436331, -0.367832, -0.303653, -0.245863, -0.195606, -0.153, -0.117552, -0.0886422, -0.065685, -0.047995, -0.0346923, -0.0247981, -0.0174299, -0.0119307, -0.00786867, -0.00495485, -0.00295945, -0.00166983, -0.000887752, -0.000442986, -0.000204206, -8.2966e-05, -3.19154e-05, -1.16407e-05, -4.03145e-06, -1.32754e-06, -4.16218e-07, -1.244e-07, -3.54863e-08, -9.67191e-09, -2.52124e-09, -6.29172e-10, -1.50437e-10, -3.44916e-11, -7.58861e-12, -1.60322e-12, -3.25443e-13, -6.35118e-14, -1.19222e-14, -2.15373e-15, -3.74581e-16, -6.27472e-17, -1.01273e-17, -1.5754e-18, -2.36271e-19, -3.41721e-20, -4.76735e-21, -6.41682e-22, -8.33451e-23, -1.04479e-23, -1.26422e-24, -1.47677e-25, -1.66547e-26, -1.81353e-27, -1.90675e-28, -1.93579e-29, -1.89765e-30, -1.79623e-31, -1.64162e-32, -1.44853e-33, -1.23391e-34, -1.01461e-35, -8.05231e-37, -6.16707e-38, -4.55722e-39, -3.24861e-40, -2.23346e-41, -1.48059e-42, -9.46121e-44, -5.82621e-45, -3.4563e-46, -1.97454e-47, -1.08588e-48, -5.74618e-50, -2.92453e-51, -1.43087e-52, -6.72638e-54, -3.03633e-55, -1.31533e-56, -5.46451e-58, -2.17562e-59, -8.29454e-61, -3.02564e-62, -1.05503e-63, -3.51322e-65, -1.11605e-66, -3.37829e-68, -9.73206e-70, -2.6645e-71, -6.92289e-73, -1.70417e-74, -3.96755e-76, -8.71895e-78, -1.80468e-79, -3.50986e-81, -6.39697e-83, -1.08932e-84, -1.72731e-86, -2.54075e-88, -3.45176e-90, -4.30946e-92, -4.91556e-94, -5.08751e-96, -4.73863e-98, -3.93269e-100, -2.8725e-102, -1.81785e-104, -9.7649e-107, -4.32902e-109, -1.52065e-111, -3.96821e-114, -6.83857e-117, -5.83762e-120, 0, 0, 0, 0, 0, 0, 0
1.67392e-07, 2.03883e-06, -4.29478e-06, 6.75677e-06, -9.56453e-06, 1.28198e-05, -1.65904e-05, 2.08482e-05, -2.55395e-05, 3.03639e-05, -3.51682e-05, 3.90718e-05, -4.22338e-05, 4.23148e-05, -4.16559e-05, 3.33889e-05, -2.87656e-05, 5.31987e-06, -5.35802e-06, -4.69424e-05, 9.07912e-06, -0.000129663, -3.97728e-05, -0.000272794, -0.000267325, -0.000594644, -0.000901609, -0.00143399, -0.00240485, -0.00356548, -0.00573981, -0.00850078, -0.0128355, -0.0188751, -0.0271722, -0.0388984, -0.0541703, -0.0746791, -0.100898, -0.133801, -0.174648, -0.223141, -0.280043, -0.344368, -0.414336, -0.488152, -0.561344, -0.629487, -0.687025, -0.726568, -0.741911, -0.726138, -0.67289, -0.578814, -0.441617, -0.262125, -0.0456055, 0.200607, 0.465616, 0.734988, 0.993973, 1.22708, 1.41872, 1.55667, 1.63212, 1.63937, 1.57825, 1.45382, 1.27429, 1.05146, 0.800353, 0.536347, 0.273911, 0.0268723, -0.193106, -0.378209, -0.523897, -0.628082, -0.691666, -0.718554, -0.714186, -0.68439, -0.635437, -0.573927, -0.505855, -0.435863, -0.367443, -0.303392, -0.245782, -0.19566, -0.153096, -0.117639, -0.0887348, -0.0658091, -0.048146, -0.0348373, -0.0249041, -0.0174823, -0.0119297, -0.00781439, -0.00483688, -0.00262806, -0.001354, -0.000660417, -0.000304844, -0.000133224, -5.5173e-05, -2.16778e-05, -8.09106e-06, -2.87257e-06, -9.71352e-07, -3.13233e-07, -9.64404e-08, -2.83817e-08, -7.99208e-09, -2.15549e-09, -5.57298e-10, -1.38245e-10, -3.29281e-11, -7.53616e-12, -1.6584e-12, -3.51112e-13, -7.15595e-14, -1.40469e-14, -2.65698e-15, -4.84493e-16, -8.52025e-17, -1.44559e-17, -2.36707e-18, -3.74185e-19, -5.71209e-20, -8.42262e-21, -1.19989e-21, -1.65186e-22, -2.19794e-23, -2.8271e-24, -3.51568e-25, -4.22741e-26, -4.91559e-27, -5.52777e-28, -6.01203e-29, -6.32423e-30, -6.43456e-31, -6.33222e-32, -6.02715e-33, -5.54846e-34, -4.93985e-35, -4.25311e-36, -3.54088e-37, -2.85023e-38, -2.21799e-39, -1.66833e-40, -1.21277e-41, -8.51857e-43, -5.78035e-44, -3.78827e-45, -2.39728e-46, -1.46441e-47, -8.63272e-49, -4.90938e-50, -2.69245e-51, -1.42345e-52, -7.25162e-54, -3.55818e-55, -1.6808e-56, -7.63966e-58, -3.33935e-59, -1.40288e-60, -5.66078e-62, -2.19243e-63, -8.14425e-65, -2.89939e-66, -9.8837e-68, -3.22323e-69, -1.00459e-70, -2.98911e-72, -8.48102e-74, -2.2917e-75, -5.88945e-77, -1.4373e-78, -3.32558e-80, -7.28209e-82, -1.50611e-83, -2.93581e-85, -5.3805e-87, -9.24646e-89, -1.48554e-90, -2.22374e-92, -3.08966e-94, -3.96707e-96, -4.68355e-98, -5.05459e-100, -4.95235e-102, -4.369e-104, -3.43612e-106, -2.37963e-108, -1.42855e-110, -7.28299e-113, -3.0659e-115, -4.23909e-117
-1.91009e-06, -1.74302e-06, 5.33755e-06, -8.85249e-06, 1.2246e-05, -1.54425e-05, 1.83205e-05, -2.07046e-05, 2.23591e-05, -2.29942e-05, 2.2271e-05, -1.98463e-05, 1.53769e-05, -8.66972e-06, -4.2301e-07, 1.15181e-05, -2.44246e-05, 3.73945e-05, -5.04982e-05, 5.88855e-05, -6.63706e-05, 5.96337e-05, -5.87812e-05, 2.29538e-05, -2.80791e-05, -5.91913e-05, -1.11654e-05, -0.000188959, -0.000105379, -0.000406543, -0.000491127, -0.000905906, -0.00148628, -0.00222744, -0.00372404, -0.00550126, -0.00855814, -0.0127387, -0.0186633, -0.0272472, -0.0385411, -0.0541668, -0.0745108, -0.100624, -0.133917, -0.174395, -0.223264, -0.280295, -0.344464, -0.415033, -0.488738, -0.562077, -0.630701, -0.687924, -0.727672, -0.743099, -0.726735, -0.673464, -0.579015, -0.440972, -0.261253, -0.0442051, 0.202783, 0.467839, 0.73735, 0.996606, 1.22924, 1.42031, 1.55795, 1.63257, 1.63886, 1.57726, 1.45227, 1.27204, 1.04902, 0.798062, 0.534069, 0.27182, 0.0253795, -0.194018, -0.37876, -0.524008, -0.627637, -0.690875, -0.717682, -0.713246, -0.68334, -0.63441, -0.573102, -0.505242, -0.435365, -0.36703, -0.303117, -0.245661, -0.195617, -0.153027, -0.117482, -0.0884749, -0.0654258, -0.0475769, -0.0339815, -0.0219979, -0.0139864, -0.00866254, -0.00518131, -0.00297102, -0.00162463, -0.000844448, -0.000416532, -0.000194884, -8.65125e-05, -3.64662e-05, -1.46103e-05, -5.57046e-06, -2.02356e-06, -7.01235e-07, -2.32084e-07, -7.34429e-08, -2.22456e-08, -6.45596e-09, -1.79684e-09, -4.80028e-10, -1.23193e-10, -3.03947e-11, -7.21445e-12, -1.64849e-12, -3.62832e-13, -7.69672e-14, -1.57438e-14, -3.1069e-15, -5.91763e-16, -1.0883e-16, -1.93329e-17, -3.31848e-18, -5.50576e-19, -8.83193e-20, -1.37016e-20, -2.05624e-21, -2.98576e-22, -4.19568e-23, -5.70685e-24, -7.51457e-25, -9.5805e-26, -1.18277e-26, -1.41412e-27, -1.63751e-28, -1.83663e-29, -1.99537e-30, -2.09994e-31, -2.14081e-32, -2.11417e-33, -2.02249e-34, -1.87415e-35, -1.68219e-36, -1.46243e-37, -1.23131e-38, -1.00395e-39, -7.9262e-41, -6.05853e-42, -4.48289e-43, -3.21047e-44, -2.22494e-45, -1.49184e-46, -9.67581e-48, -6.06889e-49, -3.68024e-50, -2.15708e-51, -1.22166e-52, -6.68319e-54, -3.53034e-55, -1.80005e-56, -8.85545e-58, -4.20154e-59, -1.92165e-60, -8.46827e-62, -3.59365e-63, -1.46774e-64, -5.76596e-66, -2.17729e-67, -7.89728e-69, -2.74935e-70, -9.17953e-72, -2.93679e-73, -8.99452e-75, -2.63451e-76, -7.37163e-78, -1.96816e-79, -5.00763e-81, -1.2125e-82, -2.78965e-84, -6.08871e-86, -1.25841e-87, -2.458e-89, -4.52749e-91, -7.84506e-93, -1.27535e-94, -1.93934e-96, -2.74913e-98, -3.62048e-100, -1.73849e-101
1.63857e-06, -1.42525e-07, -1.26218e-06, 2.43212e-06, -3.22008e-06, 3.47258e-06, -3.0307e-06, 1.7354e-06, 5.61186e-07, -3.97762e-06, 8.57722e-06, -1.43354e-05, 2.11007e-05, -2.85571e-05, 3.6187e-05, -4.32612e-05, 4.88331e-05, -5.18299e-05, 5.10805e-05, -4.56622e-05, 3.47617e-05, -1.87143e-05, -2.3291e-06, 2.49843e-05, -4.91069e-05, 6.51834e-05, -7.99515e-05, 6.90058e-05, -6.95019e-05, 9.69506e-06, -2.6278e-05, -0.000111895, -2.88838e-05, -0.000283389, -0.000237203, -0.000582785, -0.000888093, -0.00136744, -0.00238092, -0.00348029, -0.00561338, -0.00843676, -0.0125766, -0.0187462, -0.0269041, -0.0385551, -0.0539988, -0.0742185, -0.100706, -0.133619, -0.174395, -0.22343, -0.280234, -0.344956, -0.415503, -0.489246, -0.563144, -0.631578, -0.688929, -0.728983, -0.743951, -0.727519, -0.674148, -0.578912, -0.440521, -0.260451, -0.0425335, 0.204799, 0.469975, 0.739948, 0.999136, 1.23125, 1.42209, 1.55921, 1.63285, 1.63845, 1.57634, 1.45058, 1.26978, 1.0467, 0.795737, 0.531705, 0.269795, 0.0239605, -0.194978, -0.379341, -0.524044, -0.627125, -0.690071, -0.716744, -0.712123, -0.682027, -0.63305, -0.571791, -0.5039, -0.433846, -0.36525, -0.301019, -0.243116, -0.19241, -0.148928, -0.103526, -0.0707026, -0.0475358, -0.0315513, -0.0207054, -0.0134123, -0.00853116, -0.00528847, -0.00316985, -0.00182472, -0.00100381, -0.00052606, -0.000262199, -0.00012422, -5.59484e-05, -2.39717e-05, -9.77964e-06, -3.80294e-06, -1.41117e-06, -5.00256e-07, -1.69607e-07, -5.50554e-08, -1.71278e-08, -5.11173e-09, -1.46483e-09, -4.03396e-10, -1.06841e-10, -2.72352e-11, -6.68656e-12, -1.58209e-12, -3.60973e-13, -7.94639e-14, -1.68865e-14, -3.4657e-15, -6.87251e-16, -1.31732e-16, -2.44163e-17, -4.3776e-18, -7.59453e-19, -1.27528e-19, -2.07333e-20, -3.26437e-21, -4.97854e-22, -7.35643e-23, -1.05337e-23, -1.46189e-24, -1.9667e-25, -2.56517e-26, -3.24413e-27, -3.97862e-28, -4.73215e-29, -5.45896e-30, -6.10819e-31, -6.62961e-32, -6.9799e-33, -7.12861e-34, -7.06247e-35, -6.78735e-36, -6.32741e-37, -5.72158e-38, -5.01822e-39, -4.26871e-40, -3.52147e-41, -2.81701e-42, -2.18496e-43, -1.64299e-44, -1.19758e-45, -8.46024e-47, -5.79155e-48, -3.84115e-49, -2.46769e-50, -1.53529e-51, -9.24809e-53, -5.39219e-54, -3.04234e-55, -1.66054e-56, -8.76497e-58, -4.47261e-59, -2.20557e-60, -1.05065e-61, -4.83271e-63, -2.14547e-64, -9.18851e-66, -3.79432e-67, -1.50992e-68, -5.78692e-70, -2.13474e-71, -7.5745e-73, -2.58325e-74, -8.46148e-76, -2.65974e-77, -8.01604e-79, -2.31419e-80, -6.39309e-82, -1.68818e-83, -4.25607e-85, -1.0231e-86, -2.34471e-88, -1.9172e-89
1.33652e-07, 1.65711e-06, -3.48303e-06, 5.45648e-06, -7.6779e-06, 1.02283e-05, -1.31603e-05, 1.64863e-05, -2.0166e-05, 2.4091e-05, -2.8071e-05, 3.18215e-05, -3.49592e-05, 3.70076e-05, -3.74198e-05, 3.56229e-05, -3.10898e-05, 2.34368e-05, -1.25466e-05, -1.3034e-06, 1.7314e-05, -3.41047e-05, 4.96885e-05, -6.16843e-05, 6.74473e-05, -6.48763e-05, 5.22709e-05, -3.04597e-05, 2.20517e-07, 3.13493e-05, -6.34719e-05, 7.86271e-05, -9.06283e-05, 5.82124e-05, -5.28179e-05, -4.74649e-05, -1.58524e-06, -0.000199332, -8.7383e-05, -0.000386041, -0.000508593, -0.00082353, -0.00150511, -0.0021452, -0.00362488, -0.00548476, -0.00830796, -0.0126739, -0.0184242, -0.026928, -0.0384142, -0.0536921, -0.0742849, -0.100401, -0.133512, -0.174508, -0.223251, -0.280525, -0.345327, -0.415791, -0.490107, -0.563966, -0.632419, -0.690223, -0.730015, -0.744841, -0.728531, -0.674562, -0.578854, -0.440264, -0.25941, -0.0408692, 0.206625, 0.472293, 0.742596, 1.00147, 1.23336, 1.42398, 1.56032, 1.63311, 1.63817, 1.57537, 1.44881, 1.26765, 1.04454, 0.79348, 0.529565, 0.268218, 0.023073, -0.195272, -0.378909, -0.522649, -0.624771, -0.68688, -0.712653, -0.706949, -0.6757, -0.625599, -0.563164, -0.493952, -0.422512, -0.322024, -0.240618, -0.176541, -0.127283, -0.090161, -0.0627266, -0.0428899, -0.0288804, -0.0191985, -0.0126135, -0.00817617, -0.00520332, -0.00322871, -0.00193933, -0.00112054, -0.000619918, -0.000327378, -0.00016476, -7.89695e-05, -3.60499e-05, -1.56824e-05, -6.50636e-06, -2.5769e-06, -9.75314e-07, -3.53133e-07, -1.22443e-07, -4.06981e-08, -1.29802e-08, -3.97607e-09, -1.17077e-09, -3.31655e-10, -9.04548e-11, -2.37694e-11, -6.0219e-12, -1.4718e-12, -3.47232e-13, -7.91184e-14, -1.74198e-14, -3.70783e-15, -7.63305e-16, -1.52039e-16, -2.93129e-17, -5.47215e-18, -9.89459e-19, -1.73344e-19, -2.94317e-20, -4.84429e-21, -7.7314e-22, -1.19673e-22, -1.79692e-23, -2.61783e-24, -3.7009e-25, -5.078e-26, -6.76328e-27, -8.7449e-28, -1.09782e-28, -1.33824e-29, -1.58413e-30, -1.8211e-31, -2.03324e-32, -2.20481e-33, -2.32218e-34, -2.37559e-35, -2.36046e-36, -2.27808e-37, -2.13541e-38, -1.9441e-39, -1.71895e-40, -1.476e-41, -1.23073e-42, -9.96442e-44, -7.83278e-45, -5.97732e-46, -4.42764e-47, -3.18312e-48, -2.22068e-49, -1.50314e-50, -9.86995e-52, -6.28566e-53, -3.88165e-54, -2.32388e-55, -1.34846e-56, -7.58188e-58, -4.12961e-59, -2.17825e-60, -1.11233e-61, -5.49714e-63, -2.62825e-64, -1.21521e-65, -5.43148e-67, -2.34571e-68, -9.78406e-70, -3.93947e-71, -1.53039e-72, -5.73282e-74, -2.06956e-75, -7.19538e-77, -2.41392e-78, -2.78061e-79
-1.5653e-06, -1.43163e-06, 4.38657e-06, -7.28526e-06, 1.01003e-05, -1.27827e-05, 1.52543e-05, -1.74015e-05, 1.90712e-05, -2.00703e-05, 2.01707e-05, -1.91211e-05, 1.66684e-05, -1.25902e-05, 6.73752e-06, 9.10392e-07, -1.01866e-05, 2.06774e-05, -3.16764e-05, 4.21678e-05, -5.08565e-05, 5.62641e-05, -5.6905e-05, 5.154e-05, -3.9498e-05, 2.10059e-05, 2.51382e-06, -2.83432e-05, 5.25219e-05, -7.0467e-05, 7.74789e-05, -7.05604e-05, 4.82052e-05, -1.42988e-05, -2.74725e-05, 6.25823e-05, -9.0675e-05, 8.38328e-05, -7.51254e-05, 6.64309e-07, 2.32026e-06, -0.000142198, -2.25519e-06, -0.000267116, -0.000274578, -0.000483791, -0.000947416, -0.00128005, -0.00230696, -0.00350313, -0.00537172, -0.00842584, -0.0123767, -0.0184482, -0.0268339, -0.0380976, -0.0537523, -0.0740078, -0.100203, -0.133596, -0.174262, -0.223349, -0.280815, -0.345432, -0.416404, -0.490849, -0.564622, -0.633569, -0.691354, -0.730937, -0.746005, -0.729382, -0.67487, -0.579032, -0.439878, -0.258226, -0.0393875, 0.208536, 0.47483, 0.745194, 1.00392, 1.23586, 1.42616, 1.56182, 1.63419, 1.63895, 1.57565, 1.44887, 1.26806, 1.04551, 0.795165, 0.532473, 0.272825, 0.0294786, -0.187031, -0.368662, -0.510416, -0.610964, -0.672067, -0.697396, -0.691971, -0.598493, -0.502075, -0.410094, -0.326907, -0.254714, -0.194277, -0.145298, -0.106705, -0.0769953, -0.0545799, -0.0380057, -0.0260181, -0.0175454, -0.0116804, -0.00768261, -0.00498344, -0.0031734, -0.00197122, -0.0011865, -0.00068802, -0.000382666, -0.000203542, -0.000103367, -5.00841e-05, -2.31523e-05, -1.02154e-05, -4.30514e-06, -1.7345e-06, -6.687e-07, -2.4694e-07, -8.74344e-08, -2.97114e-08, -9.69879e-09, -3.04403e-09, -9.19346e-10, -2.67394e-10, -7.49529e-11, -2.02624e-11, -5.28617e-12, -1.33169e-12, -3.24136e-13, -7.62677e-14, -1.73565e-14, -3.822e-15, -8.14739e-16, -1.68197e-16, -3.36402e-17, -6.52063e-18, -1.22534e-18, -2.23301e-19, -3.94745e-20, -6.77097e-21, -1.1272e-21, -1.82165e-22, -2.85848e-23, -4.35609e-24, -6.44805e-25, -9.27257e-26, -1.29562e-26, -1.75922e-27, -2.32156e-28, -2.97788e-29, -3.71314e-30, -4.50113e-31, -5.30489e-32, -6.07904e-33, -6.77357e-34, -7.33907e-35, -7.73244e-36, -7.92231e-37, -7.89311e-38, -7.64721e-39, -7.20459e-40, -6.60017e-41, -5.87927e-42, -5.09206e-43, -4.28783e-44, -3.51014e-45, -2.79332e-46, -2.16064e-47, -1.62429e-48, -1.18663e-49, -8.42326e-51, -5.80892e-52, -3.8913e-53, -2.53166e-54, -1.59936e-55, -9.80924e-57, -5.83955e-58, -3.3735e-59, -1.89076e-60, -1.02786e-61, -5.41814e-63, -2.76863e-64, -1.371e-65, -6.57701e-67, -3.05553e-68, -1.38032e-69, -2.04849e-70
1.35592e-06, -1.16171e-07, -1.05694e-06, 2.05889e-06, -2.7826e-06, 3.11669e-06, -2.94541e-06, 2.15134e-06, -6.2131e-07, -1.74358e-06, 5.01349e-06, -9.21068e-06, 1.42865e-05, -2.00957e-05, 2.63717e-05, -3.27064e-05, 3.85416e-05, -4.31785e-05, 4.58152e-05, -4.56169e-05, 4.18253e-05, -3.3904e-05, 2.17093e-05, -5.66294e-06, -1.31082e-05, 3.27143e-05, -5.05771e-05, 6.36827e-05, -6.90347e-05, 6.42795e-05, -4.8432e-05, 2.25205e-05, 9.99693e-06, -4.34095e-05, 7.03945e-05, -8.38191e-05, 7.81002e-05, -5.26304e-05, 1.04458e-05, 3.6067e-05, -7.82414e-05, 9.27415e-05, -8.93805e-05, 3.33174e-05, -2.07553e-06, -0.000105053, 4.51386e-05, -0.000195881, -0.000135231, -0.000272757, -0.00060168, -0.000730454, -0.00144801, -0.00220371, -0.00338989, -0.00551318, -0.00815736, -0.0123883, -0.0184136, -0.0265144, -0.038149, -0.0535335, -0.0737378, -0.100267, -0.133337, -0.174187, -0.223569, -0.280795, -0.345779, -0.417039, -0.491329, -0.565516, -0.634673, -0.692211, -0.731996, -0.747002, -0.729783, -0.675002, -0.578714, -0.438552, -0.256146, -0.0366131, 0.212476, 0.479775, 0.750816, 1.0105, 1.24343, 1.43432, 1.57062, 1.64392, 1.64941, 1.58661, 1.46044, 1.28014, 1.05753, 0.80657, 0.54277, 0.281143, 0.0345966, -0.186246, -0.373183, -0.46225, -0.498118, -0.494506, -0.463633, -0.415924, -0.359932, -0.302144, -0.246944, -0.196959, -0.153555, -0.117209, -0.0877381, -0.0644918, -0.0465722, -0.0330388, -0.0230271, -0.0157831, -0.0106586, -0.00710544, -0.0046785, -0.00303701, -0.00193527, -0.00120349, -0.00072591, -0.000422385, -0.000236111, -0.00012644, -6.47575e-05, -3.16965e-05, -1.48252e-05, -6.62843e-06, -2.83471e-06, -1.16049e-06, -4.55193e-07, -1.71227e-07, -6.18267e-08, -2.14489e-08, -7.15556e-09, -2.29752e-09, -7.10563e-10, -2.11838e-10, -6.09219e-11, -1.69125e-11, -4.535e-12, -1.17529e-12, -2.94544e-13, -7.14201e-14, -1.67637e-14, -3.81062e-15, -8.39238e-16, -1.79149e-16, -3.70803e-17, -7.44439e-18, -1.45015e-18, -2.74175e-19, -5.03271e-20, -8.97117e-21, -1.55339e-21, -2.61333e-22, -4.27257e-23, -6.78969e-24, -1.04896e-24, -1.57576e-25, -2.30205e-26, -3.2711e-27, -4.52155e-28, -6.08059e-29, -7.95641e-30, -1.01308e-30, -1.25535e-31, -1.51396e-32, -1.77712e-33, -2.03047e-34, -2.25826e-35, -2.44493e-36, -2.5768e-37, -2.64378e-38, -2.64059e-39, -2.56748e-40, -2.43017e-41, -2.23914e-42, -2.00827e-43, -1.75325e-44, -1.48979e-45, -1.23206e-46, -9.91604e-48, -7.76616e-49, -5.91829e-50, -4.38795e-51, -3.16486e-52, -2.22034e-53, -1.51495e-54, -1.00514e-55, -6.48385e-57, -4.0658e-58, -2.4779e-59, -1.46748e-60, -8.50147e-62, -1.54337e-62
1.09808e-07, 1.38119e-06, -2.89828e-06, 4.525e-06, -6.3371e-06, 8.39784e-06, -1.07521e-05, 1.34194e-05, -1.63854e-05, 1.95925e-05, -2.29303e-05, 2.62263e-05, -2.92401e-05, 3.16621e-05, -3.31209e-05, 3.32017e-05, -3.14793e-05, 2.75679e-05, -2.11881e-05, 1.22471e-05, -9.26023e-07, -1.22396e-05, 2.63043e-05, -3.99055e-05, 5.13297e-05, -5.86716e-05, 6.00983e-05, -5.42052e-05, 4.04249e-05, -1.94166e-05, -6.67043e-06, 3.41793e-05, -5.82839e-05, 7.37416e-05, -7.60235e-05, 6.26389e-05, -3.43613e-05, -4.12108e-06, 4.44244e-05, -7.61094e-05, 8.90597e-05, -7.74001e-05, 4.11703e-05, 9.66874e-06, -6.18988e-05, 9.26304e-05, -9.70271e-05, 5.35983e-05, -7.0994e-06, -8.31112e-05, 7.18086e-05, -0.000153286, -5.66884e-05, -0.000140639, -0.000393894, -0.000389254, -0.000895087, -0.00137358, -0.0020773, -0.00355316, -0.00528015, -0.00814233, -0.0124172, -0.018101, -0.0265406, -0.0380013, -0.0531967, -0.0737432, -0.0999873, -0.133023, -0.174177, -0.223247, -0.28053, -0.34576, -0.416663, -0.490934, -0.565161, -0.633684, -0.690752, -0.730027, -0.743765, -0.725248, -0.669178, -0.570914, -0.42867, -0.244494, -0.0229826, 0.227933, 0.496178, 0.767536, 1.02692, 1.25822, 1.44605, 1.57828, 1.64627, 1.64501, 1.57454, 1.44034, 1.25176, 1.02097, 0.762761, 0.45772, 0.207109, 0.0122176, -0.129517, -0.223495, -0.277181, -0.298954, -0.296971, -0.278553, -0.250001, -0.216469, -0.181828, -0.148697, -0.118664, -0.0925706, -0.0707137, -0.0529802, -0.0389764, -0.0281683, -0.0199985, -0.0139516, -0.00957418, -0.00647453, -0.00432184, -0.00284863, -0.00185058, -0.00118013, -0.000734764, -0.000444103, -0.000259267, -0.000145625, -7.84811e-05, -4.05161e-05, -2.00207e-05, -9.46776e-06, -4.28594e-06, -1.85829e-06, -7.72254e-07, -3.07854e-07, -1.17826e-07, -4.33346e-08, -1.53285e-08, -5.21919e-09, -1.71198e-09, -5.41406e-10, -1.65194e-10, -4.86651e-11, -1.38508e-11, -3.81095e-12, -1.01426e-12, -2.61249e-13, -6.51592e-14, -1.57442e-14, -3.6871e-15, -8.37247e-16, -1.84416e-16, -3.94171e-17, -8.17826e-18, -1.64768e-18, -3.22441e-19, -6.1309e-20, -1.13294e-20, -2.03524e-21, -3.55505e-22, -6.03945e-23, -9.98067e-24, -1.60478e-24, -2.51099e-25, -3.82399e-26, -5.66891e-27, -8.18191e-28, -1.14984e-28, -1.57363e-29, -2.09747e-30, -2.72306e-31, -3.44372e-32, -4.24267e-33, -5.0924e-34, -5.95528e-35, -6.78579e-36, -7.53416e-37, -8.15114e-38, -8.59333e-39, -8.82815e-40, -8.83783e-41, -8.62159e-42, -8.19577e-43, -7.59178e-44, -6.8523e-45, -6.02631e-46, -5.16379e-47, -4.31086e-48, -3.50598e-49, -2.77762e-50, -2.14347e-51, -1.61104e-52, -1.17927e-53, -8.48938e-55, -1.82288e-55
-1.31306e-06, -1.20305e-06, 3.68785e-06, -6.13119e-06, 8.51413e-06, -1.08033e-05, 1.29457e-05, -1.48642e-05, 1.64543e-05, -1.7583e-05, 1.80899e-05, -1.77936e-05, 1.65017e-05, -1.40287e-05, 1.02196e-05, -4.98203e-06, -1.67674e-06, 9.60894e-06, -1.84874e-05, 2.77759e-05, -3.67178e-05, 4.43553e-05, -4.95889e-05, 5.12866e-05, -4.84443e-05, 4.03908e-05, -2.70138e-05, 8.97103e-06, 1.2168e-05, -3.39113e-05, 5.30251e-05, -6.5944e-05, 6.94066e-05, -6.1249e-05, 4.12087e-05, -1.15285e-05, -2.28935e-05, 5.50213e-05, -7.69692e-05, 8.19421e-05, -6.64525e-05, 3.21551e-05, 1.34124e-05, -5.79441e-05, 8.72809e-05, -9.02067e-05, 6.25803e-05, -1.15877e-05, -4.71914e-05, 8.94512e-05, -0.000100674, 6.47783e-05, -9.23025e-06, -7.2743e-05, 8.77239e-05, -0.000126754, -1.68233e-05, -5.44008e-05, -0.000271025, -0.000179599, -0.000530982, -0.0008407, -0.00119193, -0.0021961, -0.00326712, -0.00506726, -0.00798673, -0.0117675, -0.0175664, -0.0257491, -0.0366379, -0.051795, -0.0717139, -0.0971801, -0.129829, -0.169929, -0.217901, -0.274408, -0.338232, -0.407759, -0.481053, -0.5539, -0.621276, -0.677934, -0.716854, -0.730762, -0.713626, -0.65961, -0.564208, -0.426321, -0.247566, -0.0321315, 0.211679, 0.472146, 0.73597, 0.98827, 1.21315, 1.3962, 1.52593, 1.59369, 1.59473, 1.3819, 1.14571, 0.903811, 0.671045, 0.459084, 0.275785, 0.125117, 0.0079158, -0.0773074, -0.133844, -0.166215, -0.179426, -0.178339, -0.167352, -0.150271, -0.130191, -0.109423, -0.0895353, -0.0714909, -0.0558063, -0.042663, -0.0319913, -0.0235547, -0.0170361, -0.0121047, -0.00845282, -0.00580765, -0.00393265, -0.00262841, -0.00173421, -0.0011275, -0.000719605, -0.000448582, -0.000271686, -0.000159118, -8.97807e-05, -4.86772e-05, -2.53188e-05, -1.26235e-05, -6.03167e-06, -2.7625e-06, -1.21333e-06, -5.11386e-07, -2.06988e-07, -8.05221e-08, -3.01316e-08, -1.08548e-08, -3.76763e-09, -1.26095e-09, -4.07222e-10, -1.26993e-10, -3.82683e-11, -1.11502e-11, -3.14318e-12, -8.57724e-13, -2.26699e-13, -5.80622e-14, -1.44173e-14, -3.47228e-15, -8.1146e-16, -1.84082e-16, -4.05518e-17, -8.67785e-18, -1.80452e-18, -3.64745e-19, -7.16843e-20, -1.3702e-20, -2.54786e-21, -4.61005e-22, -8.11843e-23, -1.39176e-23, -2.32312e-24, -3.77633e-25, -5.97908e-26, -9.22222e-27, -1.38591e-27, -2.02954e-28, -2.8965e-29, -4.02917e-30, -5.46348e-31, -7.22232e-32, -9.30845e-33, -1.16978e-33, -1.43347e-34, -1.713e-35, -1.99633e-36, -2.26899e-37, -2.51522e-38, -2.71941e-39, -2.86772e-40, -2.94964e-41, -2.95919e-42, -2.89565e-43, -2.76367e-44, -2.57267e-45, -2.33576e-46, -2.06846e-47, -1.81083e-48, -4.49271e-49
1.14611e-06, -9.70203e-08, -9.0171e-07, 1.77114e-06, -2.43056e-06, 2.79618e-06, -2.78083e-06, 2.29533e-06, -1.25184e-06, -4.30363e-07, 2.81624e-06, -5.94339e-06, 9.80762e-06, -1.43463e-05, 1.94208e-05, -2.48002e-05, 3.01494e-05, -3.5025e-05, 3.88851e-05, -4.11163e-05, 4.10835e-05, -3.82038e-05, 3.20446e-05, -2.24385e-05, 9.60242e-06, 5.75967e-06, -2.23985e-05, 3.85366e-05, -5.19905e-05, 6.04194e-05, -6.16977e-05, 5.43812e-05, -3.81959e-05, 1.44416e-05, 1.38255e-05, -4.19658e-05, 6.4376e-05, -7.55593e-05, 7.15102e-05, -5.11259e-05, 1.72277e-05, 2.32664e-05, -6.03686e-05, 8.33152e-05, -8.37621e-05, 5.90408e-05, -1.42812e-05, -3.77136e-05, 7.96654e-05, -9.51804e-05, 7.62056e-05, -2.58128e-05, -3.57762e-05, 8.92023e-05, -9.74148e-05, 7.90699e-05, 1.17496e-05, -3.69833e-05, 0.000157539, -8.50729e-06, 0.000156759, 0.000249801, 0.000162771, 0.000463127, 0.000439576, 0.000488796, 0.000733842, 0.00051367, 0.000429967, 9.09532e-05, -0.00103127, -0.00250959, -0.00524762, -0.00979382, -0.0161848, -0.0258638, -0.0396442, -0.0581167, -0.0831037, -0.115499, -0.15586, -0.20555, -0.264523, -0.331779, -0.406448, -0.485767, -0.565353, -0.640627, -0.705349, -0.7518, -0.772894, -0.761706, -0.711398, -0.617599, -0.478949, -0.296346, -0.0742929, 0.178281, 0.449607, 0.72588, 0.991057, 1.09776, 1.14058, 1.12558, 1.06149, 0.959314, 0.831255, 0.689172, 0.543653, 0.403702, 0.276327, 0.166162, 0.075575, 0.00510569, -0.0461349, -0.0801539, -0.0996767, -0.107689, -0.107095, -0.100543, -0.0903264, -0.0783018, -0.0658499, -0.0539111, -0.0430702, -0.033643, -0.0257395, -0.019317, -0.0142343, -0.0103029, -0.0073265, -0.00512119, -0.00352278, -0.00238854, -0.00159833, -0.00105562, -0.000686879, -0.000438763, -0.000273857, -0.000166199, -9.7638e-05, -5.53311e-05, -3.01708e-05, -1.58044e-05, -7.94651e-06, -3.83411e-06, -1.77542e-06, -7.89333e-07, -3.37133e-07, -1.38429e-07, -5.46846e-08, -2.07996e-08, -7.62325e-09, -2.69434e-09, -9.18999e-10, -3.02721e-10, -9.63678e-11, -2.96665e-11, -8.83721e-12, -2.54877e-12, -7.12124e-13, -1.92848e-13, -5.06434e-14, -1.29027e-14, -3.19064e-15, -7.66116e-16, -1.78689e-16, -4.04995e-17, -8.9227e-18, -1.91153e-18, -3.98323e-19, -8.0758e-20, -1.59349e-20, -3.06082e-21, -5.72473e-22, -1.0428e-22, -1.85039e-23, -3.19915e-24, -5.39005e-25, -8.85146e-26, -1.41701e-26, -2.21173e-27, -3.36632e-28, -4.99689e-29, -7.23468e-30, -1.02179e-30, -1.40792e-31, -1.8928e-32, -2.48303e-33, -3.17865e-34, -3.97117e-35, -4.84215e-36, -5.76268e-37, -6.69421e-38, -7.59067e-39, -8.40197e-40, -9.07852e-41, -9.57784e-42, -1.00429e-42, -2.83042e-43
9.2278e-08, 1.17417e-06, -2.4606e-06, 3.83109e-06, -5.34444e-06, 7.05092e-06, -8.98845e-06, 1.11779e-05, -1.36177e-05, 1.62772e-05, -1.90902e-05, 2.19483e-05, -2.46957e-05, 2.7126e-05, -2.89837e-05, 2.99715e-05, -2.97659e-05, 2.80425e-05, -2.45133e-05, 1.89733e-05, -1.13578e-05, 1.80186e-06, 9.30359e-06, -2.12716e-05, 3.31091e-05, -4.35524e-05, 5.11611e-05, -5.44806e-05, 5.22676e-05, -4.3764e-05, 2.89792e-05, -8.92553e-06, -1.42662e-05, 3.74239e-05, -5.66656e-05, 6.80018e-05, -6.8163e-05, 5.55234e-05, -3.0908e-05, -1.97736e-06, 3.67665e-05, -6.54245e-05, 8.01006e-05, -7.52056e-05, 5.00451e-05, -8.89532e-06, -3.62903e-05, 7.52537e-05, -8.72426e-05, 8.138e-05, -2.53153e-05, -1.0556e-06, 0.000106017, -3.59528e-05, 0.000184531, 0.000126699, 0.000216498, 0.000456058, 0.000430809, 0.000821339, 0.00104333, 0.00134852, 0.00202564, 0.00246684, 0.00335014, 0.00437588, 0.00532069, 0.00681119, 0.00817373, 0.00961219, 0.0113716, 0.0126397, 0.0137975, 0.0145892, 0.0141973, 0.0129434, 0.0100915, 0.00477054, -0.00293579, -0.0141364, -0.0297792, -0.0500233, -0.0761911, -0.109207, -0.149109, -0.196859, -0.252779, -0.315872, -0.385492, -0.46007, -0.536159, -0.610074, -0.67727, -0.731305, -0.765596, -0.773892, -0.749382, -0.686303, -0.581499, -0.433737, -0.244242, -0.02514, 0.17648, 0.351678, 0.493469, 0.597136, 0.661081, 0.686669, 0.67743, 0.638664, 0.577095, 0.500034, 0.414544, 0.327011, 0.242878, 0.166329, 0.10011, 0.045647, 0.00328143, -0.0275278, -0.0480018, -0.0597764, -0.064633, -0.0643109, -0.0604049, -0.0542953, -0.0470943, -0.0396275, -0.0324604, -0.0259478, -0.0202819, -0.0155291, -0.0116637, -0.00860145, -0.00623057, -0.0044343, -0.00310264, -0.00213676, -0.0014506, -0.000971832, -0.000642483, -0.000418405, -0.000267509, -0.000167182, -0.000101662, -5.99029e-05, -3.40879e-05, -1.86882e-05, -9.85525e-06, -4.99491e-06, -2.43227e-06, -1.13802e-06, -5.11798e-07, -2.21354e-07, -9.21289e-08, -3.69259e-08, -1.42631e-08, -5.31336e-09, -1.91035e-09, -6.63377e-10, -2.22643e-10, -7.22681e-11, -2.27012e-11, -6.90521e-12, -2.03506e-12, -5.81412e-13, -1.61109e-13, -4.33203e-14, -1.13084e-14, -2.86701e-15, -7.06248e-16, -1.69102e-16, -3.93698e-17, -8.91552e-18, -1.96444e-18, -4.21283e-19, -8.79578e-20, -1.78838e-20, -3.54192e-21, -6.83467e-22, -1.28527e-22, -2.35594e-23, -4.21029e-24, -7.33704e-25, -1.24701e-25, -2.06742e-26, -3.34402e-27, -5.27779e-28, -8.12906e-29, -1.22205e-29, -1.79328e-30, -2.56902e-31, -3.59328e-32, -4.90751e-33, -6.54508e-34, -8.52484e-35, -1.08445e-35, -1.34788e-36, -1.67459e-37, -5.29336e-38
-1.12197e-06, -1.02942e-06, 3.15674e-06, -5.25247e-06, 7.30299e-06, -9.2846e-06, 1.11599e-05, -1.28743e-05, 1.43539e-05, -1.55037e-05, 1.6208e-05, -1.6333e-05, 1.57326e-05, -1.42581e-05, 1.17716e-05, -8.16591e-06, 3.38709e-06, 2.53789e-06, -9.47288e-06, 1.71459e-05, -2.51295e-05, 3.2834e-05, -3.95213e-05, 4.43453e-05, -4.64251e-05, 4.49523e-05, -3.93298e-05, 2.93276e-05, -1.52379e-05, -2.00523e-06, 2.07764e-05, -3.88215e-05, 5.34629e-05, -6.19605e-05, 6.2012e-05, -5.23159e-05, 3.31376e-05, -6.59271e-06, -2.31219e-05, 5.07035e-05, -6.93436e-05, 7.53769e-05, -6.21618e-05, 3.87123e-05, 7.30236e-06, -3.13633e-05, 9.23231e-05, -4.89228e-05, 0.000132989, 6.60811e-05, 0.00014881, 0.000310681, 0.000281903, 0.000622003, 0.000705951, 0.00103902, 0.00149336, 0.00182862, 0.00264898, 0.00332164, 0.0042991, 0.00557486, 0.00671815, 0.00838762, 0.00998624, 0.0116304, 0.0135743, 0.0150474, 0.0165208, 0.0176691, 0.0179752, 0.017948, 0.0168724, 0.0146644, 0.0117377, 0.00737854, 0.0019727, -0.00417537, -0.0115825, -0.0195256, -0.027836, -0.0369798, -0.0463226, -0.0561044, -0.0671373, -0.079359, -0.0937397, -0.111753, -0.133972, -0.161805, -0.196946, -0.239733, -0.290605, -0.349862, -0.415798, -0.485785, -0.556764, -0.623569, -0.679647, -0.718559, -0.733135, -0.645923, -0.538198, -0.415062, -0.282211, -0.146289, -0.0144253, 0.106929, 0.21237, 0.297572, 0.359777, 0.398126, 0.413401, 0.407697, 0.384263, 0.347173, 0.300792, 0.249348, 0.196701, 0.146127, 0.100119, 0.0603124, 0.0275703, 0.00210234, -0.0164236, -0.0287475, -0.0358487, -0.038791, -0.0386183, -0.0362906, -0.0326375, -0.0283248, -0.023847, -0.0195444, -0.0156323, -0.0122271, -0.00936895, -0.00704245, -0.00519746, -0.00376772, -0.00268375, -0.00187967, -0.00129601, -0.000880903, -0.000590838, -0.000390987, -0.000254841, -0.000163086, -0.000102055, -6.21818e-05, -3.67456e-05, -2.09934e-05, -1.15688e-05, -6.13968e-06, -3.13533e-06, -1.54009e-06, -7.2769e-07, -3.30837e-07, -1.44796e-07, -6.10423e-08, -2.48042e-08, -9.72172e-09, -3.67782e-09, -1.34392e-09, -4.74666e-10, -1.62154e-10, -5.36124e-11, -1.71661e-11, -5.32595e-12, -1.60208e-12, -4.67475e-13, -1.32385e-13, -3.64024e-14, -9.72358e-15, -2.52412e-15, -6.37021e-16, -1.56359e-16, -3.73397e-17, -8.67854e-18, -1.96375e-18, -4.32736e-19, -9.2892e-20, -1.94299e-20, -3.96106e-21, -7.87234e-22, -1.52562e-22, -2.88361e-23, -5.31688e-24, -9.5652e-25, -1.67929e-25, -2.87757e-26, -4.81353e-27, -7.86149e-28, -1.25375e-28, -1.95273e-29, -2.97062e-30, -4.41455e-31, -6.4127e-32, -9.36897e-33, -3.2896e-33
9.85338e-07, -8.25952e-08, -7.80993e-07, 1.5441e-06, -2.14413e-06, 2.51621e-06, -2.59286e-06, 2.30469e-06, -1.58236e-06, 3.60107e-07, 1.41888e-06, -3.79512e-06, 6.78352e-06, -1.03623e-05, 1.44609e-05, -1.89473e-05, 2.36177e-05, -2.81893e-05, 3.22992e-05, -3.55137e-05, 3.73495e-05, -3.73104e-05, 3.49406e-05, -2.98943e-05, 2.20163e-05, -1.14266e-05, -1.40372e-06, 1.56037e-05, -2.98978e-05, 4.26727e-05, -5.21095e-05, 5.64461e-05, -5.41947e-05, 4.47208e-05, -2.79741e-05, 6.21027e-06, 1.95258e-05, -4.13587e-05, 6.35375e-05, -6.35843e-05, 7.55329e-05, -2.67603e-05, 5.40016e-05, 7.92046e-05, 5.25811e-05, 0.000236653, 0.000172337, 0.000436107, 0.000508472, 0.000743854, 0.00110726, 0.00134909, 0.00201271, 0.00250965, 0.00336607, 0.00438042, 0.00539881, 0.00690946, 0.00826118, 0.00996325, 0.0117621, 0.0133514, 0.0151871, 0.0164856, 0.0175299, 0.018182, 0.0178202, 0.0169592, 0.014958, 0.0118217, 0.00797736, 0.00281514, -0.0030164, -0.009307, -0.0162351, -0.0227616, -0.0289053, -0.0344685, -0.0384806, -0.0412599, -0.0425384, -0.0418333, -0.0399091, -0.0367064, -0.0323366, -0.0280239, -0.0240222, -0.0208775, -0.0201226, -0.0222919, -0.0281644, -0.0394192, -0.0567688, -0.0809691, -0.11354, -0.154951, -0.205201, -0.264683, -0.332469, -0.406319, -0.483835, -0.503581, -0.510381, -0.502717, -0.479898, -0.44165, -0.388926, -0.323973, -0.249677, -0.169524, -0.0876439, -0.00826188, 0.0648045, 0.128241, 0.179427, 0.216769, 0.239772, 0.248878, 0.245359, 0.231201, 0.208858, 0.180937, 0.149981, 0.11832, 0.0879197, 0.0602648, 0.0363351, 0.0166525, 0.00134293, -0.00979796, -0.0172168, -0.0214991, -0.0232811, -0.0231898, -0.0218032, -0.019619, -0.017036, -0.0143505, -0.0117676, -0.00941762, -0.00737117, -0.00565238, -0.00425205, -0.00314046, -0.00227831, -0.00162423, -0.00113873, -0.000786034, -0.000534906, -0.00035917, -0.000237911, -0.000155204, -9.94189e-05, -6.2296e-05, -3.80306e-05, -2.25367e-05, -1.29248e-05, -7.15747e-06, -3.82157e-06, -1.96557e-06, -9.73497e-07, -4.64273e-07, -2.13261e-07, -9.43927e-08, -4.028e-08, -1.65819e-08, -6.58958e-09, -2.5296e-09, -9.38662e-10, -3.36911e-10, -1.17044e-10, -3.93802e-11, -1.28399e-11, -4.05922e-12, -1.24497e-12, -3.70623e-13, -1.07145e-13, -3.00942e-14, -8.21584e-15, -2.18102e-15, -5.63217e-16, -1.41535e-16, -3.46237e-17, -8.24805e-18, -1.91397e-18, -4.32767e-19, -9.53742e-20, -2.04919e-20, -4.29356e-21, -8.7749e-22, -1.74966e-22, -3.40446e-23, -6.46565e-24, -1.19875e-24, -2.1701e-25, -3.83652e-26, -6.62497e-27, -1.11861e-27, -1.91246e-28, -7.40386e-29
7.89506e-08, 1.01415e-06, -2.12295e-06, 3.29788e-06, -4.58561e-06, 6.02683e-06, -7.65353e-06, 9.48587e-06, -1.15283e-05, 1.37652e-05, -1.61561e-05, 1.8631e-05, -2.1086e-05, 2.33799e-05, -2.53338e-05, 2.67333e-05, -2.73358e-05, 2.68839e-05, -2.51256e-05, 2.18423e-05, -1.6884e-05, 1.02108e-05, -1.93475e-06, -7.63831e-06, 1.79845e-05, -2.83397e-05, 3.77576e-05, -4.50695e-05, 4.9253e-05, -4.89165e-05, 4.41199e-05, -3.27084e-05, 1.93602e-05, 3.86526e-06, -1.57656e-05, 5.19285e-05, -3.51134e-05, 9.99301e-05, 2.0288e-06, 0.000151729, 0.000139201, 0.00024874, 0.000408076, 0.000481177, 0.000834146, 0.00098297, 0.00148786, 0.00191474, 0.00254589, 0.00342036, 0.00425262, 0.00556279, 0.00676216, 0.00832385, 0.0099935, 0.0116078, 0.0135183, 0.0150096, 0.0165163, 0.0175824, 0.0179795, 0.0179913, 0.0168299, 0.0149251, 0.0119856, 0.00779097, 0.00297865, -0.00295487, -0.0093978, -0.0159627, -0.0227909, -0.0288367, -0.03416, -0.0384591, -0.0409121, -0.0419886, -0.0412501, -0.0385726, -0.0347007, -0.029292, -0.0228964, -0.016301, -0.00923839, -0.00253292, 0.00327216, 0.00850952, 0.0124357, 0.0148784, 0.0162681, 0.0159727, 0.0140085, 0.0107372, 0.00538625, -0.0022368, -0.0120955, -0.0253728, -0.0427962, -0.0647273, -0.092664, -0.127702, -0.170085, -0.1976, -0.225194, -0.251057, -0.27374, -0.291868, -0.303661, -0.307672, -0.303057, -0.289218, -0.266036, -0.234206, -0.19502, -0.150172, -0.101836, -0.0525186, -0.0047135, 0.0392788, 0.0774315, 0.108184, 0.130609, 0.144404, 0.149827, 0.147659, 0.13911, 0.125649, 0.108839, 0.0902124, 0.0711735, 0.0528991, 0.0362751, 0.0218898, 0.0100585, 0.000855372, -0.005845, -0.0103112, -0.0128933, -0.0139723, -0.0139252, -0.0130993, -0.0117935, -0.0102463, -0.00863562, -0.00708513, -0.00567362, -0.00444376, -0.0034101, -0.00256721, -0.00189749, -0.00137763, -0.00098297, -0.000689838, -0.000476711, -0.000324783, -0.000218318, -0.000144751, -9.45137e-05, -6.06027e-05, -3.80243e-05, -2.32577e-05, -1.38199e-05, -7.9548e-06, -4.42589e-06, -2.37673e-06, -1.23079e-06, -6.14373e-07, -2.956e-07, -1.37116e-07, -6.13411e-08, -2.64797e-08, -1.10363e-08, -4.44377e-09, -1.72972e-09, -6.51289e-10, -2.37367e-10, -8.37888e-11, -2.86634e-11, -9.50816e-12, -3.06006e-12, -9.56e-13, -2.90066e-13, -8.5517e-14, -2.45088e-14, -6.8311e-15, -1.85241e-15, -4.88907e-16, -1.25637e-16, -3.1446e-17, -7.66846e-18, -1.82256e-18, -4.22297e-19, -9.5419e-20, -2.10305e-20, -4.52244e-21, -9.49088e-22, -1.94425e-22, -3.88886e-23, -7.60761e-24, -1.51796e-24, -6.44344e-25
-9.73113e-07, -8.93879e-07, 2.7419e-06, -4.5652e-06, 6.35366e-06, -8.08988e-06, 9.7465e-06, -1.12838e-05, 1.26477e-05, -1.37684e-05, 1.45602e-05, -1.49227e-05, 1.47438e-05, -1.39052e-05, 1.2291e-05, -9.79897e-06, 6.3562e-06, -1.93599e-06, -3.41993e-06, 9.58643e-06, -1.63208e-05, 2.32926e-05, -2.99657e-05, 3.59044e-05, -4.00649e-05, 4.26349e-05, -4.09218e-05, 3.89347e-05, -2.67425e-05, 2.44344e-05, 7.16906e-06, 9.26787e-06, 6.54546e-05, 2.10995e-05, 0.000157892, 0.000108005, 0.000308288, 0.00033246, 0.000566827, 0.000763664, 0.00103145, 0.0014891, 0.00187215, 0.00263928, 0.0033055, 0.00436801, 0.00548023, 0.0067802, 0.00837054, 0.00986745, 0.0117424, 0.0133634, 0.0150619, 0.016511, 0.0174469, 0.0181228, 0.0178053, 0.016905, 0.0149422, 0.0118581, 0.00799637, 0.00284539, -0.00285837, -0.00926135, -0.0160836, -0.0225413, -0.0288757, -0.0341577, -0.0382459, -0.0410847, -0.0418875, -0.0412077, -0.0387731, -0.0345654, -0.0294058, -0.0230212, -0.0161363, -0.00934721, -0.00243587, 0.00363572, 0.00879076, 0.0132257, 0.0162023, 0.018167, 0.0192649, 0.0190917, 0.0184005, 0.0171901, 0.0152387, 0.0133481, 0.0113054, 0.00887694, 0.00674448, 0.00448105, 0.00169181, -0.00115917, -0.00471621, -0.00968924, -0.015947, -0.0243998, -0.036234, -0.0462602, -0.0579643, -0.0715734, -0.0865439, -0.102525, -0.119235, -0.135833, -0.151391, -0.165126, -0.176045, -0.18309, -0.185497, -0.182696, -0.174284, -0.160256, -0.141045, -0.117387, -0.0903173, -0.0611798, -0.0314715, -0.00267627, 0.0238062, 0.0467487, 0.0652288, 0.078697, 0.0869667, 0.0901956, 0.0888632, 0.0837014, 0.0755907, 0.0654694, 0.0542624, 0.0428142, 0.0318284, 0.0218348, 0.0131874, 0.00607578, 0.000543307, -0.00348674, -0.00617549, -0.00773224, -0.00838547, -0.00836185, -0.00787017, -0.00708944, -0.00616264, -0.00519658, -0.00426585, -0.00341806, -0.00267895, -0.00205729, -0.00154993, -0.00114644, -0.000832989, -0.00059487, -0.000417889, -0.0002891, -0.000197187, -0.000132689, -8.80607e-05, -5.75506e-05, -3.69391e-05, -2.32079e-05, -1.42221e-05, -8.47321e-06, -4.89443e-06, -2.73541e-06, -1.47701e-06, -7.69842e-07, -3.87159e-07, -1.87848e-07, -8.79485e-08, -3.97467e-08, -1.73471e-08, -7.31544e-09, -2.9826e-09, -1.1764e-09, -4.49147e-10, -1.66095e-10, -5.95276e-11, -2.06883e-11, -6.97619e-12, -2.28366e-12, -7.26078e-13, -2.24331e-13, -6.73828e-14, -1.96859e-14, -5.59616e-15, -1.54856e-15, -4.17284e-16, -1.09536e-16, -2.80193e-17, -6.98664e-18, -1.69874e-18, -4.02865e-19, -9.32258e-20, -2.11049e-20, -4.91174e-21, -2.27677e-21
8.58926e-07, -7.14133e-08, -6.84949e-07, 1.3614e-06, -1.90824e-06, 2.27406e-06, -2.4054e-06, 2.24715e-06, -1.74365e-06, 8.41051e-07, 5.09394e-07, -2.34621e-06, 4.69226e-06, -7.54498e-06, 1.08743e-05, -1.45953e-05, 1.8609e-05, -2.26657e-05, 2.66903e-05, -2.99701e-05, 3.31106e-05, -3.35382e-05, 3.56533e-05, -2.89199e-05, 3.38953e-05, -9.29236e-06, 3.35781e-05, 3.6853e-05, 5.33817e-05, 0.000129394, 0.000131354, 0.000299909, 0.000326769, 0.000595725, 0.000720499, 0.00109533, 0.00142588, 0.00193799, 0.00259821, 0.00332177, 0.00439134, 0.00541809, 0.00686785, 0.00826191, 0.00995009, 0.0116713, 0.0133464, 0.0150988, 0.0163771, 0.0175572, 0.0179776, 0.0178503, 0.0169002, 0.0148417, 0.012014, 0.00785596, 0.0029788, -0.00282829, -0.00930227, -0.0158549, -0.0226544, -0.0287138, -0.0340913, -0.038336, -0.0408709, -0.0420463, -0.0411782, -0.0387094, -0.034801, -0.0292901, -0.0231561, -0.0162763, -0.00922179, -0.00266298, 0.00365825, 0.00887215, 0.0130363, 0.0163519, 0.0181876, 0.0191774, 0.0193072, 0.0183964, 0.0172463, 0.0155581, 0.0135124, 0.0117517, 0.00974317, 0.00785948, 0.00647391, 0.00494319, 0.00371928, 0.00295181, 0.00199533, 0.00132604, 0.000958065, 0.000276194, -0.000266936, -0.000737622, -0.00178049, -0.00305782, -0.00473071, -0.00681958, -0.00937362, -0.0125204, -0.0167093, -0.0218104, -0.027816, -0.0349724, -0.0431596, -0.0521467, -0.0618415, -0.0719347, -0.0819116, -0.0913104, -0.0996123, -0.106168, -0.110397, -0.111846, -0.11013, -0.10502, -0.0965415, -0.0849415, -0.0706532, -0.0543195, -0.0367576, -0.0188574, -0.00151224, 0.0144264, 0.0282225, 0.0393296, 0.0474183, 0.0523744, 0.0542968, 0.0534794, 0.0503627, 0.0454751, 0.0393813, 0.032639, 0.0257552, 0.0191506, 0.0131428, 0.00794476, 0.00367019, 0.000344172, -0.0020799, -0.00369855, -0.00463704, -0.00503249, -0.00502119, -0.0047285, -0.0042617, -0.0037065, -0.00312707, -0.00256839, -0.0020592, -0.00161501, -0.00124114, -0.000935729, -0.000692639, -0.000503654, -0.000359992, -0.000253141, -0.000175315, -0.00011971, -8.06383e-05, -5.35676e-05, -3.50403e-05, -2.25139e-05, -1.41639e-05, -8.69604e-06, -5.19421e-06, -3.01057e-06, -1.68981e-06, -9.17221e-07, -4.81035e-07, -2.43641e-07, -1.19163e-07, -5.62868e-08, -2.5685e-08, -1.13277e-08, -4.83079e-09, -1.99317e-09, -7.96105e-10, -3.08001e-10, -1.1549e-10, -4.19946e-11, -1.48164e-11, -5.07492e-12, -1.6884e-12, -5.45879e-13, -1.71594e-13, -5.2467e-14, -1.56113e-14, -4.52209e-15, -1.27572e-15, -3.50637e-16, -9.39494e-17, -2.46371e-17, -6.69729e-18, -3.38088e-18
6.85419e-08, 8.87435e-07, -1.85602e-06, 2.87773e-06, -3.99033e-06, 5.22729e-06, -6.61557e-06, 8.17428e-06, -9.90925e-06, 1.18175e-05, -1.38631e-05, 1.60291e-05, -1.81693e-05, 2.03712e-05, -2.20606e-05, 2.41187e-05, -2.40293e-05, 2.66704e-05, -2.11534e-05, 2.89778e-05, -7.4199e-06, 3.69176e-05, 2.96206e-05, 6.69507e-05, 0.000113341, 0.000152182, 0.000281189, 0.000345757, 0.000586561, 0.000724838, 0.00110922, 0.00140536, 0.00197911, 0.00255396, 0.00337542, 0.00434345, 0.00545251, 0.00685041, 0.00824297, 0.00998385, 0.0115879, 0.0134123, 0.0149918, 0.016419, 0.0175039, 0.0179343, 0.0178965, 0.0167773, 0.0149545, 0.0119178, 0.0079256, 0.00302321, -0.00287538, -0.00911312, -0.0159388, -0.0224873, -0.0286823, -0.0341094, -0.0381501, -0.0410157, -0.0419174, -0.0412273, -0.0388235, -0.0346809, -0.0295314, -0.0231135, -0.0163228, -0.0094136, -0.00252235, 0.00346966, 0.00888295, 0.0131439, 0.0161619, 0.0183639, 0.0191724, 0.0192228, 0.0186085, 0.0171343, 0.0155944, 0.0136603, 0.0115892, 0.00985879, 0.00791883, 0.00632366, 0.00509676, 0.00373123, 0.00287762, 0.00220907, 0.00142615, 0.00113214, 0.000814293, 0.000412089, 0.000416399, 0.000249779, 3.80968e-05, 0.000156954, 2.18437e-05, -0.000136922, -2.76467e-05, -0.000233772, -0.000511552, -0.000554883, -0.000950374, -0.00147032, -0.00199792, -0.00289434, -0.00411378, -0.0055836, -0.00755365, -0.0100786, -0.0131038, -0.0167604, -0.021096, -0.0260042, -0.0314362, -0.0373084, -0.0433844, -0.049398, -0.0550822, -0.0600853, -0.0640239, -0.0665708, -0.0674378, -0.0663831, -0.0632841, -0.0581608, -0.0511524, -0.0425232, -0.0326705, -0.0220848, -0.0112977, -0.000850591, 0.008741, 0.0170377, 0.0237141, 0.0285714, 0.0315411, 0.032686, 0.032185, 0.0303031, 0.0273575, 0.0236887, 0.0196327, 0.0154934, 0.0115226, 0.00791092, 0.00478643, 0.00221711, 0.000217475, -0.00124066, -0.00221508, -0.0027808, -0.0030202, -0.00301517, -0.00284096, -0.00256186, -0.00222925, -0.00188172, -0.00154638, -0.00124056, -0.000973611, -0.000748749, -0.000564908, -0.000418457, -0.000304519, -0.000217847, -0.000153337, -0.000106309, -7.26693e-05, -4.90014e-05, -3.25823e-05, -2.13329e-05, -1.3721e-05, -8.64375e-06, -5.31665e-06, -3.18362e-06, -1.85128e-06, -1.04341e-06, -5.69206e-07, -3.00287e-07, -1.53128e-07, -7.54674e-08, -3.59494e-08, -1.65565e-08, -7.37501e-09, -3.17889e-09, -1.32658e-09, -5.3626e-10, -2.10109e-10, -7.98335e-11, -2.94331e-11, -1.05349e-11, -3.66269e-12, -1.23754e-12, -4.06558e-13, -1.29929e-13, -4.04297e-14, -1.23227e-14, -3.92635e-15, -2.15546e-15
-8.54436e-07, -7.85577e-07, 2.41082e-06, -4.01501e-06, 5.59518e-06, -7.12547e-06, 8.61842e-06, -9.96079e-06, 1.13164e-05, -1.21473e-05, 1.35056e-05, -1.28255e-05, 1.53871e-05, -9.90177e-06, 1.88434e-05, 1.84125e-06, 3.04721e-05, 3.44579e-05, 6.66947e-05, 0.000111832, 0.000159301, 0.000273401, 0.000358825, 0.000576201, 0.000739077, 0.00110377, 0.00141261, 0.00198655, 0.00254471, 0.00339903, 0.00431377, 0.00548728, 0.00680927, 0.00827172, 0.00994996, 0.0115827, 0.0134052, 0.0149355, 0.0164493, 0.0174115, 0.0179817, 0.0178137, 0.0167969, 0.0149461, 0.0118832, 0.0080193, 0.00295123, -0.00273344, -0.00914011, -0.0158457, -0.0223965, -0.0287113, -0.0339335, -0.0382398, -0.0408951, -0.0419412, -0.0413018, -0.0387296, -0.0348835, -0.0294591, -0.0232376, -0.0164328, -0.00933203, -0.00274675, 0.00357087, 0.00881928, 0.013064, 0.0163329, 0.0181955, 0.0193064, 0.0192786, 0.0184883, 0.0173522, 0.0154913, 0.0136823, 0.0117321, 0.00968224, 0.00806301, 0.00632708, 0.00495301, 0.00391829, 0.00277108, 0.00215133, 0.00158588, 0.000979815, 0.000838691, 0.00051449, 0.000272349, 0.000328801, 9.55495e-05, 6.33912e-05, 0.000153136, -4.91088e-05, 3.05717e-05, 9.09513e-05, -9.5134e-05, 3.99433e-05, 6.21036e-05, -0.000113773, 4.10736e-05, 3.14439e-05, -0.000129699, -2.67293e-05, -6.55292e-05, -0.000214912, -0.000232097, -0.000353302, -0.000603809, -0.000839411, -0.00120263, -0.00176324, -0.00244972, -0.00335173, -0.00456205, -0.00605783, -0.00788241, -0.0101081, -0.0127136, -0.0156682, -0.0189594, -0.0225035, -0.0261619, -0.0297951, -0.0332283, -0.0362393, -0.0386103, -0.0401453, -0.0406602, -0.0400124, -0.0381356, -0.0350387, -0.030803, -0.0255928, -0.0196504, -0.0132688, -0.00676789, -0.000476296, 0.00529551, 0.0102855, 0.0142987, 0.0172151, 0.0189945, 0.0196765, 0.0193697, 0.0182332, 0.0164579, 0.0142494, 0.0118094, 0.00932031, 0.00693292, 0.00476177, 0.00288372, 0.00133934, 0.000137094, -0.000740024, -0.0013266, -0.0016676, -0.00181254, -0.00181059, -0.00170692, -0.00154003, -0.00134077, -0.00113232, -0.000931041, -0.000747369, -0.000586938, -0.000451695, -0.000341031, -0.000252803, -0.000184113, -0.000131825, -9.28794e-05, -6.44612e-05, -4.41104e-05, -2.97741e-05, -1.98163e-05, -1.29866e-05, -8.36163e-06, -5.27462e-06, -3.25023e-06, -1.95098e-06, -1.1381e-06, -6.43997e-07, -3.5301e-07, -1.87287e-07, -9.6126e-08, -4.77211e-08, -2.29163e-08, -1.06475e-08, -4.78824e-09, -2.08506e-09, -8.79606e-10, -3.59678e-10, -1.42635e-10, -5.48867e-11, -2.05074e-11, -7.45048e-12, -2.6554e-12, -9.97266e-13, -5.95238e-13
7.66953e-07, -4.72848e-08, -5.73289e-07, 1.29031e-06, -1.53289e-06, 2.46046e-06, -1.38122e-06, 3.91247e-06, 1.70644e-06, 7.92812e-06, 1.25988e-05, 2.1529e-05, 4.30217e-05, 6.13488e-05, 0.000116738, 0.000158939, 0.000273664, 0.000364101, 0.00057234, 0.00074933, 0.00109841, 0.00142466, 0.00198338, 0.00255187, 0.00340133, 0.00430848, 0.0054977, 0.00678826, 0.00828875, 0.00991502, 0.0115946, 0.0133648, 0.0149269, 0.0164235, 0.0173738, 0.0179876, 0.0177479, 0.0168343, 0.0148812, 0.0119379, 0.00800316, 0.00298714, -0.00266986, -0.0091444, -0.015706, -0.0224229, -0.0285719, -0.0339364, -0.0381913, -0.0408265, -0.0420256, -0.0412034, -0.0388777, -0.0348498, -0.0295352, -0.0233593, -0.0163833, -0.00953155, -0.00266744, 0.00346713, 0.00877082, 0.0131726, 0.016179, 0.0183575, 0.0192521, 0.0192825, 0.0186471, 0.0171976, 0.015667, 0.0136602, 0.0116643, 0.00986044, 0.00789715, 0.00642455, 0.00498643, 0.00376285, 0.00295939, 0.00203, 0.00154862, 0.00113823, 0.0006497, 0.000599533, 0.000330889, 0.000165291, 0.000244467, 2.17372e-05, 6.24894e-05, 0.000102006, -7.30003e-05, 7.42469e-05, 2.39153e-05, -8.22923e-05, 9.81552e-05, -2.94085e-05, -6.16479e-05, 0.000109115, -6.53842e-05, -3.56388e-05, 0.000108721, -8.71711e-05, -1.56566e-05, 7.93853e-05, -6.25304e-05, -1.101e-05, 3.9977e-05, -4.90702e-05, -2.88785e-05, -6.95769e-06, -7.98293e-05, -0.000102823, -0.000128545, -0.000236493, -0.000350004, -0.000492426, -0.000736322, -0.00105545, -0.0014621, -0.00202267, -0.00274609, -0.003639, -0.00474917, -0.00609322, -0.00765798, -0.00944454, -0.0114353, -0.0135703, -0.0157773, -0.0179733, -0.0200435, -0.0218563, -0.0232857, -0.0242095, -0.0245141, -0.0241176, -0.0229814, -0.0211085, -0.0185485, -0.0154034, -0.0118193, -0.00797167, -0.00405403, -0.000265431, 0.00320788, 0.00620929, 0.00862153, 0.0103724, 0.0114386, 0.0118451, 0.0116572, 0.0109708, 0.00990089, 0.0085714, 0.00710366, 0.00560682, 0.00417142, 0.00286625, 0.00173741, 0.000809097, 8.62353e-05, -0.000441385, -0.000794475, -0.00100002, -0.00108777, -0.00108726, -0.00102556, -0.000925771, -0.000806389, -0.000681372, -0.00056056, -0.000450249, -0.000353831, -0.000272488, -0.000205873, -0.000152722, -0.000111312, -7.97692e-05, -5.62569e-05, -3.90845e-05, -2.67732e-05, -1.80897e-05, -1.20511e-05, -7.90515e-06, -5.09526e-06, -3.21847e-06, -1.98677e-06, -1.19541e-06, -6.99474e-07, -3.97316e-07, -2.18797e-07, -1.16712e-07, -6.02754e-08, -3.01327e-08, -1.45822e-08, -6.83263e-09, -3.10095e-09, -1.36408e-09, -5.82951e-10, -2.45103e-10, -1.0928e-10, -7.09804e-11
7.59109e-07, 1.80769e-06, 2.52092e-07, 6.21078e-06, 3.50224e-06, 1.75995e-05, 1.75385e-05, 4.75489e-05, 5.90167e-05, 0.000119731, 0.000159374, 0.000274209, 0.000368216, 0.000570229, 0.000757678, 0.00109443, 0.00143643, 0.0019785, 0.00256339, 0.00339614, 0.0043142, 0.00549391, 0.00678377, 0.00828816, 0.00989651, 0.0115941, 0.0133308, 0.0149213, 0.0163838, 0.0173609, 0.0179594, 0.0177222, 0.0168328, 0.0148467, 0.011978, 0.00797772, 0.00305965, -0.00266833, -0.00906895, -0.0156521, -0.0223776, -0.0284702, -0.0339493, -0.0380778, -0.0408736, -0.0419639, -0.0412449, -0.0389281, -0.034839, -0.0296823, -0.0233204, -0.0165453, -0.0095302, -0.00271657, 0.0033705, 0.00885484, 0.013036, 0.0163033, 0.0183104, 0.0192555, 0.0194103, 0.018534, 0.0173685, 0.0155974, 0.0136879, 0.0117768, 0.00970484, 0.00806675, 0.00634009, 0.00496111, 0.00388469, 0.00278274, 0.0021736, 0.00149418, 0.00105172, 0.000825921, 0.000416556, 0.00040402, 0.000235848, 6.86239e-05, 0.000191019, -5.3837e-06, 3.08022e-05, 8.75701e-05, -7.71128e-05, 7.1511e-05, 2.37008e-06, -6.19162e-05, 9.57702e-05, -6.4023e-05, -1.12935e-05, 8.54864e-05, -0.000100946, 4.15161e-05, 5.32546e-05, -0.000110179, 8.08126e-05, 1.5695e-05, -0.000101939, 0.00010399, -1.65031e-05, -6.29565e-05, 6.85784e-05, -1.72734e-05, -3.38262e-05, 4.09681e-05, -1.23855e-05, -2.17844e-05, 2.23518e-05, -1.05861e-05, -2.19026e-05, 1.55843e-06, -2.37075e-05, -4.60036e-05, -4.82596e-05, -8.72322e-05, -0.000143251, -0.000200349, -0.000299608, -0.000445013, -0.000627674, -0.000879123, -0.00121951, -0.00164895, -0.00218903, -0.00286258, -0.0036702, -0.00461335, -0.0056948, -0.00689597, -0.00818262, -0.00951594, -0.0108421, -0.0120895, -0.013182, -0.014044, -0.0145991, -0.0147793, -0.0145373, -0.0138492, -0.0127161, -0.0111691, -0.0092709, -0.00710901, -0.00478903, -0.00242835, -0.000147094, 0.00194316, 0.00374852, 0.00519836, 0.00624945, 0.0068884, 0.00713061, 0.00701559, 0.00660098, 0.00595625, 0.00515599, 0.00427305, 0.0033729, 0.00250988, 0.0017253, 0.00104679, 0.000488775, 5.41362e-05, -0.000263248, -0.000475787, -0.000599686, -0.00065281, -0.000652901, -0.000616187, -0.000556516, -0.000484992, -0.000410012, -0.000337501, -0.00027125, -0.000213303, -0.000164377, -0.000124278, -9.22595e-05, -6.7296e-05, -4.8268e-05, -3.40735e-05, -2.36967e-05, -1.62491e-05, -1.09898e-05, -7.32812e-06, -4.81161e-06, -3.10464e-06, -1.96371e-06, -1.21434e-06, -7.32337e-07, -4.29789e-07, -2.45032e-07, -1.35543e-07, -7.2696e-08, -3.7812e-08, -1.91373e-08, -9.58315e-09, -5.10392e-09, -3.61218e-09
2.02097e-05, 2.7341e-05, 4.54576e-05, 6.60524e-05, 0.000115995, 0.00016652, 0.000269458, 0.000376866, 0.000564605, 0.000768746, 0.00108831, 0.00144992, 0.00197182, 0.00257711, 0.00338793, 0.00432431, 0.00548411, 0.00678704, 0.00827788, 0.0098891, 0.0115819, 0.0133084, 0.0149062, 0.0163504, 0.0173465, 0.017926, 0.0177093, 0.0168118, 0.0148373, 0.0119892, 0.00797923, 0.00311132, -0.00265712, -0.00898736, -0.0156244, -0.0222885, -0.0284257, -0.0338982, -0.038022, -0.0408839, -0.041906, -0.0413207, -0.0389026, -0.0349362, -0.0297109, -0.0233822, -0.0166496, -0.00952194, -0.00285026, 0.00342471, 0.00875715, 0.0130628, 0.0163282, 0.0182602, 0.0193806, 0.019321, 0.0186679, 0.0173463, 0.0155989, 0.0137997, 0.0116635, 0.00984922, 0.0079749, 0.00636497, 0.0050345, 0.00373473, 0.00293988, 0.00206067, 0.00150575, 0.00112942, 0.000670241, 0.000579288, 0.000295416, 0.000222018, 0.000200666, -1.48783e-07, 0.000139034, 7.92325e-06, -2.18843e-05, 0.000100129, -7.76847e-05, 4.42542e-05, 2.37891e-05, -6.93347e-05, 8.55925e-05, -5.53224e-05, -5.92152e-06, 6.95335e-05, -9.53118e-05, 6.18226e-05, 1.58873e-05, -8.79674e-05, 0.00010211, -4.31198e-05, -5.02172e-05, 0.000109352, -8.69248e-05, -3.60091e-06, 9.35606e-05, -0.00011049, 3.76059e-05, 4.49163e-05, -6.8457e-05, 3.23511e-05, 1.83758e-05, -3.96242e-05, 2.24467e-05, 8.4225e-06, -2.36492e-05, 1.39864e-05, 4.88924e-06, -1.51781e-05, 7.27094e-06, 2.59634e-06, -1.22614e-05, -6.55795e-07, -4.11485e-06, -1.92438e-05, -1.99042e-05, -3.0298e-05, -5.64412e-05, -8.14444e-05, -0.000119339, -0.000182833, -0.000265042, -0.000375197, -0.000530206, -0.000732891, -0.000990269, -0.00131843, -0.00172447, -0.00221, -0.00278023, -0.00343387, -0.00415779, -0.00493426, -0.00573994, -0.00653997, -0.00729175, -0.00795074, -0.00847027, -0.00880343, -0.0089103, -0.00876278, -0.00834584, -0.00766023, -0.00672563, -0.00557996, -0.0042758, -0.00287696, -0.00145457, -8.09557e-05, 0.00117703, 0.00226296, 0.0031343, 0.00376528, 0.00414822, 0.00429256, 0.00422214, 0.00397172, 0.00358321, 0.00310152, 0.00257038, 0.00202905, 0.00151017, 0.00103854, 0.000630706, 0.000295266, 3.39237e-05, -0.000156994, -0.000284928, -0.00035961, -0.000391776, -0.000392071, -0.000370225, -0.000334542, -0.000291691, -0.000246722, -0.000203202, -0.000163412, -0.000128586, -9.91583e-05, -7.50207e-05, -5.57326e-05, -4.06842e-05, -2.9206e-05, -2.06368e-05, -1.43665e-05, -9.86122e-06, -6.67599e-06, -4.45583e-06, -2.92853e-06, -1.89179e-06, -1.19851e-06, -7.43172e-07, -4.50771e-07, -2.68532e-07, -1.6008e-07, -1.01397e-07, -7.80751e-08
0.000260624, 0.000319762, 0.000423136, 0.000580099, 0.000794275, 0.00108918, 0.00146823, 0.00196718, 0.0025923, 0.00338006, 0.0043354, 0.00547328, 0.00679225, 0.00826467, 0.00988565, 0.0115649, 0.0132921, 0.0148849, 0.0163231, 0.0173268, 0.0178961, 0.0176959, 0.0167881, 0.0148351, 0.0119879, 0.0079966, 0.00314381, -0.00262541, -0.00892454, -0.015584, -0.0222047, -0.028387, -0.0338271, -0.0379985, -0.040853, -0.0418936, -0.0413528, -0.0389063, -0.0350269, -0.0297191, -0.0234936, -0.0166767, -0.00960649, -0.00289717, 0.00341651, 0.00868053, 0.0131238, 0.016258, 0.0183494, 0.0193552, 0.0193564, 0.0187361, 0.0173025, 0.0157208, 0.013716, 0.0117648, 0.00982727, 0.00794776, 0.00645586, 0.00491544, 0.00385401, 0.00284385, 0.00208228, 0.00156261, 0.00099325, 0.000818834, 0.000461219, 0.00033179, 0.000269929, 7.32666e-05, 0.000161177, 3.36569e-06, 4.91022e-05, 5.81744e-05, -6.91858e-05, 9.65017e-05, -4.80972e-05, -9.50308e-06, 6.86079e-05, -8.66467e-05, 6.62787e-05, -1.65666e-05, -3.7877e-05, 7.59238e-05, -7.95029e-05, 4.30627e-05, 2.02942e-05, -7.81276e-05, 9.40621e-05, -5.21955e-05, -2.65238e-05, 9.25376e-05, -9.93612e-05, 3.80218e-05, 5.21824e-05, -0.000107995, 8.71208e-05, -1.63837e-06, -8.69611e-05, 0.000111268, -4.99859e-05, -3.05916e-05, 6.42294e-05, -4.06784e-05, -6.02461e-06, 3.42456e-05, -2.76993e-05, 1.21415e-06, 1.86803e-05, -1.76732e-05, 2.17323e-06, 1.09127e-05, -1.10321e-05, 1.27677e-06, 6.92057e-06, -6.90651e-06, -8.6828e-08, 4.32253e-06, -4.91183e-06, -2.33483e-06, 6.48809e-07, -6.80319e-06, -9.0494e-06, -1.02721e-05, -2.08837e-05, -3.294e-05, -4.7007e-05, -7.29728e-05, -0.000109754, -0.000157537, -0.000225734, -0.00031915, -0.000439702, -0.000595529, -0.000794187, -0.00103818, -0.00133097, -0.0016759, -0.00207024, -0.00250671, -0.00297576, -0.0034623, -0.0039447, -0.00439807, -0.00479564, -0.00510852, -0.00530848, -0.005372, -0.00528204, -0.00502929, -0.0046145, -0.00404995, -0.00335846, -0.00257167, -0.00172827, -0.00087129, -4.41736e-05, 0.000712953, 0.00136611, 0.00188976, 0.00226855, 0.00249807, 0.00258408, 0.00254097, 0.00238972, 0.00215563, 0.00186569, 0.00154617, 0.00122062, 0.000908657, 0.000625153, 0.000380014, 0.000178367, 2.12228e-05, -9.36198e-05, -0.000170626, -0.000215644, -0.00023512, -0.000235442, -0.000222444, -0.000201106, -0.000175433, -0.000148463, -0.000122343, -9.84462e-05, -7.75149e-05, -5.98149e-05, -4.52854e-05, -3.36667e-05, -2.4596e-05, -1.76729e-05, -1.25012e-05, -8.71508e-06, -5.99505e-06, -4.07551e-06, -2.74607e-06, -1.84743e-06, -1.2644e-06, -9.18111e-07, -7.59144e-07
0.00156786, 0.00182729, 0.0022236, 0.00278219, 0.00350499, 0.00442689, 0.00552447, 0.00682942, 0.0082778, 0.00989292, 0.011558, 0.0132793, 0.0148664, 0.0162976, 0.0173065, 0.0178677, 0.017682, 0.0167646, 0.0148345, 0.0119827, 0.0080195, 0.00316764, -0.00258224, -0.00887515, -0.0155298, -0.0221354, -0.0283361, -0.0337627, -0.0379738, -0.0408157, -0.041897, -0.0413595, -0.0389396, -0.0350854, -0.029758, -0.0235832, -0.0167085, -0.00970601, -0.00291015, 0.00335368, 0.00867323, 0.0131146, 0.0162417, 0.0184114, 0.0193206, 0.0194469, 0.0187057, 0.0173813, 0.0157258, 0.0137178, 0.0118349, 0.00976251, 0.00804278, 0.00637005, 0.0049779, 0.00383996, 0.00279352, 0.00216727, 0.00144872, 0.00109691, 0.000735206, 0.000478935, 0.000386518, 0.000146284, 0.000214064, 4.78495e-05, 4.99779e-05, 7.94765e-05, -4.58852e-05, 8.01382e-05, -4.76024e-05, 2.71721e-05, 2.57377e-05, -6.82632e-05, 8.96795e-05, -6.65512e-05, 1.24243e-05, 4.64593e-05, -8.0264e-05, 7.70829e-05, -4.23458e-05, -7.64987e-06, 5.41557e-05, -7.92415e-05, 6.97091e-05, -2.45052e-05, -3.85543e-05, 8.63873e-05, -8.80124e-05, 3.65204e-05, 4.11022e-05, -9.70337e-05, 9.29641e-05, -2.77931e-05, -5.7945e-05, 0.000106781, -8.33731e-05, 1.22307e-06, 8.34741e-05, -0.000109588, 5.57325e-05, 2.1087e-05, -5.92154e-05, 4.42772e-05, -2.57179e-06, -2.83317e-05, 2.91468e-05, -7.87485e-06, -1.322e-05, 1.79672e-05, -7.11493e-06, -6.46154e-06, 1.0974e-05, -5.0445e-06, -3.619e-06, 6.83102e-06, -3.14415e-06, -2.46822e-06, 4.33392e-06, -1.741e-06, -2.04221e-06, 2.61551e-06, -9.79561e-07, -2.2054e-06, 7.22362e-07, -1.64392e-06, -4.16391e-06, -3.76136e-06, -7.09061e-06, -1.30055e-05, -1.85437e-05, -2.83341e-05, -4.43317e-05, -6.51293e-05, -9.42522e-05, -0.000136013, -0.000191531, -0.000263938, -0.000358489, -0.000478123, -0.000624876, -0.000801838, -0.00101021, -0.00124793, -0.00151136, -0.00179475, -0.00208835, -0.00237926, -0.00265282, -0.00289261, -0.00308093, -0.00320102, -0.00323882, -0.0031839, -0.00303064, -0.00277976, -0.00243876, -0.00202136, -0.00154669, -0.00103822, -0.000521905, -2.38438e-05, 0.000431839, 0.000824683, 0.00113936, 0.00136677, 0.00150434, 0.00155558, 0.00152919, 0.00143785, 0.00129681, 0.0011223, 0.000930078, 0.0007343, 0.000546737, 0.000376319, 0.000228969, 0.000107748, 1.32572e-05, -5.58237e-05, -0.000102176, -0.000129312, -0.000141105, -0.000141386, -0.000133653, -0.000120893, -0.000105513, -8.934e-05, -7.36667e-05, -5.93204e-05, -4.67504e-05, -3.61214e-05, -2.7404e-05, -2.0451e-05, -1.50552e-05, -1.09896e-05, -8.03433e-06, -5.99446e-06, -4.7123e-06, -4.07475e-06
0.00615226, 0.00690843, 0.00790518, 0.00911341, 0.0105167, 0.0120283, 0.0136101, 0.0151077, 0.0164499, 0.0174167, 0.017923, 0.0177277, 0.0167762, 0.0148586, 0.0119888, 0.00805274, 0.00319216, -0.00253142, -0.0088308, -0.0154676, -0.0220754, -0.0282753, -0.0337071, -0.0379403, -0.0407848, -0.0418982, -0.0413629, -0.0389798, -0.0351303, -0.0298169, -0.0236501, -0.0167623, -0.00978526, -0.0029384, 0.00329299, 0.00867875, 0.0130791, 0.0162636, 0.0184233, 0.0193399, 0.0194939, 0.0186983, 0.017462, 0.0156992, 0.0137861, 0.0118112, 0.00979737, 0.0080561, 0.0063315, 0.00504129, 0.00376402, 0.00286549, 0.00209538, 0.0014822, 0.00110382, 0.000671255, 0.000566711, 0.000284368, 0.000235398, 0.00014984, 5.63636e-05, 0.000108315, -3.66168e-05, 8.63723e-05, -2.43674e-05, -2.25293e-06, 5.0935e-05, -6.32582e-05, 6.64085e-05, -5.11856e-05, 2.54124e-05, 1.55009e-05, -5.89525e-05, 8.46684e-05, -7.41369e-05, 2.9108e-05, 2.85279e-05, -7.06348e-05, 8.01559e-05, -5.73236e-05, 1.44675e-05, 3.22841e-05, -6.72511e-05, 7.66963e-05, -5.28027e-05, 8.04296e-07, 5.7378e-05, -9.0492e-05, 7.57118e-05, -1.5925e-05, -5.71786e-05, 9.96248e-05, -8.26835e-05, 1.35005e-05, 6.63103e-05, -0.000105463, 7.65331e-05, 3.85332e-06, -8.32471e-05, 0.00010705, -5.65658e-05, -1.63081e-05, 5.50952e-05, -4.50094e-05, 7.67318e-06, 2.3403e-05, -2.86007e-05, 1.18141e-05, 8.58695e-06, -1.66567e-05, 9.82236e-06, 2.62312e-06, -9.52007e-06, 6.90552e-06, 6.14135e-07, -5.60018e-06, 4.53154e-06, 1.5674e-07, -3.49709e-06, 2.86052e-06, 2.15733e-07, -2.33576e-06, 1.71784e-06, 3.7711e-07, -1.65302e-06, 8.86863e-07, 4.31684e-07, -1.31074e-06, 6.0332e-08, 1.41237e-08, -1.70915e-06, -1.65523e-06, -2.20854e-06, -4.84711e-06, -7.36762e-06, -1.08063e-05, -1.73622e-05, -2.64581e-05, -3.86921e-05, -5.67063e-05, -8.17455e-05, -0.000114805, -0.000158647, -0.000215797, -0.000287679, -0.000376177, -0.000483158, -0.000608857, -0.00075221, -0.000911323, -0.00108246, -0.00125957, -0.00143508, -0.00160017, -0.00174473, -0.00185808, -0.00193023, -0.00195272, -0.00191916, -0.00182625, -0.00167452, -0.00146855, -0.00121658, -0.00093022, -0.000623687, -0.000312618, -1.26951e-05, 0.000261557, 0.000497824, 0.000686929, 0.000823459, 0.000905916, 0.000936439, 0.00092029, 0.000865133, 0.000780156, 0.000675116, 0.000559477, 0.00044174, 0.000328973, 0.000226532, 0.00013796, 6.50851e-05, 8.26576e-06, -3.32915e-05, -6.11983e-05, -7.75672e-05, -8.47253e-05, -8.49744e-05, -8.04171e-05, -7.28537e-05, -6.37409e-05, -5.41923e-05, -4.5006e-05, -3.67078e-05, -2.96056e-05, -2.38472e-05, -1.94751e-05, -1.64718e-05, -1.47925e-05
0.0159479, 0.0170719, 0.0181147, 0.0189776, 0.0195249, 0.019619, 0.0190974, 0.0178349, 0.0156981, 0.0126192, 0.00855717, 0.00356598, -0.00222424, -0.0086053, -0.0152759, -0.021932, -0.028153, -0.0336183, -0.0378781, -0.040745, -0.0418872, -0.041364, -0.0390154, -0.0351716, -0.0298814, -0.0237079, -0.0168274, -0.0098486, -0.00298474, 0.00324736, 0.00867193, 0.0130523, 0.0162845, 0.0184232, 0.0193814, 0.0195125, 0.0187257, 0.0175036, 0.0157069, 0.0138368, 0.0117852, 0.00985428, 0.00802543, 0.00636041, 0.00502449, 0.00376001, 0.00289118, 0.00203586, 0.00154338, 0.00103599, 0.000724561, 0.000520694, 0.000294003, 0.000265757, 7.6581e-05, 0.000145397, 2.03499e-05, 3.3725e-05, 4.44107e-05, -3.0043e-05, 6.175e-05, -6.06284e-05, 5.96685e-05, -2.66273e-05, -1.47329e-05, 5.17115e-05, -6.6586e-05, 6.25556e-05, -4.62019e-05, 2.13795e-05, 1.29476e-05, -5.15018e-05, 7.84465e-05, -7.60079e-05, 3.98494e-05, 1.4655e-05, -6.14297e-05, 8.00601e-05, -6.60127e-05, 2.893e-05, 1.58183e-05, -5.37316e-05, 7.29477e-05, -6.49832e-05, 2.85613e-05, 2.5166e-05, -7.26052e-05, 8.746e-05, -5.66969e-05, -7.85409e-06, 7.22274e-05, -9.84544e-05, 6.81029e-05, 3.95997e-06, -7.58729e-05, 0.000103109, -6.6687e-05, -1.27741e-05, 8.56672e-05, -0.000104004, 5.35344e-05, 1.56979e-05, -5.24755e-05, 4.40851e-05, -9.90845e-06, -2.00282e-05, 2.72708e-05, -1.37144e-05, -5.26296e-06, 1.4867e-05, -1.09492e-05, 1.41588e-07, 7.68136e-06, -7.4566e-06, 1.5185e-06, 3.98829e-06, -4.79924e-06, 1.46481e-06, 2.21288e-06, -3.05566e-06, 1.03905e-06, 1.38301e-06, -1.96007e-06, 6.03503e-07, 9.84214e-07, -1.26071e-06, 2.51535e-07, 7.61419e-07, -7.94437e-07, -1.74401e-08, 5.75249e-07, -5.01665e-07, -2.74054e-07, 2.62268e-07, -5.22878e-07, -8.29774e-07, -6.9048e-07, -1.63131e-06, -2.90721e-06, -4.124e-06, -6.57621e-06, -1.04994e-05, -1.56504e-05, -2.31561e-05, -3.41314e-05, -4.89909e-05, -6.88657e-05, -9.54368e-05, -0.000129826, -0.000173061, -0.000226526, -0.00029113, -0.00036691, -0.000453426, -0.000549544, -0.000652839, -0.000759685, -0.000865605, -0.000965223, -0.00105235, -0.00112058, -0.00116395, -0.00117731, -0.0011568, -0.00110048, -0.00100873, -0.00088431, -0.000732203, -0.000559455, -0.000374667, -0.000187251, -6.64115e-06, 0.000158413, 0.000300506, 0.000414148, 0.000496119, 0.000545541, 0.000563718, 0.000553838, 0.000520531, 0.000469331, 0.0004061, 0.000336522, 0.0002657, 0.000197877, 0.000136257, 8.29542e-05, 3.90524e-05, 4.75309e-06, -2.04372e-05, -3.75092e-05, -4.77607e-05, -5.26236e-05, -5.352e-05, -5.17579e-05, -4.84685e-05, -4.45778e-05, -4.07999e-05, -3.76446e-05, -3.54308e-05
0.023692, 0.0235952, 0.0224658, 0.0202497, 0.0169107, 0.0124956, 0.00707078, 0.000837572, -0.006002, -0.0130934, -0.0201459, -0.0267104, -0.0324803, -0.0370001, -0.0400796, -0.041404, -0.0410146, -0.0387937, -0.0350288, -0.0298199, -0.0236762, -0.0168389, -0.00986671, -0.00301747, 0.00322525, 0.00866167, 0.0130436, 0.0162969, 0.0184305, 0.0194207, 0.0195306, 0.0187629, 0.0175261, 0.0157381, 0.0138638, 0.0117849, 0.00988635, 0.00800906, 0.00639313, 0.00498767, 0.00378833, 0.00287081, 0.00203551, 0.00154434, 0.00101059, 0.000764356, 0.000458392, 0.000349835, 0.000217299, 0.000108392, 0.000127654, 7.80937e-06, 8.23607e-05, -3.41983e-05, 5.44725e-05, -9.16906e-06, -1.35568e-05, 4.1986e-05, -4.88129e-05, 5.48503e-05, -5.50875e-05, 4.5409e-05, -1.66077e-05, -2.34169e-05, 5.68739e-05, -6.89773e-05, 5.97306e-05, -3.8654e-05, 1.31349e-05, 1.60231e-05, -4.74863e-05, 7.16475e-05, -7.35205e-05, 4.5164e-05, 4.63391e-06, -5.34495e-05, 7.89517e-05, -7.18469e-05, 3.86845e-05, 5.0605e-06, -4.39203e-05, 6.68631e-05, -6.72943e-05, 4.31103e-05, 6.03782e-07, -4.89714e-05, 8.01394e-05, -7.54003e-05, 3.1721e-05, 3.23201e-05, -8.34818e-05, 9.17359e-05, -4.89986e-05, -2.34207e-05, 8.48486e-05, -9.83315e-05, 5.35731e-05, 2.46945e-05, -8.95655e-05, 9.99257e-05, -4.71021e-05, -1.85782e-05, 5.12985e-05, -4.21073e-05, 9.87573e-06, 1.82497e-05, -2.58138e-05, 1.42079e-05, 3.24902e-06, -1.32177e-05, 1.11212e-05, -1.86368e-06, -6.02522e-06, 7.2776e-06, -2.8001e-06, -2.53157e-06, 4.45402e-06, -2.37975e-06, -1.02785e-06, 2.702e-06, -1.71362e-06, -4.57113e-07, 1.68561e-06, -1.14038e-06, -2.79402e-07, 1.10054e-06, -7.14011e-07, -2.47602e-07, 7.47739e-07, -4.08849e-07, -2.56317e-07, 5.12064e-07, -1.92814e-07, -2.64876e-07, 3.26806e-07, -5.52729e-08, -2.76467e-07, 1.26889e-07, -5.13101e-08, -3.95476e-07, -2.76114e-07, -4.73672e-07, -1.09475e-06, -1.60333e-06, -2.42666e-06, -4.03424e-06, -6.23285e-06, -9.28941e-06, -1.39275e-05, -2.04832e-05, -2.93339e-05, -4.13642e-05, -5.74066e-05, -7.80629e-05, -0.000104128, -0.000136433, -0.0001754, -0.000221097, -0.000273343, -0.000331389, -0.000393717, -0.000458191, -0.000522127, -0.000582222, -0.000634723, -0.00067581, -0.000701884, -0.00070981, -0.00069727, -0.000663138, -0.000607662, -0.000532497, -0.000440674, -0.000336469, -0.000225076, -0.00011216, -3.40337e-06, 9.59222e-05, 0.000181366, 0.000249644, 0.000298834, 0.000328418, 0.000339186, 0.000333064, 0.000312838, 0.000281826, 0.000243534, 0.000201356, 0.000158335, 0.000116987, 7.92022e-05, 4.62162e-05, 1.86507e-05, -3.3917e-06, -2.02089e-05, -3.23715e-05, -4.05975e-05, -4.56364e-05, -4.8173e-05, -4.87561e-05
0.00922155, 0.00600329, 0.001629, -0.00370843, -0.00969387, -0.0159894, -0.0221472, -0.0277807, -0.032418, -0.0357639, -0.0374923, -0.0375426, -0.0358187, -0.0325132, -0.0277682, -0.0220043, -0.0155306, -0.00883312, -0.00223824, 0.00383321, 0.00911744, 0.0133951, 0.0165586, 0.0186278, 0.0195806, 0.0196438, 0.0188568, 0.0175838, 0.0157972, 0.0138975, 0.0118086, 0.00990299, 0.00801409, 0.00641187, 0.00496631, 0.00380636, 0.00284838, 0.0020536, 0.00151678, 0.0010185, 0.000764859, 0.000440396, 0.000368225, 0.00018369, 0.000153545, 7.36527e-05, 4.98885e-05, 5.78213e-05, -2.71205e-05, 6.2201e-05, -3.98286e-05, 4.50399e-05, -3.53915e-05, 2.45792e-05, 4.6442e-06, -3.42047e-05, 5.28461e-05, -5.48909e-05, 4.93994e-05, -4.2047e-05, 2.89836e-05, -3.13159e-06, -3.21322e-05, 6.15713e-05, -7.02951e-05, 5.62384e-05, -2.95707e-05, 1.54896e-06, 2.38451e-05, -4.71479e-05, 6.49192e-05, -6.71545e-05, 4.50099e-05, -1.39977e-06, -4.66064e-05, 7.69562e-05, -7.61048e-05, 4.62901e-05, -2.19925e-06, -3.8567e-05, 6.33836e-05, -6.67381e-05, 4.85725e-05, -1.31627e-05, -2.99138e-05, 6.54556e-05, -7.67106e-05, 5.40037e-05, -3.00672e-06, -5.41356e-05, 8.80537e-05, -7.80918e-05, 2.57944e-05, 4.30992e-05, -9.10396e-05, 8.95813e-05, -3.69963e-05, -3.84955e-05, 9.33111e-05, -9.37504e-05, 3.7377e-05, 2.4223e-05, -5.11022e-05, 3.92275e-05, -8.02489e-06, -1.78589e-05, 2.44813e-05, -1.37377e-05, -2.36154e-06, 1.19663e-05, -1.07831e-05, 2.7445e-06, 4.77868e-06, -6.79025e-06, 3.43225e-06, 1.43392e-06, -3.88516e-06, 2.76612e-06, 1.42469e-07, -2.15668e-06, 1.94153e-06, -2.30913e-07, -1.22449e-06, 1.29351e-06, -2.54314e-07, -7.44555e-07, 8.47522e-07, -1.71785e-07, -4.97787e-07, 5.50676e-07, -7.50066e-08, -3.62792e-07, 3.48908e-07, 6.3046e-09, -2.76811e-07, 2.0458e-07, 6.34924e-08, -2.09744e-07, 9.46374e-08, 9.05422e-08, -1.54819e-07, -2.29352e-09, 6.46228e-08, -1.4759e-07, -1.52214e-07, -1.20516e-07, -3.68601e-07, -6.3225e-07, -8.92966e-07, -1.48995e-06, -2.42903e-06, -3.67424e-06, -5.55871e-06, -8.37417e-06, -1.22581e-05, -1.75795e-05, -2.48641e-05, -3.45104e-05, -4.69304e-05, -6.26691e-05, -8.21715e-05, -0.000105661, -0.000133235, -0.000164792, -0.000199832, -0.00023744, -0.000276357, -0.000314949, -0.000351193, -0.000382833, -0.000407581, -0.000423255, -0.000427954, -0.000420299, -0.000399628, -0.000366096, -0.000320709, -0.000265313, -0.000202506, -0.000135426, -6.74937e-05, -2.143e-06, 5.74379e-05, 0.000108563, 0.00014925, 0.000178336, 0.000195497, 0.000201202, 0.000196609, 0.000183397, 0.000163581, 0.000139304, 0.000112673, 8.56155e-05, 5.97847e-05, 3.64983e-05, 1.67238e-05, 1.09946e-06, -1.00229e-05, -1.65287e-05
-0.0312093, -0.0353324, -0.0385624, -0.0406583, -0.0414332, -0.0407636, -0.0386361, -0.0350988, -0.0303117, -0.0244946, -0.0179744, -0.011104, -0.00425228, 0.00223869, 0.00807816, 0.0129947, 0.0168635, 0.0195682, 0.0211948, 0.0217251, 0.0213994, 0.0202706, 0.0186909, 0.0166706, 0.014558, 0.0123123, 0.0102639, 0.00828419, 0.00660435, 0.00509006, 0.00389623, 0.00289507, 0.00210415, 0.00151735, 0.00104173, 0.000760782, 0.000452828, 0.00036043, 0.00017838, 0.000172728, 4.6662e-05, 7.61956e-05, 2.60826e-05, 1.17232e-05, 2.36874e-05, -1.76198e-05, 4.48809e-05, -5.18826e-05, 5.17539e-05, -3.63766e-05, 2.44922e-05, -1.49699e-05, 1.26907e-06, 2.26482e-05, -4.77743e-05, 6.00617e-05, -5.45659e-05, 3.94431e-05, -2.42448e-05, 9.14506e-06, 1.20953e-05, -3.99344e-05, 6.34565e-05, -6.85481e-05, 5.08177e-05, -1.93274e-05, -1.19573e-05, 3.50491e-05, -5.01443e-05, 5.87826e-05, -5.73474e-05, 3.9051e-05, -2.69699e-06, -4.10918e-05, 7.33569e-05, -7.80942e-05, 5.24602e-05, -8.23094e-06, -3.57023e-05, 6.34422e-05, -6.79738e-05, 5.08355e-05, -1.86176e-05, -1.96482e-05, 5.31005e-05, -6.98955e-05, 6.08059e-05, -2.50481e-05, -2.56648e-05, 6.93632e-05, -8.33922e-05, 5.70766e-05, 3.40661e-08, -6.0457e-05, 9.19984e-05, -7.55218e-05, 1.7219e-05, 5.25842e-05, -9.49021e-05, 8.41703e-05, -2.43931e-05, -3.17988e-05, 5.11653e-05, -3.53145e-05, 4.67826e-06, 1.85309e-05, -2.32634e-05, 1.25582e-05, 2.37919e-06, -1.11546e-05, 1.01912e-05, -2.99772e-06, -3.97793e-06, 6.24e-06, -3.62864e-06, -7.16551e-07, 3.31848e-06, -2.82683e-06, 4.26482e-07, 1.62863e-06, -1.90589e-06, 6.54842e-07, 7.74636e-07, -1.21968e-06, 5.69234e-07, 3.8234e-07, -7.7727e-07, 4.1562e-07, 2.16521e-07, -5.06497e-07, 2.75115e-07, 1.52117e-07, -3.39812e-07, 1.64915e-07, 1.28366e-07, -2.31361e-07, 8.25879e-08, 1.17e-07, -1.54017e-07, 2.2614e-08, 1.04866e-07, -9.37903e-08, -1.91222e-08, 8.51212e-08, -4.71244e-08, -4.78734e-08, 4.91914e-08, -2.70038e-08, -8.66658e-08, -3.87306e-08, -1.00605e-07, -2.41836e-07, -3.38821e-07, -5.30689e-07, -9.15383e-07, -1.43413e-06, -2.17765e-06, -3.34203e-06, -5.01832e-06, -7.33017e-06, -1.05498e-05, -1.49442e-05, -2.07353e-05, -2.82192e-05, -3.77251e-05, -4.94866e-05, -6.36504e-05, -8.03006e-05, -9.93606e-05, -0.000120512, -0.000143218, -0.000166727, -0.000190037, -0.000211923, -0.000231037, -0.000246005, -0.000255507, -0.000258406, -0.000253887, -0.000241572, -0.000221564, -0.000194486, -0.000161472, -0.000124101, -8.42646e-05, -4.40149e-05, -5.4002e-06, 2.97004e-05, 5.97362e-05, 8.36068e-05, 0.000100729, 0.000111048, 0.000115014, 0.000113502, 0.000107702, 9.89869e-05, 8.87702e-05, 7.83813e-05, 6.89573e-05, 6.13593e-05
-0.055761, -0.0554277, -0.0527812, -0.047978, -0.0413415, -0.0332945, -0.0243832, -0.0151222, -0.00606672, 0.0023603, 0.0097139, 0.0157768, 0.0203335, 0.0234464, 0.0250889, 0.0255075, 0.0247969, 0.023335, 0.0212304, 0.0188455, 0.0162364, 0.0137304, 0.0113014, 0.00915438, 0.00721173, 0.00561329, 0.00426993, 0.00319321, 0.00234785, 0.00168356, 0.00123245, 0.000821865, 0.000607007, 0.000365703, 0.000303341, 0.000134214, 0.000138181, 4.85629e-05, 6.27232e-05, 9.85123e-06, 1.41313e-05, 2.83105e-05, -2.49897e-05, 3.37706e-05, -3.38685e-05, 4.53243e-05, -4.87753e-05, 3.92814e-05, -1.87728e-05, 9.27264e-07, 9.7921e-06, -1.99336e-05, 3.62536e-05, -5.36091e-05, 5.9313e-05, -4.72539e-05, 2.45383e-05, -3.09252e-06, -1.26668e-05, 2.74639e-05, -4.52589e-05, 6.0578e-05, -6.16729e-05, 4.21138e-05, -8.17081e-06, -2.55855e-05, 4.74561e-05, -5.53344e-05, 5.35511e-05, -4.4941e-05, 2.73707e-05, 1.69527e-06, -3.78326e-05, 6.77893e-05, -7.61863e-05, 5.58703e-05, -1.36739e-05, -3.28334e-05, 6.49523e-05, -7.19554e-05, 5.43268e-05, -2.08367e-05, -1.68145e-05, 4.78756e-05, -6.39184e-05, 5.94368e-05, -3.35747e-05, -7.36607e-06, 4.92897e-05, -7.41424e-05, 6.80221e-05, -2.97278e-05, -2.57507e-05, 7.23516e-05, -8.54265e-05, 5.54841e-05, 4.71341e-06, -6.48163e-05, 9.21488e-05, -6.99711e-05, 8.40189e-06, 4.02683e-05, -5.06017e-05, 3.01093e-05, -1.08246e-07, -1.9873e-05, 2.1994e-05, -1.0787e-05, -3.09425e-06, 1.07074e-05, -9.45838e-06, 2.79175e-06, 3.5716e-06, -5.7393e-06, 3.55146e-06, 3.24989e-07, -2.85579e-06, 2.71695e-06, -7.36846e-07, -1.20848e-06, 1.75093e-06, -8.68802e-07, -4.21025e-07, 1.05096e-06, -7.08566e-07, -9.94148e-08, 6.22432e-07, -5.10096e-07, 5.53268e-09, 3.80064e-07, -3.48424e-07, 2.21668e-08, 2.46768e-07, -2.31689e-07, 8.59162e-09, 1.71884e-07, -1.49653e-07, -1.13528e-08, 1.26103e-07, -9.09062e-08, -2.85495e-08, 9.35472e-08, -4.7462e-08, -3.95216e-08, 6.61467e-08, -1.51781e-08, -4.29828e-08, 4.02985e-08, 6.55652e-09, -3.99089e-08, 1.36467e-08, 1.30171e-08, -3.91956e-08, -2.4866e-08, -1.90454e-08, -8.22164e-08, -1.34133e-07, -1.8759e-07, -3.29549e-07, -5.49652e-07, -8.4311e-07, -1.30463e-06, -2.01119e-06, -3.0044e-06, -4.3973e-06, -6.35112e-06, -8.9999e-06, -1.24921e-05, -1.70264e-05, -2.27889e-05, -2.99142e-05, -3.85098e-05, -4.86347e-05, -6.02355e-05, -7.31251e-05, -8.6994e-05, -0.000101393, -0.000115714, -0.00012922, -0.000141104, -0.000150528, -0.000156679, -0.000158848, -0.000156514, -0.000149399, -0.000137501, -0.000121116, -0.000100841, -7.75233e-05, -5.21995e-05, -2.60096e-05, -1.13925e-07, 2.43953e-05, 4.65752e-05, 6.56889e-05, 8.12336e-05, 9.29435e-05, 0.000100774, 0.00010487, 0.000105513
-0.0297383, -0.0251997, -0.0202359, -0.0151171, -0.0100663, -0.00532235, -0.00101927, 0.00270155, 0.00584886, 0.00835686, 0.0103003, 0.0116539, 0.0125679, 0.013038, 0.0132002, 0.0130248, 0.0126579, 0.0120788, 0.0113885, 0.0105567, 0.00967483, 0.00875005, 0.00780155, 0.00686608, 0.00593832, 0.00511594, 0.00428774, 0.00360103, 0.0029118, 0.0024122, 0.0018668, 0.00151308, 0.00112887, 0.00091407, 0.000646092, 0.000506667, 0.000369359, 0.000262327, 0.000198199, 0.000109406, 0.000128313, 1.73464e-05, 7.62227e-05, -8.23824e-06, 4.89713e-05, -2.33881e-05, 2.39617e-05, 6.85734e-06, -2.16834e-05, 3.29003e-05, -3.48637e-05, 4.15783e-05, -4.9184e-05, 4.89463e-05, -3.28519e-05, 6.12438e-06, 1.87427e-05, -3.35535e-05, 4.06675e-05, -4.65466e-05, 5.1628e-05, -4.82578e-05, 2.90454e-05, 3.66921e-06, -3.73274e-05, 5.81193e-05, -6.05531e-05, 4.9019e-05, -3.12449e-05, 1.11274e-05, 1.20513e-05, -3.81564e-05, 6.09528e-05, -6.92013e-05, 5.40835e-05, -1.69848e-05, -2.89041e-05, 6.48233e-05, -7.62721e-05, 5.9971e-05, -2.41548e-05, -1.67687e-05, 4.89959e-05, -6.37196e-05, 5.8123e-05, -3.44895e-05, -6.77959e-07, 3.71791e-05, -6.2559e-05, 6.57512e-05, -4.23731e-05, -1.07587e-06, 4.75064e-05, -7.55402e-05, 6.97818e-05, -2.99371e-05, -2.67876e-05, 7.26177e-05, -8.30097e-05, 5.04221e-05, 9.85708e-06, -4.83235e-05, 4.84547e-05, -2.33736e-05, -5.37093e-06, 2.14335e-05, -2.04266e-05, 8.4687e-06, 4.3145e-06, -1.04892e-05, 8.60422e-06, -2.24366e-06, -3.47627e-06, 5.31612e-06, -3.3029e-06, -1.87286e-07, 2.52387e-06, -2.53254e-06, 8.59672e-07, 9.1685e-07, -1.5654e-06, 9.41666e-07, 1.8007e-07, -8.68969e-07, 7.35814e-07, -8.75807e-08, -4.59091e-07, 5.10598e-07, -1.47218e-07, -2.43391e-07, 3.39609e-07, -1.3111e-07, -1.37836e-07, 2.24958e-07, -9.56415e-08, -8.85861e-08, 1.50964e-07, -6.09391e-08, -6.58548e-08, 1.02409e-07, -3.23945e-08, -5.43348e-08, 6.86252e-08, -1.05065e-08, -4.6404e-08, 4.32044e-08, 5.21127e-09, -3.83647e-08, 2.28927e-08, 1.49727e-08, -2.87725e-08, 6.54515e-09, 1.8459e-08, -1.82341e-08, -6.38598e-09, 1.40535e-08, -1.14538e-08, -2.0528e-08, -6.68545e-09, -2.70215e-08, -6.19073e-08, -8.36914e-08, -1.34639e-07, -2.35928e-07, -3.71119e-07, -5.69374e-07, -8.85951e-07, -1.34786e-06, -1.99536e-06, -2.91337e-06, -4.18926e-06, -5.90247e-06, -8.15892e-06, -1.10816e-05, -1.47728e-05, -1.9313e-05, -2.47664e-05, -3.1151e-05, -3.8407e-05, -4.63937e-05, -5.48872e-05, -6.35625e-05, -7.19918e-05, -7.967e-05, -8.60466e-05, -9.05554e-05, -9.26599e-05, -9.19126e-05, -8.80094e-05, -8.08297e-05, -7.04663e-05, -5.72445e-05, -4.17165e-05, -2.46279e-05, -6.86472e-06, 1.06114e-05, 2.68372e-05, 4.09279e-05, 5.21512e-05, 5.99825e-05
0.0129132, 0.0158892, 0.0173647, 0.0174046, 0.0161705, 0.0139061, 0.0108976, 0.00749922, 0.00403629, 0.000807737, -0.00197456, -0.004126, -0.0055425, -0.00620673, -0.00616932, -0.00553973, -0.0044065, -0.0029675, -0.00133144, 0.00029129, 0.0018826, 0.00322314, 0.00436747, 0.0051484, 0.00573377, 0.00594124, 0.0059832, 0.00573116, 0.0054214, 0.00490482, 0.00439297, 0.00381365, 0.00327267, 0.00273387, 0.00223025, 0.00183818, 0.00141585, 0.00115048, 0.000834425, 0.000701762, 0.000453304, 0.000393908, 0.000248264, 0.000201239, 0.000124311, 8.58611e-05, 8.51568e-05, -2.46062e-06, 7.07673e-05, -2.56037e-05, 4.48931e-05, -2.89152e-05, 3.23464e-05, -1.14926e-05, -1.19923e-05, 3.77691e-05, -4.93536e-05, 4.90177e-05, -4.25566e-05, 3.64972e-05, -2.82606e-05, 1.14076e-05, 1.58341e-05, -4.53082e-05, 6.37899e-05, -6.27308e-05, 4.41326e-05, -1.76858e-05, -7.22656e-06, 2.7055e-05, -4.28073e-05, 5.44833e-05, -5.75172e-05, 4.52013e-05, -1.52541e-05, -2.52514e-05, 6.12504e-05, -7.70654e-05, 6.49905e-05, -2.95332e-05, -1.50391e-05, 5.1813e-05, -6.85555e-05, 6.15958e-05, -3.54082e-05, -4.61741e-07, 3.4842e-05, -5.75394e-05, 6.13094e-05, -4.38151e-05, 9.39088e-06, 3.06951e-05, -6.0955e-05, 6.75114e-05, -4.49889e-05, 8.43629e-07, 4.60804e-05, -7.33565e-05, 6.60885e-05, -2.56983e-05, -2.8958e-05, 5.44021e-05, -4.38316e-05, 1.50331e-05, 1.13227e-05, -2.27073e-05, 1.8295e-05, -5.63573e-06, -5.84567e-06, 1.0334e-05, -7.59751e-06, 1.43429e-06, 3.59999e-06, -4.95041e-06, 2.93774e-06, 2.37836e-07, -2.31072e-06, 2.32247e-06, -8.54006e-07, -7.41466e-07, 1.39341e-06, -9.29585e-07, -3.74444e-08, 7.12931e-07, -7.03638e-07, 1.93243e-07, 3.23042e-07, -4.65591e-07, 2.20859e-07, 1.30889e-07, -2.9252e-07, 1.82425e-07, 4.77534e-08, -1.83306e-07, 1.3387e-07, 1.73574e-08, -1.18535e-07, 9.27115e-08, 9.81695e-09, -8.05416e-08, 6.15409e-08, 1.08734e-08, -5.73547e-08, 3.85213e-08, 1.41565e-08, -4.17997e-08, 2.13215e-08, 1.68314e-08, -2.99648e-08, 8.19348e-09, 1.73667e-08, -2.02986e-08, -2.26326e-09, 1.415e-08, -1.37808e-08, -1.24887e-08, 3.70774e-09, -1.57799e-08, -2.94476e-08, -2.3349e-08, -4.12952e-08, -7.26353e-08, -9.18895e-08, -1.26476e-07, -1.8938e-07, -2.60071e-07, -3.48108e-07, -4.78269e-07, -6.46929e-07, -8.53902e-07, -1.12444e-06, -1.47526e-06, -1.91072e-06, -2.45223e-06, -3.13154e-06, -3.96943e-06, -4.98751e-06, -6.22072e-06, -7.70181e-06, -9.45137e-06, -1.14871e-05, -1.38228e-05, -1.6452e-05, -1.93422e-05, -2.24392e-05, -2.56633e-05, -2.89007e-05, -3.20071e-05, -3.48182e-05, -3.71586e-05, -3.88496e-05, -3.97264e-05, -3.9658e-05, -3.85632e-05, -3.64199e-05, -3.32748e-05, -2.92487e-05, -2.45315e-05, -1.9368e-05, -1.40399e-05
0.026041, 0.0255802, 0.0242276, 0.0221434, 0.0194575, 0.0163059, 0.0127946, 0.00909458, 0.00530611, 0.00158268, -0.00200178, -0.00525076, -0.00810452, -0.0103983, -0.0121396, -0.0131672, -0.0135675, -0.0132596, -0.0124203, -0.0109911, -0.00923129, -0.00714628, -0.00499769, -0.00276405, -0.00070682, 0.00118055, 0.00275385, 0.00404382, 0.00497368, 0.00556053, 0.00588589, 0.0058938, 0.00573955, 0.0053375, 0.00494132, 0.00434227, 0.00384017, 0.00323185, 0.00276087, 0.00221932, 0.00182235, 0.00144661, 0.00111259, 0.000884909, 0.000637319, 0.000532122, 0.000317841, 0.000313364, 0.000155153, 0.000153003, 8.00951e-05, 6.46542e-05, 4.78441e-05, -3.35313e-06, 6.36867e-05, -4.73708e-05, 5.49138e-05, -2.99796e-05, 1.82543e-05, -2.75819e-06, -9.05544e-06, 2.78198e-05, -4.80853e-05, 6.18318e-05, -5.85519e-05, 3.69968e-05, -5.21947e-06, -2.43881e-05, 4.34197e-05, -5.07966e-05, 4.99537e-05, -4.327e-05, 2.94495e-05, -6.12137e-06, -2.49577e-05, 5.51515e-05, -7.1726e-05, 6.4815e-05, -3.39192e-05, -1.04985e-05, 5.14701e-05, -7.33669e-05, 6.87108e-05, -4.0641e-05, 5.36009e-07, 3.72103e-05, -6.04561e-05, 6.27016e-05, -4.4183e-05, 1.12403e-05, 2.54277e-05, -5.34418e-05, 6.23346e-05, -4.74984e-05, 1.30446e-05, 2.82745e-05, -5.91511e-05, 6.49672e-05, -4.12297e-05, -2.75038e-06, 4.67327e-05, -5.68299e-05, 3.60888e-05, -5.31197e-06, -1.71397e-05, 2.316e-05, -1.53733e-05, 2.36288e-06, 7.47204e-06, -1.00624e-05, 6.38992e-06, -4.2886e-07, -3.84885e-06, 4.59778e-06, -2.48044e-06, -4.22553e-07, 2.18695e-06, -2.10435e-06, 7.61436e-07, 6.58671e-07, -1.25031e-06, 8.69925e-07, -2.96854e-08, -5.9542e-07, 6.46431e-07, -2.40118e-07, -2.24509e-07, 4.06648e-07, -2.47776e-07, -5.17883e-08, 2.36311e-07, -1.9514e-07, 1.37082e-08, 1.33948e-07, -1.39034e-07, 3.01991e-08, 7.78147e-08, -9.54436e-08, 2.77188e-08, 4.85861e-08, -6.50165e-08, 1.96071e-08, 3.35858e-08, -4.43932e-08, 1.09329e-08, 2.53777e-08, -3.03831e-08, 2.97038e-09, 1.93899e-08, -2.14764e-08, -5.25623e-09, 1.14922e-08, -1.91689e-08, -1.77954e-08, -5.14534e-09, -3.07849e-08, -4.53143e-08, -4.50891e-08, -7.46204e-08, -1.10833e-07, -1.3617e-07, -1.83795e-07, -2.5143e-07, -3.16931e-07, -3.97189e-07, -5.01403e-07, -6.09011e-07, -7.17889e-07, -8.35882e-07, -9.45479e-07, -1.02716e-06, -1.07667e-06, -1.07894e-06, -1.00697e-06, -8.46008e-07, -5.88836e-07, -2.23299e-07, 2.53004e-07, 8.20736e-07, 1.44771e-06, 2.0898e-06, 2.67924e-06, 3.12576e-06, 3.32865e-06, 3.18062e-06, 2.56962e-06, 1.39243e-06, -4.28312e-07, -2.93473e-06, -6.12597e-06, -9.94693e-06, -1.42814e-05, -1.89559e-05, -2.37484e-05, -2.84002e-05, -3.26332e-05, -3.61747e-05, -3.87824e-05, -4.02666e-05, -4.05089e-05
0.0152463, 0.0139127, 0.012735, 0.0117353, 0.0109015, 0.0101433, 0.00941959, 0.00861832, 0.00769358, 0.0065091, 0.00507995, 0.00333185, 0.00133956, -0.000927111, -0.00329534, -0.00572745, -0.0080338, -0.010155, -0.0118749, -0.0131512, -0.0138753, -0.0140323, -0.0135813, -0.0125746, -0.0111273, -0.00927199, -0.00720321, -0.00496359, -0.00280969, -0.000670127, 0.00115528, 0.00279033, 0.00400284, 0.00499835, 0.00554562, 0.005877, 0.00588971, 0.0057199, 0.00535877, 0.00488555, 0.00439614, 0.00377602, 0.00328802, 0.00269757, 0.00227829, 0.00177273, 0.00147567, 0.00110856, 0.000868208, 0.00067703, 0.000474869, 0.000393522, 0.000230418, 0.000238635, 8.16685e-05, 0.000132243, 4.25071e-05, 3.48327e-05, 4.68093e-05, -1.49673e-05, 4.69335e-05, -4.00265e-05, 5.40803e-05, -4.40696e-05, 2.63545e-05, 6.56097e-06, -3.69838e-05, 5.65919e-05, -5.87779e-05, 4.75106e-05, -2.93634e-05, 9.75538e-06, 1.01607e-05, -3.07152e-05, 4.97574e-05, -6.08798e-05, 5.62606e-05, -3.22425e-05, -6.35755e-06, 4.6606e-05, -7.27708e-05, 7.37248e-05, -4.83418e-05, 6.10617e-06, 3.71001e-05, -6.56575e-05, 7.01373e-05, -5.02039e-05, 1.3921e-05, 2.56279e-05, -5.48585e-05, 6.39413e-05, -4.98233e-05, 1.7378e-05, 2.17543e-05, -5.27255e-05, 6.27909e-05, -4.67318e-05, 1.00629e-05, 3.20188e-05, -6.04327e-05, 5.41035e-05, -2.50542e-05, -5.16824e-06, 2.20466e-05, -2.22839e-05, 1.15406e-05, 1.19018e-06, -8.94641e-06, 9.50009e-06, -4.94399e-06, -7.03747e-07, 4.1271e-06, -4.20491e-06, 1.9409e-06, 6.95959e-07, -2.11656e-06, 1.87783e-06, -6.09005e-07, -6.43307e-07, 1.13538e-06, -7.84067e-07, 4.26681e-08, 5.1516e-07, -5.82914e-07, 2.482e-07, 1.61112e-07, -3.5036e-07, 2.46847e-07, 3.05033e-09, -1.85908e-07, 1.86772e-07, -4.93884e-08, -9.07991e-08, 1.27065e-07, -5.58569e-08, -4.23523e-08, 8.32194e-08, -4.67434e-08, -2.02152e-08, 5.45187e-08, -3.49539e-08, -1.15871e-08, 3.60976e-08, -2.53272e-08, -1.01745e-08, 2.25771e-08, -2.04842e-08, -1.49083e-08, 7.56059e-09, -2.49865e-08, -3.05465e-08, -1.93032e-08, -4.94744e-08, -7.01102e-08, -7.58455e-08, -1.13394e-07, -1.5527e-07, -1.85922e-07, -2.39623e-07, -3.05663e-07, -3.62407e-07, -4.29004e-07, -5.03905e-07, -5.62225e-07, -6.05793e-07, -6.34595e-07, -6.23675e-07, -5.59811e-07, -4.407e-07, -2.47843e-07, 3.59219e-08, 4.10325e-07, 8.76155e-07, 1.43577e-06, 2.07447e-06, 2.76554e-06, 3.48155e-06, 4.1856e-06, 4.82724e-06, 5.35461e-06, 5.71853e-06, 5.86754e-06, 5.75321e-06, 5.33966e-06, 4.6028e-06, 3.52765e-06, 2.11251e-06, 3.71587e-07, -1.66957e-06, -3.97728e-06, -6.50822e-06, -9.20965e-06, -1.20226e-05, -1.48828e-05, -1.77185e-05, -2.04501e-05, -2.29922e-05, -2.52554e-05, -2.71487e-05
0.00470968, 0.00405765, 0.0036924, 0.00358929, 0.00370311, 0.00400452, 0.00444754, 0.00498585, 0.00553523, 0.00604794, 0.00645059, 0.00666789, 0.00661085, 0.00623492, 0.00550932, 0.00437909, 0.00286484, 0.000992497, -0.0011183, -0.00345552, -0.0058148, -0.00813249, -0.0101667, -0.0119324, -0.0131543, -0.0139073, -0.0140002, -0.0136016, -0.0125483, -0.011113, -0.00924711, -0.00718917, -0.00495105, -0.00276789, -0.000693149, 0.00120066, 0.00275544, 0.00405159, 0.0049368, 0.0056013, 0.00581721, 0.00592303, 0.00567969, 0.00537267, 0.00487265, 0.00437606, 0.00380807, 0.00323072, 0.00276262, 0.00220205, 0.00184889, 0.00140634, 0.00116378, 0.000836048, 0.000686231, 0.000496162, 0.000343879, 0.000309403, 0.000144145, 0.000177517, 5.41335e-05, 9.39593e-05, 1.56714e-05, 3.38067e-05, 3.27194e-05, -3.43709e-05, 6.72957e-05, -5.88098e-05, 4.66508e-05, -1.68477e-05, -8.78161e-06, 3.00738e-05, -4.22031e-05, 4.83619e-05, -4.82061e-05, 4.00941e-05, -2.11192e-05, -7.98236e-06, 4.06089e-05, -6.53044e-05, 7.08028e-05, -5.19994e-05, 1.35252e-05, 3.13144e-05, -6.58265e-05, 7.68916e-05, -6.0351e-05, 2.25439e-05, 2.23846e-05, -5.8009e-05, 7.16753e-05, -5.89003e-05, 2.47695e-05, 1.79388e-05, -5.3227e-05, 6.7569e-05, -5.50322e-05, 2.00137e-05, 2.37242e-05, -5.79123e-05, 6.71605e-05, -4.52896e-05, 1.12378e-05, 1.53599e-05, -2.51727e-05, 1.969e-05, -6.84477e-06, -4.75419e-06, 9.9966e-06, -8.49978e-06, 3.25721e-06, 1.87681e-06, -4.33753e-06, 3.72085e-06, -1.32728e-06, -1.01609e-06, 2.06205e-06, -1.63417e-06, 4.14522e-07, 6.72018e-07, -1.04009e-06, 6.82445e-07, -1.84133e-08, -4.64967e-07, 5.21142e-07, -2.31947e-07, -1.25925e-07, 3.0331e-07, -2.31224e-07, 2.23346e-08, 1.46719e-07, -1.69399e-07, 6.61148e-08, 5.85113e-08, -1.09136e-07, 6.57704e-08, 1.64137e-08, -6.67141e-08, 5.19138e-08, -9.12898e-10, -4.14253e-08, 3.62279e-08, -7.8758e-09, -2.96308e-08, 2.02104e-08, -1.4409e-08, -3.07105e-08, -1.08502e-09, -3.0431e-08, -4.99617e-08, -3.85133e-08, -6.91482e-08, -9.88195e-08, -1.0688e-07, -1.44824e-07, -1.88069e-07, -2.14341e-07, -2.58023e-07, -3.06546e-07, -3.35345e-07, -3.63232e-07, -3.8437e-07, -3.72982e-07, -3.34305e-07, -2.66702e-07, -1.47684e-07, 2.51009e-08, 2.46963e-07, 5.28524e-07, 8.69297e-07, 1.25337e-06, 1.6715e-06, 2.11121e-06, 2.54459e-06, 2.94414e-06, 3.28711e-06, 3.54419e-06, 3.68604e-06, 3.69442e-06, 3.55701e-06, 3.26488e-06, 2.82101e-06, 2.24039e-06, 1.54282e-06, 7.53199e-07, -9.66082e-08, -9.74042e-07, -1.85154e-06, -2.70591e-06, -3.51945e-06, -4.28468e-06, -5.00527e-06, -5.69282e-06, -6.36544e-06, -7.04773e-06, -7.76722e-06, -8.54886e-06, -9.41179e-06, -1.03673e-05, -1.14155e-05
0.000841369, 0.000686626, 0.000641061, 0.000681185, 0.000789642, 0.00100101, 0.00129801, 0.00168509, 0.00213371, 0.00269843, 0.00331854, 0.00400122, 0.00466579, 0.00535773, 0.005932, 0.00639564, 0.00660537, 0.00661021, 0.00621837, 0.00550812, 0.00435091, 0.00287417, 0.000969882, -0.00113912, -0.0034772, -0.00583106, -0.00815484, -0.0102012, -0.0119218, -0.0131884, -0.0138888, -0.0140278, -0.013548, -0.0125839, -0.0110488, -0.00926819, -0.00712909, -0.00497267, -0.00271575, -0.00070253, 0.00121448, 0.00276856, 0.00403045, 0.0049689, 0.00554728, 0.00587112, 0.00584677, 0.00574089, 0.00529977, 0.00492027, 0.00433472, 0.0038158, 0.00324102, 0.00272427, 0.00225664, 0.00177571, 0.00149265, 0.0010749, 0.000914774, 0.000638079, 0.000508361, 0.000370911, 0.00025511, 0.000219715, 9.00559e-05, 0.000148943, 6.11393e-06, 7.86267e-05, 1.75724e-05, -7.56042e-06, 5.64095e-05, -4.98615e-05, 5.43767e-05, -3.62358e-05, 2.19833e-05, -1.40913e-06, -1.83755e-05, 3.92712e-05, -5.47453e-05, 5.88197e-05, -4.56255e-05, 1.55976e-05, 2.35945e-05, -5.85427e-05, 7.55499e-05, -6.66191e-05, 3.34749e-05, 1.25289e-05, -5.4576e-05, 7.6901e-05, -7.09474e-05, 3.87462e-05, 7.73787e-06, -5.09992e-05, 7.45023e-05, -6.89698e-05, 3.61621e-05, 1.13535e-05, -5.46232e-05, 7.55761e-05, -6.45554e-05, 3.04618e-05, 4.04422e-06, -2.38721e-05, 2.56993e-05, -1.52231e-05, 1.55247e-06, 7.95259e-06, -1.03525e-05, 6.97067e-06, -1.38144e-06, -2.97909e-06, 4.38556e-06, -3.1071e-06, 6.55767e-07, 1.34019e-06, -1.98724e-06, 1.36302e-06, -1.91709e-07, -7.23551e-07, 9.52858e-07, -5.69198e-07, -3.03285e-08, 4.35854e-07, -4.62897e-07, 2.0068e-07, 1.11417e-07, -2.66472e-07, 2.08713e-07, -3.13736e-08, -1.19154e-07, 1.49748e-07, -7.07548e-08, -3.73792e-08, 9.06782e-08, -6.72869e-08, -1.53079e-09, 4.86729e-08, -5.33747e-08, 8.12025e-09, 2.07713e-08, -4.38289e-08, 1.94297e-09, -2.57526e-09, -4.69121e-08, -1.9222e-08, -3.32689e-08, -7.03829e-08, -6.07818e-08, -8.26305e-08, -1.20246e-07, -1.26165e-07, -1.52564e-07, -1.89075e-07, -1.99498e-07, -2.16535e-07, -2.34298e-07, -2.22478e-07, -1.99207e-07, -1.6251e-07, -8.73565e-08, 1.70615e-08, 1.47025e-07, 3.18732e-07, 5.24862e-07, 7.52845e-07, 1.00557e-06, 1.27202e-06, 1.53058e-06, 1.77121e-06, 1.98017e-06, 2.13418e-06, 2.2192e-06, 2.22713e-06, 2.14578e-06, 1.97018e-06, 1.70647e-06, 1.36183e-06, 9.46481e-07, 4.79716e-07, -1.69772e-08, -5.24731e-07, -1.02316e-06, -1.49193e-06, -1.91679e-06, -2.28863e-06, -2.60083e-06, -2.85193e-06, -3.04671e-06, -3.19281e-06, -3.29948e-06, -3.37909e-06, -3.44578e-06, -3.51291e-06, -3.59355e-06, -3.70145e-06, -3.84973e-06, -4.04974e-06, -4.31209e-06, -4.64678e-06
8.46336e-05, 6.71901e-05, 7.38931e-05, 7.83093e-05, 0.000104909, 0.000151802, 0.000239033, 0.000326136, 0.0004791, 0.000666997, 0.000936267, 0.00123665, 0.00165666, 0.00212445, 0.00269676, 0.00330486, 0.00400715, 0.00468103, 0.00535784, 0.00594162, 0.00640603, 0.00662729, 0.00659532, 0.0062451, 0.00549444, 0.00436584, 0.00283358, 0.000996274, -0.00119207, -0.00346867, -0.00588491, -0.00813915, -0.010258, -0.0119071, -0.0132165, -0.0138824, -0.0140296, -0.0135412, -0.0125536, -0.0110614, -0.0092061, -0.00715959, -0.00489701, -0.00275929, -0.000630179, 0.00116814, 0.00281764, 0.00399878, 0.00498157, 0.00554837, 0.00583309, 0.00589209, 0.0056642, 0.00536647, 0.00483965, 0.00439948, 0.00375023, 0.00328068, 0.00271052, 0.00222791, 0.00183932, 0.00140625, 0.00116759, 0.000832327, 0.000707154, 0.000461143, 0.000393488, 0.000271102, 0.000160883, 0.000190364, 2.92217e-05, 0.000116481, 8.97875e-06, 3.08406e-05, 3.5441e-05, -2.6252e-05, 5.11157e-05, -4.41632e-05, 4.43825e-05, -2.80055e-05, 7.19788e-06, 2.197e-05, -4.8627e-05, 6.49445e-05, -6.18348e-05, 3.75889e-05, 1.96248e-06, -4.36883e-05, 7.22572e-05, -7.60296e-05, 5.21892e-05, -8.43054e-06, -3.94534e-05, 7.33643e-05, -7.98672e-05, 5.56641e-05, -9.36437e-06, -4.13323e-05, 7.6219e-05, -8.05958e-05, 5.16178e-05, -1.10386e-05, -1.87184e-05, 2.91906e-05, -2.30685e-05, 9.07303e-06, 3.83505e-06, -1.03394e-05, 9.79349e-06, -4.91024e-06, -5.65703e-07, 3.87798e-06, -4.18875e-06, 2.34744e-06, 4.27156e-08, -1.62292e-06, 1.86e-06, -1.05749e-06, -4.57759e-08, 7.78202e-07, -8.61885e-07, 4.45754e-07, 9.35997e-08, -4.18848e-07, 4.06763e-07, -1.60115e-07, -1.11033e-07, 2.37941e-07, -1.83596e-07, 2.91553e-08, 1.00654e-07, -1.32129e-07, 6.65133e-08, 2.26921e-08, -7.84662e-08, 5.87053e-08, -1.36536e-08, -4.50124e-08, 3.54539e-08, -3.18388e-08, -3.49073e-08, 5.24128e-09, -5.0167e-08, -4.75826e-08, -3.37338e-08, -7.97105e-08, -8.07802e-08, -8.19621e-08, -1.19367e-07, -1.21959e-07, -1.24151e-07, -1.44811e-07, -1.34387e-07, -1.15835e-07, -1.00287e-07, -5.25098e-08, 1.30273e-08, 8.67277e-08, 1.91874e-07, 3.17727e-07, 4.51621e-07, 6.04955e-07, 7.66872e-07, 9.20048e-07, 1.06571e-06, 1.19321e-06, 1.28426e-06, 1.3359e-06, 1.34263e-06, 1.29273e-06, 1.18687e-06, 1.0299e-06, 8.21989e-07, 5.70998e-07, 2.91022e-07, -8.10411e-09, -3.15297e-07, -6.15289e-07, -8.9713e-07, -1.15395e-06, -1.37792e-06, -1.56426e-06, -1.71391e-06, -1.82873e-06, -1.91097e-06, -1.96638e-06, -2.002e-06, -2.02318e-06, -2.03528e-06, -2.04446e-06, -2.05521e-06, -2.0702e-06, -2.09208e-06, -2.12322e-06, -2.16465e-06, -2.217e-06, -2.28156e-06, -2.35986e-06, -2.45343e-06, -2.56454e-06
6.50831e-06, 8.33735e-06, 2.65245e-06, 2.35308e-06, 1.04442e-05, 1.97221e-05, 1.88284e-05, 3.80034e-05, 6.6539e-05, 0.000100603, 0.000141926, 0.000226276, 0.000337003, 0.000470889, 0.000664594, 0.000927045, 0.00125595, 0.00163535, 0.00213668, 0.00268953, 0.00333018, 0.00398166, 0.00471549, 0.00534931, 0.00597087, 0.00638906, 0.00666748, 0.00657987, 0.00626522, 0.0054851, 0.00437224, 0.00281689, 0.000982158, -0.00119616, -0.00351316, -0.00587858, -0.00819478, -0.0102355, -0.0119707, -0.0131738, -0.013939, -0.0139759, -0.0135756, -0.012505, -0.0110635, -0.00918247, -0.00712793, -0.00490402, -0.00270089, -0.00067675, 0.00124923, 0.00274402, 0.00406951, 0.00492502, 0.0055779, 0.00580942, 0.00588135, 0.00568288, 0.00530242, 0.004917, 0.00429588, 0.00383813, 0.00321016, 0.00274199, 0.00222597, 0.00181248, 0.00145678, 0.00109504, 0.000927064, 0.000605652, 0.000551617, 0.000344166, 0.000264359, 0.000228254, 8.28136e-05, 0.000149349, 1.6078e-05, 7.02624e-05, 1.77605e-05, 4.44111e-06, 4.04676e-05, -3.87996e-05, 5.47821e-05, -4.4754e-05, 2.97264e-05, 1.01901e-06, -3.31632e-05, 5.97374e-05, -6.83857e-05, 5.45978e-05, -2.04159e-05, -2.32223e-05, 6.09191e-05, -7.80304e-05, 6.68237e-05, -3.00262e-05, -1.94161e-05, 6.27975e-05, -8.27573e-05, 7.03922e-05, -2.94457e-05, -1.01413e-05, 3.02429e-05, -3.00262e-05, 1.72107e-05, -1.84411e-06, -8.62215e-06, 1.14758e-05, -8.20904e-06, 2.43065e-06, 2.40248e-06, -4.43375e-06, 3.69118e-06, -1.45668e-06, -7.19747e-07, 1.81762e-06, -1.65565e-06, 7.17913e-07, 2.81748e-07, -8.17562e-07, 7.57008e-07, -3.13465e-07, -1.62955e-07, 4.0549e-07, -3.50446e-07, 1.13344e-07, 1.18577e-07, -2.16005e-07, 1.55905e-07, -2.21671e-08, -9.25203e-08, 1.11894e-07, -6.49125e-08, -2.41509e-08, 5.58723e-08, -6.72267e-08, -2.71963e-09, 9.02786e-09, -6.47498e-08, -1.19993e-08, -3.03276e-08, -7.23787e-08, -3.85464e-08, -6.5171e-08, -8.76559e-08, -6.55505e-08, -8.53041e-08, -8.8964e-08, -6.29396e-08, -6.03092e-08, -3.60718e-08, 1.25004e-08, 5.16524e-08, 1.12921e-07, 1.94247e-07, 2.71072e-07, 3.6248e-07, 4.63475e-07, 5.53073e-07, 6.40435e-07, 7.19667e-07, 7.72757e-07, 8.03792e-07, 8.0981e-07, 7.78639e-07, 7.14833e-07, 6.21905e-07, 4.95884e-07, 3.44352e-07, 1.76914e-07, -3.91437e-09, -1.89771e-07, -3.69729e-07, -5.39925e-07, -6.9573e-07, -8.30283e-07, -9.42532e-07, -1.03367e-06, -1.10276e-06, -1.15183e-06, -1.18576e-06, -1.20735e-06, -1.21938e-06, -1.22656e-06, -1.23219e-06, -1.23778e-06, -1.24568e-06, -1.25793e-06, -1.27466e-06, -1.29591e-06, -1.32244e-06, -1.35397e-06, -1.38957e-06, -1.42911e-06, -1.47269e-06, -1.51961e-06, -1.5694e-06, -1.62244e-06, -1.67897e-06, -1.73885e-06
5.91979e-06, 4.96916e-06, -7.79861e-06, -4.62699e-07, 6.18923e-06, 2.86039e-06, -8.91229e-06, 9.56772e-06, 6.21438e-06, 8.69106e-06, 4.6679e-06, 3.69157e-05, 3.09571e-05, 6.59321e-05, 8.9163e-05, 0.000162922, 0.000206611, 0.000342953, 0.000462752, 0.000678343, 0.000905619, 0.00126934, 0.0016292, 0.00214037, 0.00268677, 0.00334057, 0.00398644, 0.00471345, 0.00537631, 0.00596231, 0.00641926, 0.0066511, 0.00662349, 0.0062297, 0.00552855, 0.00432546, 0.0028506, 0.000928738, -0.00117818, -0.00356355, -0.00588068, -0.00822593, -0.0102579, -0.011966, -0.0132196, -0.0138946, -0.0140265, -0.0135077, -0.0125524, -0.0109814, -0.00922281, -0.00706307, -0.00490408, -0.00269349, -0.000632809, 0.00121069, 0.00280557, 0.00400105, 0.00500244, 0.00548886, 0.00587358, 0.00583294, 0.0056727, 0.00533736, 0.00484031, 0.00437239, 0.00375192, 0.00328363, 0.00267276, 0.00227418, 0.0017944, 0.0014296, 0.00117267, 0.000814081, 0.000730368, 0.000452943, 0.000393783, 0.000278222, 0.000161922, 0.000182993, 4.35488e-05, 0.000106704, 1.20202e-05, 3.64494e-05, 2.89535e-05, -2.34424e-05, 5.49737e-05, -4.97312e-05, 4.48269e-05, -1.72804e-05, -1.39739e-05, 4.61931e-05, -6.42739e-05, 6.21609e-05, -3.7594e-05, -1.79736e-06, 4.26426e-05, -6.94291e-05, 7.10686e-05, -4.55371e-05, 1.58558e-06, 2.91528e-05, -3.61471e-05, 2.57309e-05, -8.72319e-06, -5.46302e-06, 1.20281e-05, -1.10376e-05, 5.65867e-06, 2.31534e-07, -3.90235e-06, 4.52457e-06, -2.88014e-06, 4.86237e-07, 1.31143e-06, -1.88112e-06, 1.36127e-06, -3.54598e-07, -4.96683e-07, 8.24846e-07, -6.31556e-07, 1.74822e-07, 2.2963e-07, -3.89488e-07, 2.89964e-07, -6.52546e-08, -1.32879e-07, 1.92694e-07, -1.33411e-07, 2.74188e-09, 7.75413e-08, -1.09534e-07, 3.94028e-08, 9.57846e-10, -7.46188e-08, 2.5274e-08, -4.15024e-08, -5.67198e-08, -5.53929e-09, -6.35138e-08, -5.26136e-08, -2.98685e-08, -6.55838e-08, -4.1074e-08, -2.4009e-08, -3.12478e-08, 8.27312e-09, 3.7622e-08, 6.13125e-08, 1.18681e-07, 1.66403e-07, 2.13762e-07, 2.8063e-07, 3.34449e-07, 3.82693e-07, 4.34593e-07, 4.66046e-07, 4.82306e-07, 4.88832e-07, 4.69574e-07, 4.29759e-07, 3.75791e-07, 2.99453e-07, 2.07239e-07, 1.07715e-07, -1.65557e-09, -1.1445e-07, -2.22005e-07, -3.24943e-07, -4.19621e-07, -5.001e-07, -5.67955e-07, -6.23603e-07, -6.64764e-07, -6.94267e-07, -7.15321e-07, -7.27995e-07, -7.34893e-07, -7.39674e-07, -7.42962e-07, -7.45852e-07, -7.50862e-07, -7.58394e-07, -7.68054e-07, -7.80878e-07, -7.97153e-07, -8.1592e-07, -8.3715e-07, -8.61169e-07, -8.87305e-07, -9.15064e-07, -9.44714e-07, -9.76116e-07, -1.0088e-06, -1.04283e-06, -1.0784e-06, -1.1153e-06, -1.15344e-06, -1.19305e-06, -1.23416e-06
1.79284e-07, -4.0448e-06, 1.92218e-06, 1.59819e-06, 5.0482e-07, -6.53572e-06, 8.55843e-06, -3.80073e-06, 7.62181e-07, -4.81283e-06, 1.35438e-05, -1.07661e-05, 6.89075e-06, 3.35287e-06, 1.7858e-05, -3.03798e-06, 3.53345e-05, 3.71173e-05, 6.19331e-05, 8.63158e-05, 0.000160827, 0.000216989, 0.000322804, 0.000477372, 0.000663653, 0.0009223, 0.00124087, 0.00166098, 0.00210996, 0.00272, 0.00331229, 0.0040254, 0.00468826, 0.00541691, 0.00594623, 0.00644909, 0.00664928, 0.00663482, 0.00624258, 0.00551166, 0.00434729, 0.00280738, 0.000961312, -0.00125274, -0.00352361, -0.00596122, -0.00819802, -0.0103158, -0.0119504, -0.0132508, -0.0138919, -0.0140045, -0.0135434, -0.0124712, -0.011039, -0.00913132, -0.00710537, -0.00483107, -0.00272287, -0.000589608, 0.00121416, 0.00277708, 0.00407186, 0.0049042, 0.00558286, 0.00578396, 0.00587871, 0.00564085, 0.00532714, 0.00486044, 0.00431529, 0.00382591, 0.00318129, 0.0027742, 0.00219098, 0.00182874, 0.00145746, 0.00108774, 0.000936284, 0.000608148, 0.00054685, 0.000353507, 0.000263174, 0.000226081, 9.11836e-05, 0.000143285, 2.16384e-05, 6.71994e-05, 2.38624e-05, -4.29998e-06, 5.13953e-05, -4.50758e-05, 5.07573e-05, -2.65509e-05, 6.93841e-07, 3.17838e-05, -5.2932e-05, 5.81415e-05, -4.21794e-05, 1.0522e-05, 2.63086e-05, -4.17705e-05, 3.47435e-05, -1.66694e-05, -1.0828e-06, 1.159e-05, -1.33606e-05, 8.93326e-06, -2.41055e-06, -2.73346e-06, 4.83278e-06, -4.0786e-06, 1.80061e-06, 4.76457e-07, -1.74615e-06, 1.78118e-06, -9.80306e-07, -1.16706e-08, 6.67741e-07, -7.87616e-07, 4.81774e-07, -3.74215e-08, -2.8858e-07, 3.60441e-07, -2.30144e-07, 9.37094e-09, 1.37508e-07, -1.82584e-07, 9.27165e-08, -4.37351e-09, -9.5277e-08, 6.9907e-08, -6.13215e-08, -4.07551e-08, 2.23273e-08, -7.09363e-08, -1.87097e-08, -1.02882e-08, -5.52585e-08, -2.88799e-09, -8.68131e-09, -1.38203e-08, 3.50119e-08, 3.7977e-08, 6.14021e-08, 1.09602e-07, 1.26459e-07, 1.64133e-07, 2.0758e-07, 2.27607e-07, 2.5964e-07, 2.84511e-07, 2.88138e-07, 2.93788e-07, 2.85294e-07, 2.57341e-07, 2.26495e-07, 1.82094e-07, 1.23999e-07, 6.53128e-08, 1.72571e-10, -6.94857e-08, -1.33427e-07, -1.95131e-07, -2.53364e-07, -3.01274e-07, -3.42011e-07, -3.76378e-07, -4.00733e-07, -4.1836e-07, -4.31642e-07, -4.38911e-07, -4.42852e-07, -4.4618e-07, -4.47898e-07, -4.49369e-07, -4.52749e-07, -4.57166e-07, -4.62686e-07, -4.707e-07, -4.80543e-07, -4.91546e-07, -5.04509e-07, -5.1916e-07, -5.34655e-07, -5.51387e-07, -5.69501e-07, -5.88301e-07, -6.07849e-07, -6.28551e-07, -6.50026e-07, -6.72058e-07, -6.95063e-07, -7.19031e-07, -7.43623e-07, -7.69036e-07, -7.95538e-07, -8.229e-07, -8.51032e-07, -8.80249e-07
-5.44971e-06, -4.15917e-06, 7.34237e-06, 1.3397e-06, -8.82067e-06, 4.11786e-06, 4.92689e-06, -4.33292e-06, -4.63472e-06, 8.40084e-06, -1.85512e-06, -4.98872e-06, 3.62297e-06, 2.65151e-06, -3.46135e-06, -5.20392e-08, 7.99145e-06, -6.32173e-06, 1.17402e-05, 4.51241e-06, 1.80551e-05, 1.07639e-05, 5.8819e-05, 4.075e-05, 0.000106594, 0.000136798, 0.000240404, 0.000296865, 0.000495992, 0.000647358, 0.000932115, 0.0012313, 0.00166344, 0.00211602, 0.0027108, 0.00333439, 0.00400336, 0.00473397, 0.0053832, 0.00600096, 0.0064144, 0.00670607, 0.0065951, 0.00629426, 0.00547454, 0.00436402, 0.00279782, 0.000933752, -0.00124751, -0.00357727, -0.00593836, -0.00828101, -0.010259, -0.0120434, -0.0131961, -0.013935, -0.0139859, -0.0135285, -0.0124761, -0.0109872, -0.00916526, -0.00700837, -0.00490522, -0.00261473, -0.000646431, 0.00125093, 0.00279675, 0.00402084, 0.00497346, 0.00549882, 0.00585417, 0.00579844, 0.00569487, 0.00527778, 0.0048614, 0.00434883, 0.00373555, 0.00329672, 0.00265, 0.00228167, 0.00179383, 0.00142501, 0.00117859, 0.000816316, 0.000727463, 0.000462557, 0.000387807, 0.000286637, 0.000157642, 0.00018785, 4.47873e-05, 0.000100228, 2.87559e-05, 1.3701e-05, 5.35458e-05, -3.88764e-05, 5.3466e-05, -2.6449e-05, 4.54074e-06, 2.79378e-05, -4.69108e-05, 4.49456e-05, -2.56708e-05, 4.46763e-06, 1.03671e-05, -1.52696e-05, 1.22297e-05, -5.39455e-06, -1.06245e-06, 4.67918e-06, -5.00991e-06, 3.10573e-06, -5.6196e-07, -1.31773e-06, 1.95686e-06, -1.50669e-06, 5.33813e-07, 3.48123e-07, -7.75408e-07, 6.94069e-07, -3.16389e-07, -9.79252e-08, 3.21541e-07, -3.28304e-07, 1.51986e-07, 2.62921e-08, -1.61928e-07, 1.41212e-07, -8.77178e-08, -3.85951e-08, 6.11167e-08, -9.24697e-08, 1.22717e-08, 3.71807e-09, -5.61028e-08, 2.89217e-08, -6.97731e-09, -4.82302e-09, 5.02412e-08, 2.60312e-08, 5.79294e-08, 9.26331e-08, 8.70554e-08, 1.25229e-07, 1.45226e-07, 1.47514e-07, 1.74319e-07, 1.76872e-07, 1.71349e-07, 1.75105e-07, 1.56065e-07, 1.33299e-07, 1.12424e-07, 7.48556e-08, 3.77338e-08, 2.10222e-09, -4.20534e-08, -8.12454e-08, -1.16291e-07, -1.53026e-07, -1.82091e-07, -2.05381e-07, -2.27242e-07, -2.41909e-07, -2.5175e-07, -2.60525e-07, -2.64813e-07, -2.66663e-07, -2.69185e-07, -2.70114e-07, -2.70628e-07, -2.73036e-07, -2.75619e-07, -2.7866e-07, -2.83781e-07, -2.89686e-07, -2.9607e-07, -3.04107e-07, -3.12978e-07, -3.22087e-07, -3.32317e-07, -3.43338e-07, -3.5447e-07, -3.66307e-07, -3.78927e-07, -3.91728e-07, -4.04976e-07, -4.18991e-07, -4.3337e-07, -4.48099e-07, -4.63532e-07, -4.7952e-07, -4.95895e-07, -5.12899e-07, -5.30583e-07, -5.4878e-07, -5.67571e-07, -5.87092e-07, -6.0727e-07, -6.28088e-07
1.10173e-06, 5.35803e-06, -4.31708e-06, -2.12303e-06, 3.66287e-06, 3.06001e-06, -9.19292e-06, 6.21715e-06, 1.24154e-06, -1.26995e-06, -8.01678e-06, 1.46847e-05, -9.74892e-06, 1.04074e-06, -2.62109e-06, 1.41621e-05, -2.05504e-05, 1.43617e-05, -5.46424e-06, 8.12747e-06, -1.6714e-05, 2.3615e-05, -1.53698e-05, 1.60212e-05, -9.57959e-07, 2.3839e-05, 8.9082e-06, 5.3329e-05, 4.91245e-05, 9.30989e-05, 0.000154763, 0.000213352, 0.000324308, 0.000463513, 0.00068051, 0.000890887, 0.00127323, 0.00161972, 0.00215694, 0.00268177, 0.0033599, 0.00399329, 0.00475427, 0.00538958, 0.00599714, 0.00645877, 0.00666681, 0.00666018, 0.00624353, 0.00552709, 0.00430818, 0.00284388, 0.000868283, -0.00122973, -0.00360712, -0.00598439, -0.00825203, -0.0103415, -0.0119932, -0.0132687, -0.0138749, -0.014045, -0.0134614, -0.0124989, -0.0109681, -0.00910253, -0.00706921, -0.00478519, -0.00269665, -0.00055889, 0.00121456, 0.00281434, 0.00403379, 0.00493545, 0.00555093, 0.00576804, 0.00588434, 0.00559352, 0.00534002, 0.004832, 0.00430633, 0.00382503, 0.0031654, 0.00277613, 0.00218842, 0.00182364, 0.00146482, 0.00108305, 0.000941884, 0.000610898, 0.00054249, 0.000368099, 0.000246705, 0.000246721, 7.83718e-05, 0.000145482, 3.85696e-05, 3.51598e-05, 6.51465e-05, -3.95002e-05, 6.64639e-05, -3.09351e-05, 1.39766e-05, 9.97966e-06, -1.62246e-05, 1.60134e-05, -8.52331e-06, 1.1024e-06, 4.19127e-06, -5.68557e-06, 4.36638e-06, -1.71649e-06, -6.69771e-07, 1.91507e-06, -1.90113e-06, 1.07073e-06, -6.78876e-08, -6.24304e-07, 7.93096e-07, -5.55486e-07, 1.29646e-07, 2.00727e-07, -3.4725e-07, 2.58775e-07, -9.78849e-08, -8.82972e-08, 1.42901e-07, -1.38927e-07, 3.54068e-08, 2.96682e-08, -7.91726e-08, 6.2656e-08, -1.145e-08, -7.25789e-09, 6.43706e-08, 6.56727e-09, 5.27343e-08, 7.60496e-08, 5.1241e-08, 9.69783e-08, 9.57461e-08, 9.04341e-08, 1.17193e-07, 1.02306e-07, 9.86839e-08, 1.01983e-07, 7.70592e-08, 6.55111e-08, 5.00841e-08, 1.95639e-08, 1.17215e-09, -2.25775e-08, -5.13827e-08, -6.94747e-08, -9.08674e-08, -1.11438e-07, -1.23122e-07, -1.36399e-07, -1.46945e-07, -1.51213e-07, -1.56842e-07, -1.60347e-07, -1.60336e-07, -1.62199e-07, -1.63251e-07, -1.62816e-07, -1.64552e-07, -1.66379e-07, -1.6772e-07, -1.71031e-07, -1.74754e-07, -1.78265e-07, -1.83282e-07, -1.88744e-07, -1.93992e-07, -2.00284e-07, -2.0702e-07, -2.13543e-07, -2.20764e-07, -2.28461e-07, -2.36022e-07, -2.44056e-07, -2.52606e-07, -2.61145e-07, -2.70025e-07, -2.79444e-07, -2.88993e-07, -2.98813e-07, -3.09175e-07, -3.19807e-07, -3.30684e-07, -3.42087e-07, -3.53891e-07, -3.6596e-07, -3.78519e-07, -3.91591e-07, -4.04996e-07, -4.18851e-07, -4.33295e-07, -4.48182e-07
4.90062e-06, 1.24592e-06, -5.0963e-06, 9.51508e-08, 7.53128e-06, -8.1724e-06, 2.40049e-06, 6.86174e-07, 3.49548e-06, -9.69446e-06, 1.1009e-05, -7.39476e-06, 4.00854e-06, -4.55863e-06, 8.55518e-06, -1.25759e-05, 1.2426e-05, -6.84994e-06, 1.00923e-06, -2.29954e-06, 9.93859e-06, -1.28288e-05, 4.32076e-06, 7.81946e-06, -8.92188e-06, 2.28238e-06, 3.35681e-06, 8.01491e-06, -1.21019e-05, 2.97602e-05, -8.36813e-06, 4.14718e-05, 2.06449e-05, 7.64623e-05, 6.85369e-05, 0.000176915, 0.000189169, 0.000337985, 0.000461015, 0.000666117, 0.000910622, 0.00124613, 0.0016496, 0.00212132, 0.00273219, 0.00330326, 0.00406342, 0.00470796, 0.00543657, 0.00598487, 0.00648195, 0.00667156, 0.00666432, 0.0062709, 0.00547872, 0.00437755, 0.00275115, 0.000932112, -0.00130709, -0.00359253, -0.00602364, -0.00826925, -0.0103512, -0.0120376, -0.0132214, -0.0139616, -0.0139408, -0.0135461, -0.0124188, -0.0109713, -0.00910818, -0.00698719, -0.00484708, -0.00259742, -0.000622531, 0.0012848, 0.00277298, 0.00405693, 0.00494065, 0.00549989, 0.0058439, 0.00576779, 0.00569592, 0.00525008, 0.00485411, 0.00433939, 0.0037221, 0.00329589, 0.0026429, 0.00227816, 0.00179927, 0.00141544, 0.00119224, 0.000807765, 0.000733108, 0.000471312, 0.000369737, 0.000315755, 0.000128379, 0.000206404, 4.34356e-05, 7.57156e-05, 4.00869e-05, 1.10821e-06, 3.07373e-05, -6.07638e-06, 6.93052e-06, 5.17837e-06, -5.27167e-06, 6.06215e-06, -2.72041e-06, 2.52065e-07, 1.75325e-06, -2.14438e-06, 1.57854e-06, -5.25619e-07, -3.70539e-07, 7.89874e-07, -7.30975e-07, 3.56946e-07, 3.34402e-08, -2.95848e-07, 3.17966e-07, -2.03115e-07, 1.43401e-08, 1.09483e-07, -1.46809e-07, 1.03927e-07, -7.83455e-09, -3.40484e-08, 9.17617e-08, -1.9906e-08, 4.41445e-08, 6.9142e-08, 1.53565e-08, 7.97626e-08, 5.98646e-08, 4.85884e-08, 8.25739e-08, 5.17653e-08, 5.49382e-08, 5.93034e-08, 3.01172e-08, 3.12308e-08, 1.76641e-08, -6.21873e-09, -1.0267e-08, -2.92627e-08, -4.59851e-08, -5.15823e-08, -6.73898e-08, -7.63119e-08, -7.99057e-08, -8.94251e-08, -9.207e-08, -9.30638e-08, -9.75273e-08, -9.69607e-08, -9.68774e-08, -9.90874e-08, -9.81717e-08, -9.86557e-08, -1.00762e-07, -1.01018e-07, -1.02774e-07, -1.05648e-07, -1.07351e-07, -1.10283e-07, -1.1397e-07, -1.1684e-07, -1.20604e-07, -1.24915e-07, -1.2864e-07, -1.3299e-07, -1.37796e-07, -1.42201e-07, -1.47049e-07, -1.52325e-07, -1.57355e-07, -1.62705e-07, -1.68485e-07, -1.74153e-07, -1.80053e-07, -1.86391e-07, -1.92741e-07, -1.9926e-07, -2.06211e-07, -2.133e-07, -2.20524e-07, -2.28151e-07, -2.36032e-07, -2.4406e-07, -2.52442e-07, -2.61171e-07, -2.70101e-07, -2.79342e-07, -2.88979e-07, -2.98906e-07, -3.09125e-07, -3.19751e-07
-4.21854e-06, -6.01052e-06, 7.8604e-06, 1.73768e-06, -9.83002e-06, 5.46041e-06, 5.11819e-06, -7.05628e-06, -2.56292e-06, 1.06345e-05, -6.04162e-06, -5.1495e-06, 8.22854e-06, 2.91995e-08, -7.54626e-06, 3.88153e-06, 6.36815e-06, -1.12909e-05, 7.57985e-06, -2.57033e-06, 2.98389e-06, -8.27307e-06, 1.4612e-05, -1.89809e-05, 1.87818e-05, -1.36847e-05, 9.93441e-06, -1.46834e-05, 2.56456e-05, -2.89581e-05, 2.15158e-05, -8.53075e-06, 1.02376e-05, -8.36558e-06, 2.2698e-05, 1.54444e-06, 2.58804e-05, 4.37513e-05, 3.99685e-05, 0.000114725, 0.000126367, 0.000230901, 0.000299183, 0.000497508, 0.000622774, 0.000949541, 0.00121467, 0.00166046, 0.00213566, 0.00270146, 0.00334819, 0.00402789, 0.0047607, 0.00539221, 0.00606017, 0.00642161, 0.00674577, 0.00663284, 0.00628065, 0.00550642, 0.00432567, 0.0027995, 0.000858954, -0.00126543, -0.00367847, -0.0059776, -0.008352, -0.010332, -0.0120517, -0.013278, -0.0138768, -0.014044, -0.0134337, -0.0124806, -0.0109155, -0.00908696, -0.00700003, -0.00477308, -0.00265084, -0.000534386, 0.00121603, 0.00284411, 0.00401312, 0.00494478, 0.00553398, 0.00575214, 0.00587398, 0.00557136, 0.00532918, 0.00481812, 0.00429353, 0.0038195, 0.00315506, 0.00277197, 0.00218687, 0.00181267, 0.00147345, 0.00106503, 0.000946736, 0.000599608, 0.000520481, 0.000333948, 0.000197469, 0.000165746, 7.38832e-05, 6.30242e-05, 3.70636e-05, 1.41669e-05, 1.90518e-05, 2.7172e-06, 4.99823e-06, 3.50101e-06, -1.18981e-06, 2.62103e-06, -7.06513e-07, 9.97855e-08, 7.78464e-07, -8.05873e-07, 5.8107e-07, -1.44133e-07, -1.88823e-07, 3.33523e-07, -2.74933e-07, 1.23066e-07, 5.35552e-08, -1.2028e-07, 1.48703e-07, -4.58468e-08, 1.76585e-08, 8.78088e-08, -2.86143e-08, 7.19048e-08, 4.06521e-08, 1.11637e-08, 6.82309e-08, 1.7351e-08, 2.76799e-08, 3.87438e-08, 1.05838e-09, 1.62315e-08, 2.83622e-09, -1.75377e-08, -9.55451e-09, -2.83883e-08, -3.61657e-08, -3.44857e-08, -4.89819e-08, -4.94274e-08, -5.03693e-08, -5.84052e-08, -5.5657e-08, -5.71541e-08, -6.05382e-08, -5.74646e-08, -5.91659e-08, -6.04621e-08, -5.8577e-08, -6.06719e-08, -6.16036e-08, -6.1263e-08, -6.3799e-08, -6.50742e-08, -6.59975e-08, -6.8852e-08, -7.06043e-08, -7.23808e-08, -7.54306e-08, -7.76186e-08, -7.99576e-08, -8.31628e-08, -8.57439e-08, -8.8501e-08, -9.18902e-08, -9.4855e-08, -9.79793e-08, -1.01607e-07, -1.04971e-07, -1.08461e-07, -1.12382e-07, -1.1617e-07, -1.20053e-07, -1.24316e-07, -1.2856e-07, -1.32877e-07, -1.37532e-07, -1.42262e-07, -1.47065e-07, -1.52167e-07, -1.57418e-07, -1.6276e-07, -1.68371e-07, -1.74186e-07, -1.80123e-07, -1.86309e-07, -1.92739e-07, -1.99331e-07, -2.06165e-07, -2.13271e-07, -2.20581e-07, -2.2814e-07
-1.38011e-06, 3.82599e-06, -1.57248e-06, -1.92932e-06, 1.51243e-06, 3.16052e-06, -7.02337e-06, 5.6142e-06, -7.68078e-07, -8.73174e-07, -4.3087e-06, 1.15757e-05, -1.2566e-05, 5.95413e-06, -6.14918e-07, 5.19264e-06, -1.60939e-05, 2.0692e-05, -1.35667e-05, 4.44701e-06, -5.89005e-06, 1.6654e-05, -2.36155e-05, 1.92293e-05, -1.00127e-05, 6.00603e-06, -8.52999e-06, 1.22555e-05, -1.34636e-05, 1.08707e-05, -3.02895e-06, -7.67363e-06, 1.3411e-05, -9.07602e-06, 3.96099e-06, -7.2235e-06, 2.22356e-05, -2.86531e-05, 3.62559e-05, -2.05235e-05, 3.55231e-05, 4.6765e-06, 5.08982e-05, 3.86977e-05, 0.000113838, 0.000128734, 0.000211576, 0.000337471, 0.000437564, 0.000687462, 0.000885037, 0.0012645, 0.00162264, 0.00216792, 0.00267325, 0.00337696, 0.0040273, 0.0047471, 0.00545494, 0.00599219, 0.00651933, 0.0066794, 0.00669698, 0.00625013, 0.00552571, 0.00431601, 0.00278281, 0.000872579, -0.00133994, -0.00361596, -0.00609983, -0.00827734, -0.010419, -0.0120451, -0.0132565, -0.0139526, -0.0139423, -0.0135228, -0.0123846, -0.0109501, -0.0090469, -0.00696881, -0.00479275, -0.00257486, -0.000599344, 0.00130647, 0.00277216, 0.00406368, 0.00492948, 0.00548907, 0.00582513, 0.00575043, 0.00567, 0.00523275, 0.00482571, 0.00431707, 0.00369507, 0.00326045, 0.00261481, 0.002225, 0.00175956, 0.00124523, 0.000932155, 0.000611361, 0.000447678, 0.000299899, 0.000193631, 0.000141073, 8.06903e-05, 5.73756e-05, 3.55411e-05, 1.88244e-05, 1.52397e-05, 6.01463e-06, 4.64023e-06, 2.99277e-06, 4.39767e-07, 1.46399e-06, 3.71431e-08, 1.36284e-07, 4.03861e-07, -2.70121e-07, 2.40995e-07, -7.58085e-09, -7.20845e-08, 1.62288e-07, -8.29224e-08, 5.8038e-08, 5.39463e-08, -3.82318e-08, 7.32723e-08, -3.26173e-09, 3.40541e-09, 3.83547e-08, -2.07499e-08, 1.11447e-08, 6.91255e-11, -2.4834e-08, -2.4546e-09, -2.50573e-08, -2.754e-08, -1.94178e-08, -3.64392e-08, -3.01736e-08, -3.06053e-08, -3.88782e-08, -3.19062e-08, -3.54323e-08, -3.7702e-08, -3.31083e-08, -3.69715e-08, -3.66341e-08, -3.47546e-08, -3.80741e-08, -3.72687e-08, -3.73788e-08, -4.00742e-08, -3.96867e-08, -4.09431e-08, -4.3178e-08, -4.3401e-08, -4.52124e-08, -4.7192e-08, -4.79678e-08, -5.00296e-08, -5.19334e-08, -5.31602e-08, -5.53609e-08, -5.73237e-08, -5.89209e-08, -6.12444e-08, -6.33587e-08, -6.52782e-08, -6.77457e-08, -7.00715e-08, -7.22937e-08, -7.49393e-08, -7.75163e-08, -8.00414e-08, -8.2904e-08, -8.57626e-08, -8.86028e-08, -9.17228e-08, -9.48926e-08, -9.80681e-08, -1.01485e-07, -1.04999e-07, -1.08537e-07, -1.12291e-07, -1.16182e-07, -1.20119e-07, -1.2425e-07, -1.28557e-07, -1.32935e-07, -1.37487e-07, -1.42248e-07, -1.47114e-07, -1.5214e-07, -1.57396e-07, -1.62802e-07
5.43975e-06, 2.07577e-06, -6.47108e-06, 1.20477e-06, 7.68272e-06, -9.76786e-06, 3.65982e-06, 1.85528e-06, 5.31835e-07, -7.97264e-06, 1.2112e-05, -9.52808e-06, 4.54556e-06, -2.85584e-06, 5.5961e-06, -9.93919e-06, 1.25237e-05, -1.11434e-05, 5.85011e-06, -5.30062e-07, 8.82653e-07, -7.42289e-06, 1.21331e-05, -6.73256e-06, -5.72698e-06, 1.28054e-05, -8.21688e-06, 3.35954e-07, -1.21713e-06, 1.14133e-05, -2.13462e-05, 2.46499e-05, -2.30616e-05, 1.97651e-05, -1.61381e-05, 1.56515e-05, -2.15517e-05, 2.91999e-05, -2.72459e-05, 1.47516e-05, -1.06641e-07, -3.35882e-06, 6.83561e-06, -1.20706e-06, 1.52652e-05, -6.63241e-07, 4.58361e-05, -2.4736e-06, 9.96305e-05, 5.65702e-05, 0.000163856, 0.000199052, 0.00032676, 0.000457453, 0.000658852, 0.000913506, 0.00122436, 0.00167956, 0.00209365, 0.00275674, 0.00331116, 0.00407651, 0.00474839, 0.00543673, 0.00605223, 0.00647221, 0.00674928, 0.00664512, 0.00631578, 0.00546439, 0.00436861, 0.00273696, 0.000859402, -0.00131578, -0.00372166, -0.00601113, -0.00841059, -0.0103519, -0.0121017, -0.0132756, -0.013899, -0.0140247, -0.0134181, -0.012458, -0.0108705, -0.00906181, -0.00695439, -0.00474613, -0.00262776, -0.000520345, 0.00121786, 0.00282805, 0.00399737, 0.00489778, 0.0054882, 0.00568943, 0.00578538, 0.00550006, 0.00520531, 0.00472206, 0.00415944, 0.00334329, 0.0025303, 0.00195618, 0.00144896, 0.00105527, 0.000777837, 0.000539261, 0.000387099, 0.000266095, 0.000178846, 0.000124911, 7.87953e-05, 5.33672e-05, 3.40656e-05, 2.02373e-05, 1.39209e-05, 7.31675e-06, 4.71828e-06, 2.91685e-06, 1.16581e-06, 1.12038e-06, 3.46797e-07, 2.06492e-07, 2.63037e-07, -5.60779e-08, 1.14154e-07, 2.0676e-08, -3.37076e-08, 6.51716e-08, -3.83634e-08, 5.41928e-09, 1.19025e-08, -3.65754e-08, 8.49076e-09, -1.98822e-08, -2.43902e-08, -4.59961e-09, -2.96278e-08, -1.74366e-08, -1.64333e-08, -2.81238e-08, -1.61369e-08, -2.23166e-08, -2.42301e-08, -1.77182e-08, -2.41399e-08, -2.1973e-08, -2.02842e-08, -2.46722e-08, -2.20425e-08, -2.30475e-08, -2.54833e-08, -2.37932e-08, -2.58078e-08, -2.70436e-08, -2.64647e-08, -2.86069e-08, -2.93232e-08, -2.9598e-08, -3.15627e-08, -3.2186e-08, -3.30186e-08, -3.47894e-08, -3.55318e-08, -3.67101e-08, -3.83697e-08, -3.93154e-08, -4.07188e-08, -4.23599e-08, -4.35324e-08, -4.51066e-08, -4.68042e-08, -4.82047e-08, -4.99354e-08, -5.17453e-08, -5.33711e-08, -5.52651e-08, -5.72297e-08, -5.90826e-08, -6.11556e-08, -6.3309e-08, -6.53985e-08, -6.76706e-08, -7.00419e-08, -7.23844e-08, -7.48795e-08, -7.74946e-08, -8.01124e-08, -8.28582e-08, -8.5742e-08, -8.86613e-08, -9.16899e-08, -9.48686e-08, -9.81179e-08, -1.01466e-07, -1.04969e-07, -1.08578e-07, -1.12286e-07, -1.16147e-07
-4.68009e-06, -6.02979e-06, 9.17264e-06, -4.01877e-07, -9.62541e-06, 8.63742e-06, 1.92358e-06, -8.73287e-06, 3.20114e-06, 7.87314e-06, -1.08203e-05, 2.01002e-06, 7.95266e-06, -7.62747e-06, -1.43086e-06, 7.41773e-06, -3.07766e-06, -6.51067e-06, 1.16169e-05, -9.37569e-06, 4.89403e-06, -3.55844e-06, 6.35697e-06, -1.18995e-05, 1.82677e-05, -2.17902e-05, 1.87463e-05, -1.14507e-05, 8.84845e-06, -1.62447e-05, 2.66303e-05, -2.78823e-05, 1.79792e-05, -7.05482e-06, 3.73393e-06, -5.9795e-06, 7.5454e-06, -6.26007e-06, 1.68809e-06, 8.36317e-06, -2.20527e-05, 3.04256e-05, -2.72567e-05, 1.98559e-05, -1.78777e-05, 2.4041e-05, -2.6999e-05, 3.16087e-05, -2.29576e-05, 2.47259e-05, 1.22623e-05, 4.58905e-06, 5.77795e-05, 3.43199e-05, 0.000112853, 0.000114865, 0.000239725, 0.000284581, 0.00049708, 0.000621065, 0.000928048, 0.00124072, 0.00162639, 0.00217411, 0.00266845, 0.00339842, 0.00402191, 0.00479117, 0.00543273, 0.00606008, 0.00650006, 0.00672752, 0.00670391, 0.0062476, 0.00555363, 0.00427511, 0.00279631, 0.000814309, -0.00135824, -0.00367146, -0.00614446, -0.00831765, -0.0104778, -0.0120635, -0.0133035, -0.0139575, -0.0139584, -0.0135315, -0.0123784, -0.0109636, -0.00905246, -0.0069868, -0.00484015, -0.00261918, -0.000685501, 0.00120525, 0.00266701, 0.0039023, 0.00480671, 0.00531071, 0.00567418, 0.00506313, 0.00447651, 0.00378106, 0.00311691, 0.00253519, 0.00198376, 0.00154792, 0.00117237, 0.000872626, 0.000646062, 0.000462049, 0.000332213, 0.000232741, 0.000160238, 0.000111155, 7.34214e-05, 4.94036e-05, 3.2223e-05, 2.01937e-05, 1.32589e-05, 7.77804e-06, 4.83032e-06, 2.94923e-06, 1.5062e-06, 1.03439e-06, 4.76161e-07, 2.49239e-07, 1.97084e-07, 1.73927e-08, 5.52253e-08, 1.31826e-08, -2.41359e-08, 1.74821e-08, -2.46168e-08, -1.12246e-08, -2.5123e-09, -2.47733e-08, -5.16823e-09, -1.34947e-08, -1.78115e-08, -6.89879e-09, -1.70724e-08, -1.32709e-08, -1.08754e-08, -1.7144e-08, -1.23575e-08, -1.42894e-08, -1.66801e-08, -1.36868e-08, -1.66753e-08, -1.69076e-08, -1.58953e-08, -1.84503e-08, -1.79848e-08, -1.82831e-08, -2.00916e-08, -1.9706e-08, -2.06557e-08, -2.18922e-08, -2.18556e-08, -2.30484e-08, -2.39783e-08, -2.43071e-08, -2.55564e-08, -2.63867e-08, -2.70147e-08, -2.82668e-08, -2.91241e-08, -2.99816e-08, -3.12451e-08, -3.21965e-08, -3.32347e-08, -3.45399e-08, -3.56194e-08, -3.68119e-08, -3.81916e-08, -3.9418e-08, -4.07558e-08, -4.22387e-08, -4.36255e-08, -4.51116e-08, -4.67223e-08, -4.82819e-08, -4.99276e-08, -5.16878e-08, -5.34334e-08, -5.52549e-08, -5.71858e-08, -5.91319e-08, -6.11489e-08, -6.32724e-08, -6.5436e-08, -6.76705e-08, -7.00099e-08, -7.24103e-08, -7.48865e-08, -7.74674e-08, -8.01265e-08, -8.2871e-08
5.31228e-07, 5.3686e-06, -5.1259e-06, -6.09211e-07, 4.51613e-06, -1.19289e-06, -6.3383e-06, 9.78938e-06, -5.19088e-06, -1.94329e-06, 2.39077e-06, 5.92248e-06, -1.46298e-05, 1.40949e-05, -5.11301e-06, -1.13218e-06, -4.03364e-06, 1.603e-05, -2.19841e-05, 1.59868e-05, -5.99512e-06, 3.91885e-06, -1.161e-05, 2.00055e-05, -2.08778e-05, 1.51266e-05, -8.7543e-06, 5.17213e-06, -4.46367e-06, 6.58643e-06, -1.0201e-05, 9.92706e-06, -9.33362e-07, -1.27179e-05, 2.00298e-05, -1.62632e-05, 9.46907e-06, -1.00852e-05, 1.83593e-05, -2.69236e-05, 3.15064e-05, -3.22369e-05, 2.77449e-05, -1.69654e-05, 5.94755e-06, -3.16959e-06, 7.33529e-06, -7.60978e-06, -7.70386e-07, 1.39364e-05, -2.48803e-05, 3.7195e-05, -3.96926e-05, 4.10787e-05, -1.78638e-05, 2.77057e-05, 7.94543e-06, 4.47316e-05, 5.07264e-05, 8.84259e-05, 0.000149145, 0.000184214, 0.000358186, 0.000409003, 0.000697407, 0.000874899, 0.00125426, 0.00165041, 0.00211963, 0.00274094, 0.00333136, 0.00409224, 0.00474212, 0.00548768, 0.00603234, 0.00653038, 0.00673508, 0.0066719, 0.0063129, 0.00544808, 0.00436298, 0.00267539, 0.000830459, -0.00140901, -0.00378624, -0.00611335, -0.00851925, -0.0104502, -0.0122376, -0.0133758, -0.0140282, -0.0141439, -0.0135248, -0.0125889, -0.0109665, -0.00916787, -0.00705399, -0.00479984, -0.00270526, -0.000520987, 0.00122836, 0.00251987, 0.00321621, 0.00353117, 0.00358059, 0.00336896, 0.0030716, 0.00268067, 0.00227323, 0.00188606, 0.00151683, 0.00120314, 0.000930732, 0.000706775, 0.000529866, 0.000387571, 0.000281511, 0.000200517, 0.000140599, 9.81231e-05, 6.65714e-05, 4.51211e-05, 2.996e-05, 1.93736e-05, 1.26445e-05, 7.81222e-06, 4.86389e-06, 2.98609e-06, 1.68303e-06, 1.04489e-06, 5.56615e-07, 2.97578e-07, 1.89647e-07, 6.37748e-08, 4.82876e-08, 2.04027e-08, -6.51012e-09, 8.2027e-09, -1.0234e-08, -8.14187e-09, -2.68232e-09, -1.35248e-08, -6.01274e-09, -8.36949e-09, -1.19438e-08, -6.86407e-09, -1.11925e-08, -1.07272e-08, -9.05395e-09, -1.23719e-08, -1.07851e-08, -1.1244e-08, -1.30291e-08, -1.17938e-08, -1.30708e-08, -1.37982e-08, -1.32916e-08, -1.46418e-08, -1.48919e-08, -1.49977e-08, -1.61572e-08, -1.63152e-08, -1.68094e-08, -1.7767e-08, -1.80173e-08, -1.87241e-08, -1.95553e-08, -1.99576e-08, -2.07769e-08, -2.15638e-08, -2.2121e-08, -2.30099e-08, -2.38149e-08, -2.45133e-08, -2.54617e-08, -2.63264e-08, -2.71535e-08, -2.81676e-08, -2.9118e-08, -3.00676e-08, -3.11605e-08, -3.22141e-08, -3.32862e-08, -3.44733e-08, -3.56437e-08, -3.68432e-08, -3.81409e-08, -3.94409e-08, -4.07761e-08, -4.22009e-08, -4.36437e-08, -4.51261e-08, -4.66946e-08, -4.8295e-08, -4.99384e-08, -5.16679e-08, -5.34421e-08, -5.5263e-08, -5.71718e-08, -5.91377e-08
3.76689e-06, -1.2304e-06, -2.41708e-06, 2.23508e-06, 2.16717e-06, -6.55302e-06, 7.07174e-06, -4.14604e-06, 1.39328e-06, -1.79302e-06, 5.34724e-06, -9.54623e-06, 1.12446e-05, -8.8172e-06, 3.97716e-06, -1.43989e-06, 4.89875e-06, -1.21258e-05, 1.55189e-05, -9.88121e-06, -4.60121e-07, 4.97527e-06, 1.15238e-06, -1.04379e-05, 1.10622e-05, -6.24202e-07, -1.12643e-05, 1.46355e-05, -1.00099e-05, 5.5357e-06, -6.47325e-06, 1.15691e-05, -1.81164e-05, 2.48847e-05, -2.90523e-05, 2.61064e-05, -1.67432e-05, 9.73675e-06, -1.24755e-05, 2.07006e-05, -2.32066e-05, 1.56102e-05, -3.52103e-06, -7.22789e-06, 1.59545e-05, -2.17099e-05, 2.12374e-05, -1.64504e-05, 1.62248e-05, -2.47834e-05, 3.46854e-05, -3.66947e-05, 3.09669e-05, -2.07953e-05, 7.1255e-06, 1.05674e-05, -2.03368e-05, 2.50354e-05, -1.7214e-05, 3.00385e-05, -1.56989e-05, 5.06836e-05, 8.03828e-07, 8.90725e-05, 6.30731e-05, 0.000142414, 0.000225617, 0.000279206, 0.000500874, 0.000598714, 0.000946865, 0.00120513, 0.00165356, 0.00213148, 0.00269399, 0.00337284, 0.00402153, 0.00478799, 0.00540201, 0.00606677, 0.00644517, 0.00671132, 0.00662346, 0.00618502, 0.00544799, 0.00414877, 0.00266288, 0.000626479, -0.00151521, -0.00388063, -0.00631808, -0.00849222, -0.0106382, -0.0121559, -0.0133846, -0.0139472, -0.0138962, -0.0134078, -0.0121531, -0.0107045, -0.00869887, -0.00604947, -0.00374116, -0.00180062, -0.000346359, 0.000767173, 0.00149296, 0.00192636, 0.00213016, 0.00213702, 0.00203341, 0.00184225, 0.00161173, 0.00137101, 0.00113203, 0.000916312, 0.000724192, 0.000561081, 0.000427554, 0.000318979, 0.000234969, 0.000170081, 0.000121226, 8.5545e-05, 5.91729e-05, 4.05879e-05, 2.73904e-05, 1.81173e-05, 1.19259e-05, 7.60369e-06, 4.80618e-06, 2.99403e-06, 1.77839e-06, 1.08275e-06, 6.16532e-07, 3.42827e-07, 2.03155e-07, 9.44307e-08, 5.43952e-08, 2.70477e-08, 4.48999e-09, 5.86262e-09, -3.94365e-09, -5.77773e-09, -3.22202e-09, -8.62088e-09, -6.09833e-09, -6.54487e-09, -8.88618e-09, -6.65078e-09, -8.38803e-09, -8.81201e-09, -7.84214e-09, -9.50199e-09, -9.16841e-09, -9.19894e-09, -1.03423e-08, -9.96486e-09, -1.05111e-08, -1.12011e-08, -1.10578e-08, -1.17758e-08, -1.22107e-08, -1.23336e-08, -1.30598e-08, -1.3408e-08, -1.374e-08, -1.44292e-08, -1.47925e-08, -1.5269e-08, -1.59311e-08, -1.63586e-08, -1.69346e-08, -1.75963e-08, -1.81069e-08, -1.87593e-08, -1.94472e-08, -2.00463e-08, -2.07674e-08, -2.15034e-08, -2.21923e-08, -2.29836e-08, -2.37848e-08, -2.45654e-08, -2.54329e-08, -2.63135e-08, -2.71896e-08, -2.81419e-08, -2.91143e-08, -3.00922e-08, -3.11391e-08, -3.2215e-08, -3.33032e-08, -3.44556e-08, -3.56467e-08, -3.68558e-08, -3.81257e-08, -3.94444e-08, -4.07866e-08, -4.21873e-08
-5.91953e-06, -3.48636e-06, 8.96396e-06, -4.03273e-06, -5.88509e-06, 9.88514e-06, -3.98259e-06, -4.77526e-06, 6.69265e-06, -1.81029e-07, -7.21043e-06, 7.7382e-06, -1.53588e-06, -4.76349e-06, 5.81958e-06, -2.32416e-06, -1.38405e-06, 2.11996e-06, 5.96863e-07, -5.76989e-06, 1.13023e-05, -1.3719e-05, 1.057e-05, -4.59629e-06, 3.23344e-06, -1.09452e-05, 2.24883e-05, -2.70486e-05, 2.03534e-05, -1.01552e-05, 7.43808e-06, -1.39851e-05, 2.17014e-05, -2.31311e-05, 1.83906e-05, -1.11985e-05, 3.19028e-06, 4.42594e-06, -7.69678e-06, 4.35157e-06, -1.12573e-07, 4.24181e-06, -1.76241e-05, 3.0659e-05, -3.49622e-05, 3.18529e-05, -2.65616e-05, 2.03212e-05, -1.33815e-05, 1.00247e-05, -1.27476e-05, 1.49183e-05, -7.64258e-06, -8.01327e-06, 2.32504e-05, -3.3728e-05, 4.02941e-05, -4.08907e-05, 3.22289e-05, -1.92395e-05, 1.16268e-05, -8.50111e-06, 6.40619e-06, 4.06632e-06, -4.34005e-06, 2.76917e-05, -1.80497e-05, 7.44053e-05, -1.87937e-06, 0.000116197, 9.63801e-05, 0.000194361, 0.000305677, 0.00038577, 0.000652444, 0.000812055, 0.0012125, 0.00154548, 0.00206478, 0.00261867, 0.0032457, 0.00396639, 0.0046227, 0.00536785, 0.00590019, 0.00642333, 0.00660851, 0.00659363, 0.00622273, 0.00541988, 0.00434649, 0.00271012, 0.000924195, -0.00128622, -0.00356717, -0.00587431, -0.00819418, -0.0100858, -0.0118354, -0.0129186, -0.0135819, -0.0123123, -0.0106478, -0.00888843, -0.00701362, -0.00525344, -0.00364386, -0.00224006, -0.00110394, -0.000201244, 0.000451186, 0.000893376, 0.00115843, 0.00127395, 0.00128635, 0.00122017, 0.00110726, 0.000970376, 0.000823783, 0.000682468, 0.000551634, 0.000436413, 0.000338765, 0.000257665, 0.00019291, 0.000141954, 0.000102817, 7.35299e-05, 5.17104e-05, 3.59504e-05, 2.46329e-05, 1.65969e-05, 1.10696e-05, 7.22103e-06, 4.64612e-06, 2.94437e-06, 1.80833e-06, 1.10848e-06, 6.54978e-07, 3.76532e-07, 2.19792e-07, 1.15183e-07, 6.30726e-08, 3.29024e-08, 1.17567e-08, 6.41482e-09, -5.29101e-10, -3.63806e-09, -3.02175e-09, -5.89455e-09, -5.37024e-09, -5.36416e-09, -6.78181e-09, -5.91324e-09, -6.59056e-09, -7.13115e-09, -6.67054e-09, -7.49022e-09, -7.60287e-09, -7.58173e-09, -8.27639e-09, -8.28217e-09, -8.54765e-09, -9.07762e-09, -9.13881e-09, -9.54751e-09, -9.9657e-09, -1.01342e-08, -1.06008e-08, -1.09725e-08, -1.12474e-08, -1.17364e-08, -1.21106e-08, -1.24751e-08, -1.29802e-08, -1.33867e-08, -1.38251e-08, -1.43532e-08, -1.48085e-08, -1.53113e-08, -1.58732e-08, -1.63868e-08, -1.69504e-08, -1.75573e-08, -1.81353e-08, -1.87607e-08, -1.94228e-08, -2.00708e-08, -2.0762e-08, -2.14884e-08, -2.22125e-08, -2.29756e-08, -2.37753e-08, -2.45822e-08, -2.54247e-08, -2.63064e-08, -2.72041e-08, -2.81347e-08, -2.91077e-08, -3.0105e-08
5.35811e-06, 6.32251e-06, -1.13766e-05, 4.61936e-06, 6.09316e-06, -8.55628e-06, -3.95058e-07, 1.14775e-05, -1.31685e-05, 4.26619e-06, 4.93169e-06, -3.95865e-06, -6.5663e-06, 1.60038e-05, -1.54702e-05, 7.04335e-06, -6.36656e-07, 2.96484e-06, -1.12549e-05, 1.76832e-05, -1.79197e-05, 1.39305e-05, -9.84921e-06, 7.86644e-06, -8.54751e-06, 1.22352e-05, -1.7491e-05, 1.94755e-05, -1.36549e-05, 2.35683e-06, 5.2761e-06, -2.74648e-06, -5.53293e-06, 8.47594e-06, -7.79445e-07, -1.18823e-05, 2.07405e-05, -2.33186e-05, 2.25669e-05, -2.03111e-05, 1.66998e-05, -1.47956e-05, 1.92023e-05, -2.80943e-05, 3.19604e-05, -2.42253e-05, 9.48715e-06, 2.84246e-06, -9.71783e-06, 1.39167e-05, -1.62466e-05, 1.52559e-05, -1.48685e-05, 2.09678e-05, -3.30722e-05, 3.98138e-05, -3.7658e-05, 2.62021e-05, -1.57175e-05, -3.43861e-06, 1.50736e-05, -3.16711e-05, 2.17056e-05, -3.31292e-05, 1.54534e-05, -4.14962e-05, 8.02839e-06, -4.85241e-05, -4.75449e-06, -4.74345e-05, -4.44845e-05, -1.64475e-05, -8.13502e-05, 1.7857e-05, -6.83978e-05, 6.27763e-05, 5.90512e-05, 0.000171727, 0.000328677, 0.000461902, 0.000806515, 0.00105664, 0.00156315, 0.00202803, 0.00267366, 0.00337054, 0.00409283, 0.0049159, 0.00559859, 0.00632889, 0.00676969, 0.00708701, 0.00703978, 0.00664095, 0.00589655, 0.00462046, 0.0030823, 0.00103722, -0.00116681, -0.00359213, -0.00607611, -0.00744012, -0.00838665, -0.0087245, -0.00864973, -0.00817528, -0.00738793, -0.0064255, -0.00533115, -0.004226, -0.00316101, -0.00218925, -0.00135497, -0.00066278, -0.000125949, 0.000268536, 0.000535847, 0.000693067, 0.000765547, 0.000771853, 0.000733023, 0.000665941, 0.000583179, 0.000496035, 0.000410769, 0.00033227, 0.000263185, 0.000204178, 0.000155602, 0.000116488, 8.5772e-05, 6.22492e-05, 4.44682e-05, 3.13548e-05, 2.18018e-05, 1.49311e-05, 1.01026e-05, 6.71562e-06, 4.39806e-06, 2.83673e-06, 1.78691e-06, 1.11256e-06, 6.75304e-07, 3.99526e-07, 2.35149e-07, 1.30778e-07, 7.22258e-08, 3.88007e-08, 1.74732e-08, 8.39892e-09, 1.9654e-09, -1.67875e-09, -2.32639e-09, -4.13151e-09, -4.40162e-09, -4.41345e-09, -5.26606e-09, -5.02653e-09, -5.30261e-09, -5.74686e-09, -5.58926e-09, -6.00385e-09, -6.23143e-09, -6.25172e-09, -6.67112e-09, -6.81878e-09, -6.98564e-09, -7.36408e-09, -7.51527e-09, -7.77716e-09, -8.11976e-09, -8.3128e-09, -8.63157e-09, -8.96e-09, -9.20653e-09, -9.562e-09, -9.89776e-09, -1.0198e-08, -1.05832e-08, -1.09425e-08, -1.12938e-08, -1.17093e-08, -1.21034e-08, -1.25043e-08, -1.29543e-08, -1.3391e-08, -1.38417e-08, -1.43318e-08, -1.48172e-08, -1.53202e-08, -1.58566e-08, -1.63962e-08, -1.69552e-08, -1.75444e-08, -1.81437e-08, -1.87639e-08, -1.94125e-08, -2.00774e-08, -2.07649e-08, -2.148e-08
-2.72885e-06, -6.35292e-06, 8.92705e-06, -2.82677e-06, -4.88384e-06, 5.2972e-06, 2.94294e-06, -1.199e-05, 1.27913e-05, -4.66028e-06, -3.60919e-06, 2.66676e-06, 7.43356e-06, -1.68459e-05, 1.60111e-05, -5.81164e-06, -3.15282e-06, 1.67528e-06, 8.42199e-06, -1.64951e-05, 1.44597e-05, -4.71804e-06, -3.52377e-06, 4.32124e-06, 1.49671e-07, -3.94883e-06, 3.87143e-06, -4.02341e-07, -5.46085e-06, 1.29666e-05, -1.91771e-05, 1.94574e-05, -1.31557e-05, 7.07766e-06, -9.58009e-06, 2.0629e-05, -3.06712e-05, 3.09442e-05, -2.25795e-05, 1.3383e-05, -8.07196e-06, 5.51047e-06, -4.30511e-06, 5.26672e-06, -6.72895e-06, 2.33871e-06, 1.09647e-05, -2.69923e-05, 3.50047e-05, -3.36176e-05, 2.74585e-05, -2.36993e-05, 1.76117e-05, -1.5479e-05, 1.15486e-05, -1.92666e-05, 1.02632e-05, -8.27408e-06, -2.30516e-05, 1.82272e-05, -5.32366e-05, 2.46454e-05, -6.70861e-05, -1.84194e-06, -5.52755e-05, -4.57869e-05, -5.99713e-05, -8.17896e-05, -7.25471e-05, -0.00011924, -9.07256e-05, -0.000158642, -9.52446e-05, -0.000179867, -0.000111573, -0.000148706, -0.000119432, -5.5247e-05, -8.52332e-05, 8.40743e-05, 6.80438e-05, 0.000281787, 0.000377199, 0.000587712, 0.000874095, 0.00111017, 0.00157937, 0.00192593, 0.00252663, 0.00306901, 0.00372431, 0.00443732, 0.00505855, 0.00578716, 0.00625522, 0.00671356, 0.00684211, 0.00671763, 0.00629326, 0.00537885, 0.00421911, 0.00233036, 0.000601234, -0.00105818, -0.0024947, -0.00363892, -0.00450991, -0.00503107, -0.0052602, -0.00520528, -0.00491318, -0.00445075, -0.00385995, -0.00320918, -0.00254198, -0.00190065, -0.00131958, -0.000815068, -0.000401041, -7.7486e-05, 0.000160162, 0.000320225, 0.000415898, 0.000459176, 0.000463444, 0.000440515, 0.000400145, 0.000350858, 0.000298443, 0.000247297, 0.000200212, 0.000158582, 0.000123179, 9.39025e-05, 7.03408e-05, 5.18635e-05, 3.76358e-05, 2.69283e-05, 1.89986e-05, 1.32114e-05, 9.06962e-06, 6.13052e-06, 4.08314e-06, 2.67926e-06, 1.724e-06, 1.09292e-06, 6.7864e-07, 4.1179e-07, 2.46501e-07, 1.42337e-07, 8.04675e-08, 4.44026e-08, 2.2262e-08, 1.08978e-08, 4.09237e-09, 6.94337e-11, -1.41692e-09, -2.85303e-09, -3.44833e-09, -3.59191e-09, -4.13633e-09, -4.16955e-09, -4.31126e-09, -4.63475e-09, -4.63388e-09, -4.86034e-09, -5.08217e-09, -5.14542e-09, -5.40672e-09, -5.58461e-09, -5.71884e-09, -5.9854e-09, -6.15871e-09, -6.34985e-09, -6.61558e-09, -6.80724e-09, -7.04093e-09, -7.31102e-09, -7.53212e-09, -7.79932e-09, -8.08206e-09, -8.33726e-09, -8.63427e-09, -8.93758e-09, -9.22891e-09, -9.55577e-09, -9.88628e-09, -1.02153e-08, -1.05743e-08, -1.09375e-08, -1.13062e-08, -1.17009e-08, -1.21018e-08, -1.25128e-08, -1.29474e-08, -1.33906e-08, -1.38475e-08, -1.43268e-08, -1.48171e-08, -1.53242e-08
-8.1145e-07, 4.14018e-06, -3.11491e-06, -1.04275e-06, 3.94577e-06, -2.3153e-06, -2.78061e-06, 6.68909e-06, -5.40029e-06, -4.20918e-07, 5.47469e-06, -4.51643e-06, -2.22546e-06, 8.3699e-06, -7.06493e-06, -1.85264e-06, 1.06991e-05, -1.10497e-05, 2.58629e-06, 5.76646e-06, -4.51321e-06, -6.52855e-06, 1.77942e-05, -1.97756e-05, 1.25599e-05, -4.92652e-06, 4.68977e-06, -1.14664e-05, 1.90718e-05, -2.28614e-05, 2.26987e-05, -1.98665e-05, 1.46122e-05, -8.34611e-06, 5.54095e-06, -9.63946e-06, 1.69782e-05, -1.8384e-05, 8.84486e-06, 6.10163e-06, -1.64661e-05, 1.81904e-05, -1.60462e-05, 1.45837e-05, -1.5214e-05, 1.58279e-05, -2.12377e-05, 2.83918e-05, -3.75548e-05, 3.1091e-05, -2.28218e-05, 8.1351e-07, -1.38051e-06, -1.79637e-05, 2.97318e-06, -3.06503e-05, -4.28962e-06, -4.14661e-05, -7.36732e-06, -7.60343e-05, -1.04898e-05, -9.58756e-05, -4.97887e-05, -9.73708e-05, -0.000109052, -8.76023e-05, -0.000163967, -0.000100227, -0.000177684, -0.000117793, -0.000166728, -0.000120513, -0.000124548, -8.58704e-05, -5.30535e-05, -2.98314e-05, 6.33655e-05, 5.32443e-05, 0.000190332, 0.000160315, 0.000294409, 0.000300794, 0.000351189, 0.000434203, 0.000391811, 0.000543391, 0.000479174, 0.000635221, 0.000680459, 0.000819513, 0.00107116, 0.00124388, 0.00171143, 0.00204866, 0.00266728, 0.00325548, 0.00391167, 0.00469367, 0.00527665, 0.00600177, 0.00636641, 0.0060003, 0.00534856, 0.00452071, 0.00357976, 0.00249946, 0.00142105, 0.000345499, -0.000643698, -0.00149969, -0.0022027, -0.00271104, -0.00303272, -0.00316605, -0.00313075, -0.00295801, -0.00267567, -0.00232268, -0.00193021, -0.00152874, -0.00114418, -0.000793887, -0.000491382, -0.00024221, -4.75479e-05, 9.5121e-05, 0.0001918, 0.000249265, 0.000275524, 0.000278318, 0.000264596, 0.000240574, 0.000211, 0.00017958, 0.00014891, 0.000120587, 9.55971e-05, 7.42892e-05, 5.66659e-05, 4.24909e-05, 3.13392e-05, 2.27676e-05, 1.63023e-05, 1.15063e-05, 8.01379e-06, 5.50142e-06, 3.723e-06, 2.48337e-06, 1.62833e-06, 1.05116e-06, 6.66239e-07, 4.13581e-07, 2.52486e-07, 1.50031e-07, 8.70363e-08, 4.93057e-08, 2.63114e-08, 1.34549e-08, 6.02168e-09, 1.63098e-09, -4.42553e-10, -1.83448e-09, -2.58801e-09, -2.86803e-09, -3.26344e-09, -3.40755e-09, -3.51597e-09, -3.74559e-09, -3.81398e-09, -3.95581e-09, -4.13854e-09, -4.22451e-09, -4.39801e-09, -4.56249e-09, -4.68216e-09, -4.87308e-09, -5.03677e-09, -5.18974e-09, -5.39229e-09, -5.56716e-09, -5.74983e-09, -5.96438e-09, -6.15785e-09, -6.36737e-09, -6.59705e-09, -6.81354e-09, -7.04883e-09, -7.2976e-09, -7.54004e-09, -7.80161e-09, -8.07348e-09, -8.34426e-09, -8.63383e-09, -8.93261e-09, -9.2342e-09, -9.55432e-09, -9.88373e-09, -1.02189e-08, -1.05727e-08, -1.09365e-08
4.06903e-06, -9.97714e-07, -3.41421e-06, 5.17913e-06, -3.05929e-06, -4.88206e-07, 1.9458e-06, 8.17062e-08, -4.07949e-06, 7.29272e-06, -7.82227e-06, 5.62452e-06, -2.43607e-06, 1.01461e-06, -3.54884e-06, 9.54832e-06, -1.50916e-05, 1.53886e-05, -9.51569e-06, 2.65869e-06, -2.22921e-06, 1.04157e-05, -2.08013e-05, 2.37689e-05, -1.61317e-05, 4.86318e-06, -3.27856e-07, 5.87146e-06, -1.49293e-05, 1.83946e-05, -1.35348e-05, 4.8211e-06, 2.44384e-06, -6.89344e-06, 9.16345e-06, -8.85364e-06, 5.55892e-06, -3.34986e-06, 7.58702e-06, -1.99619e-05, 3.12162e-05, -3.48375e-05, 2.60834e-05, -1.88873e-05, 1.05054e-05, -1.46926e-05, 7.3948e-06, -1.75941e-05, 4.25495e-06, -2.12581e-05, -1.48238e-05, -2.36058e-06, -5.63454e-05, 3.67307e-06, -7.32339e-05, -2.19283e-05, -8.49175e-05, -5.66111e-05, -9.8708e-05, -8.95344e-05, -0.000127575, -0.000117244, -0.000134055, -0.000162497, -0.000116147, -0.00018478, -8.67164e-05, -0.000161299, -6.03769e-05, -6.79906e-05, -1.85518e-05, 5.061e-05, 5.97844e-05, 0.000176403, 0.000166995, 0.000276183, 0.000269208, 0.000350624, 0.000335638, 0.000363763, 0.000353484, 0.000315297, 0.000323667, 0.000208075, 0.000239371, 0.000100541, 0.000117042, 3.01314e-05, -8.06675e-06, 3.01745e-05, -4.56569e-05, 0.000108038, 8.48672e-05, 0.000304822, 0.000467028, 0.000713895, 0.00112966, 0.00144957, 0.00209324, 0.00259023, 0.00333063, 0.00361839, 0.00382961, 0.00398991, 0.0039703, 0.00386684, 0.00360321, 0.00321852, 0.00273069, 0.00214236, 0.00150949, 0.000848093, 0.000204462, -0.00038899, -0.00090836, -0.0013262, -0.00163457, -0.00182606, -0.00190528, -0.00188462, -0.00177907, -0.00160989, -0.00139706, -0.0011609, -0.000919816, -0.000688286, -0.000478005, -0.000296077, -0.000146254, -2.93038e-05, 5.66412e-05, 0.000114766, 0.000149434, 0.000165345, 0.000167091, 0.000158982, 0.000144606, 0.000126898, 0.00010807, 8.96455e-05, 7.26458e-05, 5.76197e-05, 4.48018e-05, 3.42019e-05, 2.56588e-05, 1.89418e-05, 1.37717e-05, 9.86646e-06, 6.97187e-06, 4.85779e-06, 3.33776e-06, 2.26147e-06, 1.50851e-06, 9.90937e-07, 6.40072e-07, 4.0569e-07, 2.52678e-07, 1.53855e-07, 9.15147e-08, 5.31793e-08, 2.96251e-08, 1.58168e-08, 7.77507e-09, 3.02632e-09, 5.18108e-10, -9.71362e-10, -1.83227e-09, -2.22873e-09, -2.56735e-09, -2.75505e-09, -2.86364e-09, -3.03202e-09, -3.12438e-09, -3.22746e-09, -3.36953e-09, -3.46139e-09, -3.58566e-09, -3.72311e-09, -3.83148e-09, -3.97325e-09, -4.11413e-09, -4.24236e-09, -4.39853e-09, -4.54875e-09, -4.69719e-09, -4.86736e-09, -5.0314e-09, -5.19997e-09, -5.38544e-09, -5.56661e-09, -5.75568e-09, -5.95858e-09, -6.15951e-09, -6.37005e-09, -6.59289e-09, -6.81592e-09, -7.04951e-09, -7.29498e-09, -7.54238e-09, -7.80114e-09
-6.14304e-06, -1.8795e-06, 8.3503e-06, -7.60252e-06, 1.08223e-06, 4.32508e-06, -3.15185e-06, -3.59771e-06, 9.9255e-06, -1.08273e-05, 6.62908e-06, -1.8638e-06, 6.46858e-07, -3.45794e-06, 7.81389e-06, -1.0975e-05, 1.15432e-05, -9.29346e-06, 4.95355e-06, -7.3246e-07, -5.80184e-08, -4.2772e-06, 1.08396e-05, -1.31346e-05, 6.86937e-06, 4.73857e-06, -1.27047e-05, 1.06662e-05, -1.72151e-06, -4.3007e-06, 3.44291e-07, 1.0862e-05, -2.11013e-05, 2.41197e-05, -2.21679e-05, 1.79097e-05, -1.58665e-05, 1.19312e-05, -1.3882e-05, 1.4626e-05, -2.67437e-05, 2.23821e-05, -2.52217e-05, -3.69853e-06, -2.67249e-06, -2.78247e-05, -7.36452e-06, -3.62181e-05, -1.99426e-05, -5.4286e-05, -3.31162e-05, -8.60778e-05, -3.88551e-05, -0.000126218, -6.83181e-05, -0.000132128, -0.000122219, -0.000131306, -0.000157881, -0.000126556, -0.000165057, -0.000115831, -0.000134569, -6.64687e-05, -8.80915e-05, 1.80612e-05, 5.39231e-06, 0.000107732, 0.000134543, 0.00018587, 0.000281558, 0.000248697, 0.000375178, 0.000306321, 0.000392814, 0.00033189, 0.000327815, 0.000307991, 0.00022305, 0.000219758, 9.69387e-05, 9.96924e-05, -1.48735e-05, -2.50329e-05, -0.000103702, -0.000123416, -0.000141484, -0.000186955, -0.000142557, -0.000202627, -0.000113983, -0.000160578, -8.54e-05, -6.19497e-05, -3.1525e-05, 9.17639e-05, 9.31339e-05, 0.000300294, 0.000375539, 0.000630635, 0.000888218, 0.0010653, 0.00133546, 0.00153393, 0.00178957, 0.00199696, 0.00217725, 0.0023236, 0.00239212, 0.00240327, 0.00232591, 0.00217065, 0.00194088, 0.00164032, 0.00129108, 0.000905502, 0.000508584, 0.000121418, -0.000237063, -0.00054792, -0.000800134, -0.000984759, -0.00109946, -0.00114706, -0.00113388, -0.00107047, -0.000968413, -0.000840302, -0.000698356, -0.000553265, -0.000414182, -0.000287753, -0.000178391, -8.83615e-05, -1.79918e-05, 3.36833e-05, 6.8685e-05, 8.95926e-05, 9.92056e-05, 0.000100335, 9.5512e-05, 8.69227e-05, 7.63237e-05, 6.50272e-05, 5.39739e-05, 4.3761e-05, 3.47281e-05, 2.70215e-05, 2.06396e-05, 1.54961e-05, 1.14481e-05, 8.32868e-06, 5.97264e-06, 4.223e-06, 2.94472e-06, 2.02532e-06, 1.37274e-06, 9.1678e-07, 6.02706e-07, 3.894e-07, 2.47288e-07, 1.53912e-07, 9.37185e-08, 5.57978e-08, 3.21426e-08, 1.78247e-08, 9.31925e-09, 4.25792e-09, 1.42011e-09, -2.162e-10, -1.17253e-09, -1.66614e-09, -1.99766e-09, -2.20484e-09, -2.32342e-09, -2.45572e-09, -2.55067e-09, -2.6352e-09, -2.74471e-09, -2.83129e-09, -2.92693e-09, -3.03764e-09, -3.13294e-09, -3.24248e-09, -3.35919e-09, -3.46715e-09, -3.58967e-09, -3.71533e-09, -3.83743e-09, -3.97285e-09, -4.11004e-09, -4.24723e-09, -4.39635e-09, -4.54733e-09, -4.70055e-09, -4.86474e-09, -5.03158e-09, -5.20198e-09, -5.383e-09, -5.56765e-09
6.68548e-06, 3.93679e-06, -1.08022e-05, 7.68138e-06, 2.1527e-06, -9.21258e-06, 6.8717e-06, 2.54144e-06, -1.0265e-05, 9.48817e-06, -1.44089e-06, -6.33441e-06, 7.32065e-06, -1.6763e-06, -4.7992e-06, 6.52872e-06, -2.73087e-06, -3.15895e-06, 7.40586e-06, -8.67889e-06, 7.55082e-06, -4.97145e-06, 2.21355e-06, -1.77013e-06, 6.1091e-06, -1.46973e-05, 2.20555e-05, -2.23257e-05, 1.42583e-05, -5.80346e-06, 4.06292e-06, -1.34492e-05, 2.26105e-05, -2.86473e-05, 1.94589e-05, -1.4711e-05, 1.14428e-07, -7.11e-06, -8.13327e-06, -1.11248e-05, -1.31297e-05, -2.25401e-05, -2.5649e-05, -2.01686e-05, -6.67189e-05, -1.59465e-05, -9.30534e-05, -4.9922e-05, -0.000104411, -8.53274e-05, -0.000128103, -0.000113243, -0.000150734, -0.000128327, -0.000158015, -0.000145522, -0.00011433, -0.000148968, -5.36437e-05, -9.35979e-05, 1.88316e-05, 7.17358e-06, 0.000101214, 0.000136849, 0.000199686, 0.000245917, 0.000291645, 0.000337739, 0.000331147, 0.000384383, 0.000314677, 0.000372729, 0.00025104, 0.000275823, 0.000179975, 0.000123688, 9.5266e-05, -3.3594e-05, 7.71328e-06, -0.000137289, -9.11009e-05, -0.000174568, -0.000164054, -0.000159326, -0.000202032, -0.000127868, -0.00018568, -9.73936e-05, -0.000140373, -8.22355e-05, -7.61866e-05, -7.185e-05, -2.34377e-05, -6.45885e-05, 1.27693e-05, -3.64555e-05, 2.47261e-05, 1.27353e-05, 3.62993e-05, 0.000101547, 9.59867e-05, 0.000205963, 0.000221659, 0.000330105, 0.000419651, 0.000524463, 0.000661879, 0.000787471, 0.000937621, 0.00107468, 0.00120392, 0.00131708, 0.00139736, 0.00144571, 0.00144715, 0.00140187, 0.00130842, 0.00116782, 0.000988128, 0.000776002, 0.000544111, 0.000305022, 7.15024e-05, -0.000143726, -0.000331069, -0.000482453, -0.000593279, -0.000662129, -0.000690374, -0.000682364, -0.000644027, -0.000582542, -0.000505475, -0.000420043, -0.000332838, -0.000249217, -0.000173222, -0.000107502, -5.33626e-05, -1.10574e-05, 2.00336e-05, 4.11086e-05, 5.37066e-05, 5.953e-05, 6.02447e-05, 5.73818e-05, 5.22518e-05, 4.59019e-05, 3.91302e-05, 3.24955e-05, 2.63603e-05, 2.09322e-05, 1.62961e-05, 1.24557e-05, 9.35836e-06, 6.91824e-06, 5.03737e-06, 3.61489e-06, 2.5578e-06, 1.78514e-06, 1.22845e-06, 8.33379e-07, 5.57009e-07, 3.66329e-07, 2.3697e-07, 1.50495e-07, 9.36545e-08, 5.70509e-08, 3.38054e-08, 1.93749e-08, 1.06056e-08, 5.31482e-09, 2.23454e-09, 4.49266e-10, -5.97462e-10, -1.17261e-09, -1.52276e-09, -1.74353e-09, -1.87338e-09, -1.98703e-09, -2.07696e-09, -2.1506e-09, -2.23668e-09, -2.31349e-09, -2.3902e-09, -2.47855e-09, -2.56057e-09, -2.64728e-09, -2.74225e-09, -2.83323e-09, -2.93047e-09, -3.03375e-09, -3.13525e-09, -3.24332e-09, -3.35646e-09, -3.4696e-09, -3.58919e-09, -3.71378e-09, -3.83961e-09, -3.97175e-09
