0, 0.000969252, -0.00260364, 0, 0, 0, 0, 0, 0, 0, 0, 0, 0, 0, 0, 0, 0, 0, 0, 0, 0, 0, 0, 0, 0, 0, 0, 0, 0, 0, 0, 0, 0, 0, 0, 0, 0, 0, 0, 0, 0, 0, 0, 0, 0, 0, 0, 0, 0, 0, 0, 0, 0, 0, 0, 0, 0, 0, 0, 0, 0, 0, 0, 0, 0, 0, 0, 0, 0, 0, 0, 0, 0, 0, 0, 0, 0, 0, 0, 0, 0, 0, 0, 0, 0, 0, 0, 0, 0, 0, 0, 0, 0, 0, 0, 0, 0, 0, 0, 0, 0, 0, 0, 0, 0, 0, 0, 0, 0, 0, 0, 0, 0, 0, 0, 0, 0, 0, 0, 0, 0, 0, 0, 0, 0, 0, 0, 0, 0, 0, 0, 0, 0, 0, 0, 0, 0, 0, 0, 0, 0, 0, 0, 0, 0, 0, 0, 0, 0, 0, 0, 0, 0, 0, 0, 0, 0, 0, 0, 0, 0, 0, 0, 0, 0, 0, 0, 0, 0, 0, 0, 0, 0, 0, 0, 0, 0, 0, 0, 0, 0, 0, 0, 0, 0, 0, 0, 0, 0, 0, 0, 0, 0, 0, 0, 0, 0, 0, 0, 0
0.000969252, -0.000969252, -0.00173135, -0.00260364, 0, 0, 0, 0, 0, 0, 0, 0, 0, 0, 0, 0, 0, 0, 0, 0, 0, 0, 0, 0, 0, 0, 0, 0, 0, 0, 0, 0, 0, 0, 0, 0, 0, 0, 0, 0, 0, 0, 0, 0, 0, 0, 0, 0, 0, 0, 0, 0, 0, 0, 0, 0, 0, 0, 0, 0, 0, 0, 0, 0, 0, 0, 0, 0, 0, 0, 0, 0, 0, 0, 0, 0, 0, 0, 0, 0, 0, 0, 0, 0, 0, 0, 0, 0, 0, 0, 0, 0, 0, 0, 0, 0, 0, 0, 0, 0, 0, 0, 0, 0, 0, 0, 0, 0, 0, 0, 0, 0, 0, 0, 0, 0, 0, 0, 0, 0, 0, 0, 0, 0, 0, 0, 0, 0, 0, 0, 0, 0, 0, 0, 0, 0, 0, 0, 0, 0, 0, 0, 0, 0, 0, 0, 0, 0, 0, 0, 0, 0, 0, 0, 0, 0, 0, 0, 0, 0, 0, 0, 0, 0, 0, 0, 0, 0, 0, 0, 0, 0, 0, 0, 0, 0, 0, 0, 0, 0, 0, 0, 0, 0, 0, 0, 0, 0, 0, 0, 0, 0, 0, 0, 0, 0, 0, 0, 0, 0
-0.000969252, 0.000969252, -0.00534119, -0.00173135, -0.00260364, 0, 0, 0, 0, 0, 0, 0, 0, 0, 0, 0, 0, 0, 0, 0, 0, 0, 0, 0, 0, 0, 0, 0, 0, 0, 0, 0, 0, 0, 0, 0, 0, 0, 0, 0, 0, 0, 0, 0, 0, 0, 0, 0, 0, 0, 0, 0, 0, 0, 0, 0, 0, 0, 0, 0, 0, 0, 0, 0, 0, 0, 0, 0, 0, 0, 0, 0, 0, 0, 0, 0, 0, 0, 0, 0, 0, 0, 0, 0, 0, 0, 0, 0, 0, 0, 0, 0, 0, 0, 0, 0, 0, 0, 0, 0, 0, 0, 0, 0, 0, 0, 0, 0, 0, 0, 0, 0, 0, 0, 0, 0, 0, 0, 0, 0, 0, 0, 0, 0, 0, 0, 0, 0, 0, 0, 0, 0, 0, 0, 0, 0, 0, 0, 0, 0, 0, 0, 0, 0, 0, 0, 0, 0, 0, 0, 0, 0, 0, 0, 0, 0, 0, 0, 0, 0, 0, 0, 0, 0, 0, 0, 0, 0, 0, 0, 0, 0, 0, 0, 0, 0, 0, 0, 0, 0, 0, 0, 0, 0, 0, 0, 0, 0, 0, 0, 0, 0, 0, 0, 0, 0, 0, 0, 0, 0
0.000969252, -0.000969252, -0.0059636, -0.00534119, -0.00173135, -0.00260364, 0, 0, 0, 0, 0, 0, 0, 0, 0, 0, 0, 0, 0, 0, 0, 0, 0, 0, 0, 0, 0, 0, 0, 0, 0, 0, 0, 0, 0, 0, 0, 0, 0, 0, 0, 0, 0, 0, 0, 0, 0, 0, 0, 0, 0, 0, 0, 0, 0, 0, 0, 0, 0, 0, 0, 0, 0, 0, 0, 0, 0, 0, 0, 0, 0, 0, 0, 0, 0, 0, 0, 0, 0, 0, 0, 0, 0, 0, 0, 0, 0, 0, 0, 0, 0, 0, 0, 0, 0, 0, 0, 0, 0, 0, 0, 0, 0, 0, 0, 0, 0, 0, 0, 0, 0, 0, 0, 0, 0, 0, 0, 0, 0, 0, 0, 0, 0, 0, 0, 0, 0, 0, 0, 0, 0, 0, 0, 0, 0, 0, 0, 0, 0, 0, 0, 0, 0, 0, 0, 0, 0, 0, 0, 0, 0, 0, 0, 0, 0, 0, 0, 0, 0, 0, 0, 0, 0, 0, 0, 0, 0, 0, 0, 0, 0, 0, 0, 0, 0, 0, 0, 0, 0, 0, 0, 0, 0, 0, 0, 0, 0, 0, 0, 0, 0, 0, 0, 0, 0, 0, 0, 0, 0, 0
-0.000969252, 0.000969252, -0.0117358, -0.0059636, -0.00534119, -0.00173135, -0.00260364, 0, 0, 0, 0, 0, 0, 0, 0, 0, 0, 0, 0, 0, 0, 0, 0, 0, 0, 0, 0, 0, 0, 0, 0, 0, 0, 0, 0, 0, 0, 0, 0, 0, 0, 0, 0, 0, 0, 0, 0, 0, 0, 0, 0, 0, 0, 0, 0, 0, 0, 0, 0, 0, 0, 0, 0, 0, 0, 0, 0, 0, 0, 0, 0, 0, 0, 0, 0, 0, 0, 0, 0, 0, 0, 0, 0, 0, 0, 0, 0, 0, 0, 0, 0, 0, 0, 0, 0, 0, 0, 0, 0, 0, 0, 0, 0, 0, 0, 0, 0, 0, 0, 0, 0, 0, 0, 0, 0, 0, 0, 0, 0, 0, 0, 0, 0, 0, 0, 0, 0, 0, 0, 0, 0, 0, 0, 0, 0, 0, 0, 0, 0, 0, 0, 0, 0, 0, 0, 0, 0, 0, 0, 0, 0, 0, 0, 0, 0, 0, 0, 0, 0, 0, 0, 0, 0, 0, 0, 0, 0, 0, 0, 0, 0, 0, 0, 0, 0, 0, 0, 0, 0, 0, 0, 0, 0, 0, 0, 0, 0, 0, 0, 0, 0, 0, 0, 0, 0, 0, 0, 0, 0, 0
0.000969252, -0.000969252, -0.0154011, -0.0117358, -0.0059636, -0.00534119, -0.00173135, -0.00260364, 0, 0, 0, 0, 0, 0, 0, 0, 0, 0, 0, 0, 0, 0, 0, 0, 0, 0, 0, 0, 0, 0, 0, 0, 0, 0, 0, 0, 0, 0, 0, 0, 0, 0, 0, 0, 0, 0, 0, 0, 0, 0, 0, 0, 0, 0, 0, 0, 0, 0, 0, 0, 0, 0, 0, 0, 0, 0, 0, 0, 0, 0, 0, 0, 0, 0, 0, 0, 0, 0, 0, 0, 0, 0, 0, 0, 0, 0, 0, 0, 0, 0, 0, 0, 0, 0, 0, 0, 0, 0, 0, 0, 0, 0, 0, 0, 0, 0, 0, 0, 0, 0, 0, 0, 0, 0, 0, 0, 0, 0, 0, 0, 0, 0, 0, 0, 0, 0, 0, 0, 0, 0, 0, 0, 0, 0, 0, 0, 0, 0, 0, 0, 0, 0, 0, 0, 0, 0, 0, 0, 0, 0, 0, 0, 0, 0, 0, 0, 0, 0, 0, 0, 0, 0, 0, 0, 0, 0, 0, 0, 0, 0, 0, 0, 0, 0, 0, 0, 0, 0, 0, 0, 0, 0, 0, 0, 0, 0, 0, 0, 0, 0, 0, 0, 0, 0, 0, 0, 0, 0, 0, 0
-0.000969252, 0.000969252, -0.0253321, -0.0154011, -0.0117358, -0.0059636, -0.00534119, -0.00173135, -0.00260364, 0, 0, 0, 0, 0, 0, 0, 0, 0, 0, 0, 0, 0, 0, 0, 0, 0, 0, 0, 0, 0, 0, 0, 0, 0, 0, 0, 0, 0, 0, 0, 0, 0, 0, 0, 0, 0, 0, 0, 0, 0, 0, 0, 0, 0, 0, 0, 0, 0, 0, 0, 0, 0, 0, 0, 0, 0, 0, 0, 0, 0, 0, 0, 0, 0, 0, 0, 0, 0, 0, 0, 0, 0, 0, 0, 0, 0, 0, 0, 0, 0, 0, 0, 0, 0, 0, 0, 0, 0, 0, 0, 0, 0, 0, 0, 0, 0, 0, 0, 0, 0, 0, 0, 0, 0, 0, 0, 0, 0, 0, 0, 0, 0, 0, 0, 0, 0, 0, 0, 0, 0, 0, 0, 0, 0, 0, 0, 0, 0, 0, 0, 0, 0, 0, 0, 0, 0, 0, 0, 0, 0, 0, 0, 0, 0, 0, 0, 0, 0, 0, 0, 0, 0, 0, 0, 0, 0, 0, 0, 0, 0, 0, 0, 0, 0, 0, 0, 0, 0, 0, 0, 0, 0, 0, 0, 0, 0, 0, 0, 0, 0, 0, 0, 0, 0, 0, 0, 0, 0, 0, 0
0.000969252, -0.000969252, -0.0345072, -0.0253321, -0.0154011, -0.0117358, -0.0059636, -0.00534119, -0.00173135, -0.00260364, 0, 0, 0, 0, 0, 0, 0, 0, 0, 0, 0, 0, 0, 0, 0, 0, 0, 0, 0, 0, 0, 0, 0, 0, 0, 0, 0, 0, 0, 0, 0, 0, 0, 0, 0, 0, 0, 0, 0, 0, 0, 0, 0, 0, 0, 0, 0, 0, 0, 0, 0, 0, 0, 0, 0, 0, 0, 0, 0, 0, 0, 0, 0, 0, 0, 0, 0, 0, 0, 0, 0, 0, 0, 0, 0, 0, 0, 0, 0, 0, 0, 0, 0, 0, 0, 0, 0, 0, 0, 0, 0, 0, 0, 0, 0, 0, 0, 0, 0, 0, 0, 0, 0, 0, 0, 0, 0, 0, 0, 0, 0, 0, 0, 0, 0, 0, 0, 0, 0, 0, 0, 0, 0, 0, 0, 0, 0, 0, 0, 0, 0, 0, 0, 0, 0, 0, 0, 0, 0, 0, 0, 0, 0, 0, 0, 0, 0, 0, 0, 0, 0, 0, 0, 0, 0, 0, 0, 0, 0, 0, 0, 0, 0, 0, 0, 0, 0, 0, 0, 0, 0, 0, 0, 0, 0, 0, 0, 0, 0, 0, 0, 0, 0, 0, 0, 0, 0, 0, 0, 0
-0.000969252, 0.000969252, -0.0514966, -0.0345072, -0.0253321, -0.0154011, -0.0117358, -0.0059636, -0.00534119, -0.00173135, -0.00260364, 0, 0, 0, 0, 0, 0, 0, 0, 0, 0, 0, 0, 0, 0, 0, 0, 0, 0, 0, 0, 0, 0, 0, 0, 0, 0, 0, 0, 0, 0, 0, 0, 0, 0, 0, 0, 0, 0, 0, 0, 0, 0, 0, 0, 0, 0, 0, 0, 0, 0, 0, 0, 0, 0, 0, 0, 0, 0, 0, 0, 0, 0, 0, 0, 0, 0, 0, 0, 0, 0, 0, 0, 0, 0, 0, 0, 0, 0, 0, 0, 0, 0, 0, 0, 0, 0, 0, 0, 0, 0, 0, 0, 0, 0, 0, 0, 0, 0, 0, 0, 0, 0, 0, 0, 0, 0, 0, 0, 0, 0, 0, 0, 0, 0, 0, 0, 0, 0, 0, 0, 0, 0, 0, 0, 0, 0, 0, 0, 0, 0, 0, 0, 0, 0, 0, 0, 0, 0, 0, 0, 0, 0, 0, 0, 0, 0, 0, 0, 0, 0, 0, 0, 0, 0, 0, 0, 0, 0, 0, 0, 0, 0, 0, 0, 0, 0, 0, 0, 0, 0, 0, 0, 0, 0, 0, 0, 0, 0, 0, 0, 0, 0, 0, 0, 0, 0, 0, 0, 0
0.000969252, -0.000969252, -0.0693845, -0.0514966, -0.0345072, -0.0253321, -0.0154011, -0.0117358, -0.0059636, -0.00534119, -0.00173135, -0.00260364, 0, 0, 0, 0, 0, 0, 0, 0, 0, 0, 0, 0, 0, 0, 0, 0, 0, 0, 0, 0, 0, 0, 0, 0, 0, 0, 0, 0, 0, 0, 0, 0, 0, 0, 0, 0, 0, 0, 0, 0, 0, 0, 0, 0, 0, 0, 0, 0, 0, 0, 0, 0, 0, 0, 0, 0, 0, 0, 0, 0, 0, 0, 0, 0, 0, 0, 0, 0, 0, 0, 0, 0, 0, 0, 0, 0, 0, 0, 0, 0, 0, 0, 0, 0, 0, 0, 0, 0, 0, 0, 0, 0, 0, 0, 0, 0, 0, 0, 0, 0, 0, 0, 0, 0, 0, 0, 0, 0, 0, 0, 0, 0, 0, 0, 0, 0, 0, 0, 0, 0, 0, 0, 0, 0, 0, 0, 0, 0, 0, 0, 0, 0, 0, 0, 0, 0, 0, 0, 0, 0, 0, 0, 0, 0, 0, 0, 0, 0, 0, 0, 0, 0, 0, 0, 0, 0, 0, 0, 0, 0, 0, 0, 0, 0, 0, 0, 0, 0, 0, 0, 0, 0, 0, 0, 0, 0, 0, 0, 0, 0, 0, 0, 0, 0, 0, 0, 0, 0
-0.000969252, 0.000969252, -0.0966855, -0.0693845, -0.0514966, -0.0345072, -0.0253321, -0.0154011, -0.0117358, -0.0059636, -0.00534119, -0.00173135, -0.00260364, 0, 0, 0, 0, 0, 0, 0, 0, 0, 0, 0, 0, 0, 0, 0, 0, 0, 0, 0, 0, 0, 0, 0, 0, 0, 0, 0, 0, 0, 0, 0, 0, 0, 0, 0, 0, 0, 0, 0, 0, 0, 0, 0, 0, 0, 0, 0, 0, 0, 0, 0, 0, 0, 0, 0, 0, 0, 0, 0, 0, 0, 0, 0, 0, 0, 0, 0, 0, 0, 0, 0, 0, 0, 0, 0, 0, 0, 0, 0, 0, 0, 0, 0, 0, 0, 0, 0, 0, 0, 0, 0, 0, 0, 0, 0, 0, 0, 0, 0, 0, 0, 0, 0, 0, 0, 0, 0, 0, 0, 0, 0, 0, 0, 0, 0, 0, 0, 0, 0, 0, 0, 0, 0, 0, 0, 0, 0, 0, 0, 0, 0, 0, 0, 0, 0, 0, 0, 0, 0, 0, 0, 0, 0, 0, 0, 0, 0, 0, 0, 0, 0, 0, 0, 0, 0, 0, 0, 0, 0, 0, 0, 0, 0, 0, 0, 0, 0, 0, 0, 0, 0, 0, 0, 0, 0, 0, 0, 0, 0, 0, 0, 0, 0, 0, 0, 0, 0
0.000969252, -0.000969252, -0.126187, -0.0966855, -0.0693845, -0.0514966, -0.0345072, -0.0253321, -0.0154011, -0.0117358, -0.0059636, -0.00534119, -0.00173135, -0.00260364, 0, 0, 0, 0, 0, 0, 0, 0, 0, 0, 0, 0, 0, 0, 0, 0, 0, 0, 0, 0, 0, 0, 0, 0, 0, 0, 0, 0, 0, 0, 0, 0, 0, 0, 0, 0, 0, 0, 0, 0, 0, 0, 0, 0, 0, 0, 0, 0, 0, 0, 0, 0, 0, 0, 0, 0, 0, 0, 0, 0, 0, 0, 0, 0, 0, 0, 0, 0, 0, 0, 0, 0, 0, 0, 0, 0, 0, 0, 0, 0, 0, 0, 0, 0, 0, 0, 0, 0, 0, 0, 0, 0, 0, 0, 0, 0, 0, 0, 0, 0, 0, 0, 0, 0, 0, 0, 0, 0, 0, 0, 0, 0, 0, 0, 0, 0, 0, 0, 0, 0, 0, 0, 0, 0, 0, 0, 0, 0, 0, 0, 0, 0, 0, 0, 0, 0, 0, 0, 0, 0, 0, 0, 0, 0, 0, 0, 0, 0, 0, 0, 0, 0, 0, 0, 0, 0, 0, 0, 0, 0, 0, 0, 0, 0, 0, 0, 0, 0, 0, 0, 0, 0, 0, 0, 0, 0, 0, 0, 0, 0, 0, 0, 0, 0, 0, 0
-0.000969252, 0.000969252, -0.165786, -0.126187, -0.0966855, -0.0693845, -0.0514966, -0.0345072, -0.0253321, -0.0154011, -0.0117358, -0.0059636, -0.00534119, -0.00173135, -0.00260364, 0, 0, 0, 0, 0, 0, 0, 0, 0, 0, 0, 0, 0, 0, 0, 0, 0, 0, 0, 0, 0, 0, 0, 0, 0, 0, 0, 0, 0, 0, 0, 0, 0, 0, 0, 0, 0, 0, 0, 0, 0, 0, 0, 0, 0, 0, 0, 0, 0, 0, 0, 0, 0, 0, 0, 0, 0, 0, 0, 0, 0, 0, 0, 0, 0, 0, 0, 0, 0, 0, 0, 0, 0, 0, 0, 0, 0, 0, 0, 0, 0, 0, 0, 0, 0, 0, 0, 0, 0, 0, 0, 0, 0, 0, 0, 0, 0, 0, 0, 0, 0, 0, 0, 0, 0, 0, 0, 0, 0, 0, 0, 0, 0, 0, 0, 0, 0, 0, 0, 0, 0, 0, 0, 0, 0, 0, 0, 0, 0, 0, 0, 0, 0, 0, 0, 0, 0, 0, 0, 0, 0, 0, 0, 0, 0, 0, 0, 0, 0, 0, 0, 0, 0, 0, 0, 0, 0, 0, 0, 0, 0, 0, 0, 0, 0, 0, 0, 0, 0, 0, 0, 0, 0, 0, 0, 0, 0, 0, 0, 0, 0, 0, 0, 0, 0
0.000969252, -0.000969252, -0.207264, -0.165786, -0.126187, -0.0966855, -0.0693845, -0.0514966, -0.0345072, -0.0253321, -0.0154011, -0.0117358, -0.0059636, -0.00534119, -0.00173135, -0.00260364, 0, 0, 0, 0, 0, 0, 0, 0, 0, 0, 0, 0, 0, 0, 0, 0, 0, 0, 0, 0, 0, 0, 0, 0, 0, 0, 0, 0, 0, 0, 0, 0, 0, 0, 0, 0, 0, 0, 0, 0, 0, 0, 0, 0, 0, 0, 0, 0, 0, 0, 0, 0, 0, 0, 0, 0, 0, 0, 0, 0, 0, 0, 0, 0, 0, 0, 0, 0, 0, 0, 0, 0, 0, 0, 0, 0, 0, 0, 0, 0, 0, 0, 0, 0, 0, 0, 0, 0, 0, 0, 0, 0, 0, 0, 0, 0, 0, 0, 0, 0, 0, 0, 0, 0, 0, 0, 0, 0, 0, 0, 0, 0, 0, 0, 0, 0, 0, 0, 0, 0, 0, 0, 0, 0, 0, 0, 0, 0, 0, 0, 0, 0, 0, 0, 0, 0, 0, 0, 0, 0, 0, 0, 0, 0, 0, 0, 0, 0, 0, 0, 0, 0, 0, 0, 0, 0, 0, 0, 0, 0, 0, 0, 0, 0, 0, 0, 0, 0, 0, 0, 0, 0, 0, 0, 0, 0, 0, 0, 0, 0, 0, 0, 0, 0
-0.000969252, 0.000969252, -0.257096, -0.207264, -0.165786, -0.126187, -0.0966855, -0.0693845, -0.0514966, -0.0345072, -0.0253321, -0.0154011, -0.0117358, -0.0059636, -0.00534119, -0.00173135, -0.00260364, 0, 0, 0, 0, 0, 0, 0, 0, 0, 0, 0, 0, 0, 0, 0, 0, 0, 0, 0, 0, 0, 0, 0, 0, 0, 0, 0, 0, 0, 0, 0, 0, 0, 0, 0, 0, 0, 0, 0, 0, 0, 0, 0, 0, 0, 0, 0, 0, 0, 0, 0, 0, 0, 0, 0, 0, 0, 0, 0, 0, 0, 0, 0, 0, 0, 0, 0, 0, 0, 0, 0, 0, 0, 0, 0, 0, 0, 0, 0, 0, 0, 0, 0, 0, 0, 0, 0, 0, 0, 0, 0, 0, 0, 0, 0, 0, 0, 0, 0, 0, 0, 0, 0, 0, 0, 0, 0, 0, 0, 0, 0, 0, 0, 0, 0, 0, 0, 0, 0, 0, 0, 0, 0, 0, 0, 0, 0, 0, 0, 0, 0, 0, 0, 0, 0, 0, 0, 0, 0, 0, 0, 0, 0, 0, 0, 0, 0, 0, 0, 0, 0, 0, 0, 0, 0, 0, 0, 0, 0, 0, 0, 0, 0, 0, 0, 0, 0, 0, 0, 0, 0, 0, 0, 0, 0, 0, 0, 0, 0, 0, 0, 0, 0
0.000969252, -0.000969252, -0.305247, -0.257096, -0.207264, -0.165786, -0.126187, -0.0966855, -0.0693845, -0.0514966, -0.0345072, -0.0253321, -0.0154011, -0.0117358, -0.0059636, -0.00534119, -0.00173135, -0.00260364, 0, 0, 0, 0, 0, 0, 0, 0, 0, 0, 0, 0, 0, 0, 0, 0, 0, 0, 0, 0, 0, 0, 0, 0, 0, 0, 0, 0, 0, 0, 0, 0, 0, 0, 0, 0, 0, 0, 0, 0, 0, 0, 0, 0, 0, 0, 0, 0, 0, 0, 0, 0, 0, 0, 0, 0, 0, 0, 0, 0, 0, 0, 0, 0, 0, 0, 0, 0, 0, 0, 0, 0, 0, 0, 0, 0, 0, 0, 0, 0, 0, 0, 0, 0, 0, 0, 0, 0, 0, 0, 0, 0, 0, 0, 0, 0, 0, 0, 0, 0, 0, 0, 0, 0, 0, 0, 0, 0, 0, 0, 0, 0, 0, 0, 0, 0, 0, 0, 0, 0, 0, 0, 0, 0, 0, 0, 0, 0, 0, 0, 0, 0, 0, 0, 0, 0, 0, 0, 0, 0, 0, 0, 0, 0, 0, 0, 0, 0, 0, 0, 0, 0, 0, 0, 0, 0, 0, 0, 0, 0, 0, 0, 0, 0, 0, 0, 0, 0, 0, 0, 0, 0, 0, 0, 0, 0, 0, 0, 0, 0, 0, 0
-0.000969252, 0.000969252, -0.356091, -0.305247, -0.257096, -0.207264, -0.165786, -0.126187, -0.0966855, -0.0693845, -0.0514966, -0.0345072, -0.0253321, -0.0154011, -0.0117358, -0.0059636, -0.00534119, -0.00173135, -0.00260364, 0, 0, 0, 0, 0, 0, 0, 0, 0, 0, 0, 0, 0, 0, 0, 0, 0, 0, 0, 0, 0, 0, 0, 0, 0, 0, 0, 0, 0, 0, 0, 0, 0, 0, 0, 0, 0, 0, 0, 0, 0, 0, 0, 0, 0, 0, 0, 0, 0, 0, 0, 0, 0, 0, 0, 0, 0, 0, 0, 0, 0, 0, 0, 0, 0, 0, 0, 0, 0, 0, 0, 0, 0, 0, 0, 0, 0, 0, 0, 0, 0, 0, 0, 0, 0, 0, 0, 0, 0, 0, 0, 0, 0, 0, 0, 0, 0, 0, 0, 0, 0, 0, 0, 0, 0, 0, 0, 0, 0, 0, 0, 0, 0, 0, 0, 0, 0, 0, 0, 0, 0, 0, 0, 0, 0, 0, 0, 0, 0, 0, 0, 0, 0, 0, 0, 0, 0, 0, 0, 0, 0, 0, 0, 0, 0, 0, 0, 0, 0, 0, 0, 0, 0, 0, 0, 0, 0, 0, 0, 0, 0, 0, 0, 0, 0, 0, 0, 0, 0, 0, 0, 0, 0, 0, 0, 0, 0, 0, 0, 0, 0
0.000969252, -0.000969252, -0.397399, -0.356091, -0.305247, -0.257096, -0.207264, -0.165786, -0.126187, -0.0966855, -0.0693845, -0.0514966, -0.0345072, -0.0253321, -0.0154011, -0.0117358, -0.0059636, -0.00534119, -0.00173135, -0.00260364, 0, 0, 0, 0, 0, 0, 0, 0, 0, 0, 0, 0, 0, 0, 0, 0, 0, 0, 0, 0, 0, 0, 0, 0, 0, 0, 0, 0, 0, 0, 0, 0, 0, 0, 0, 0, 0, 0, 0, 0, 0, 0, 0, 0, 0, 0, 0, 0, 0, 0, 0, 0, 0, 0, 0, 0, 0, 0, 0, 0, 0, 0, 0, 0, 0, 0, 0, 0, 0, 0, 0, 0, 0, 0, 0, 0, 0, 0, 0, 0, 0, 0, 0, 0, 0, 0, 0, 0, 0, 0, 0, 0, 0, 0, 0, 0, 0, 0, 0, 0, 0, 0, 0, 0, 0, 0, 0, 0, 0, 0, 0, 0, 0, 0, 0, 0, 0, 0, 0, 0, 0, 0, 0, 0, 0, 0, 0, 0, 0, 0, 0, 0, 0, 0, 0, 0, 0, 0, 0, 0, 0, 0, 0, 0, 0, 0, 0, 0, 0, 0, 0, 0, 0, 0, 0, 0, 0, 0, 0, 0, 0, 0, 0, 0, 0, 0, 0, 0, 0, 0, 0, 0, 0, 0, 0, 0, 0, 0, 0, 0
-0.000969252, 0.000969252, -0.431538, -0.397399, -0.356091, -0.305247, -0.257096, -0.207264, -0.165786, -0.126187, -0.0966855, -0.0693845, -0.0514966, -0.0345072, -0.0253321, -0.0154011, -0.0117358, -0.0059636, -0.00534119, -0.00173135, -0.00260364, 0, 0, 0, 0, 0, 0, 0, 0, 0, 0, 0, 0, 0, 0, 0, 0, 0, 0, 0, 0, 0, 0, 0, 0, 0, 0, 0, 0, 0, 0, 0, 0, 0, 0, 0, 0, 0, 0, 0, 0, 0, 0, 0, 0, 0, 0, 0, 0, 0, 0, 0, 0, 0, 0, 0, 0, 0, 0, 0, 0, 0, 0, 0, 0, 0, 0, 0, 0, 0, 0, 0, 0, 0, 0, 0, 0, 0, 0, 0, 0, 0, 0, 0, 0, 0, 0, 0, 0, 0, 0, 0, 0, 0, 0, 0, 0, 0, 0, 0, 0, 0, 0, 0, 0, 0, 0, 0, 0, 0, 0, 0, 0, 0, 0, 0, 0, 0, 0, 0, 0, 0, 0, 0, 0, 0, 0, 0, 0, 0, 0, 0, 0, 0, 0, 0, 0, 0, 0, 0, 0, 0, 0, 0, 0, 0, 0, 0, 0, 0, 0, 0, 0, 0, 0, 0, 0, 0, 0, 0, 0, 0, 0, 0, 0, 0, 0, 0, 0, 0, 0, 0, 0, 0, 0, 0, 0, 0, 0, 0
0.000969252, -0.000969252, -0.444815, -0.431538, -0.397399, -0.356091, -0.305247, -0.257096, -0.207264, -0.165786, -0.126187, -0.0966855, -0.0693845, -0.0514966, -0.0345072, -0.0253321, -0.0154011, -0.0117358, -0.0059636, -0.00534119, -0.00173135, -0.00260364, 0, 0, 0, 0, 0, 0, 0, 0, 0, 0, 0, 0, 0, 0, 0, 0, 0, 0, 0, 0, 0, 0, 0, 0, 0, 0, 0, 0, 0, 0, 0, 0, 0, 0, 0, 0, 0, 0, 0, 0, 0, 0, 0, 0, 0, 0, 0, 0, 0, 0, 0, 0, 0, 0, 0, 0, 0, 0, 0, 0, 0, 0, 0, 0, 0, 0, 0, 0, 0, 0, 0, 0, 0, 0, 0, 0, 0, 0, 0, 0, 0, 0, 0, 0, 0, 0, 0, 0, 0, 0, 0, 0, 0, 0, 0, 0, 0, 0, 0, 0, 0, 0, 0, 0, 0, 0, 0, 0, 0, 0, 0, 0, 0, 0, 0, 0, 0, 0, 0, 0, 0, 0, 0, 0, 0, 0, 0, 0, 0, 0, 0, 0, 0, 0, 0, 0, 0, 0, 0, 0, 0, 0, 0, 0, 0, 0, 0, 0, 0, 0, 0, 0, 0, 0, 0, 0, 0, 0, 0, 0, 0, 0, 0, 0, 0, 0, 0, 0, 0, 0, 0, 0, 0, 0, 0, 0, 0, 0
-0.000969252, 0.000969252, -0.439057, -0.444815, -0.431538, -0.397399, -0.356091, -0.305247, -0.257096, -0.207264, -0.165786, -0.126187, -0.0966855, -0.0693845, -0.0514966, -0.0345072, -0.0253321, -0.0154011, -0.0117358, -0.0059636, -0.00534119, -0.00173135, -0.00260364, 0, 0, 0, 0, 0, 0, 0, 0, 0, 0, 0, 0, 0, 0, 0, 0, 0, 0, 0, 0, 0, 0, 0, 0, 0, 0, 0, 0, 0, 0, 0, 0, 0, 0, 0, 0, 0, 0, 0, 0, 0, 0, 0, 0, 0, 0, 0, 0, 0, 0, 0, 0, 0, 0, 0, 0, 0, 0, 0, 0, 0, 0, 0, 0, 0, 0, 0, 0, 0, 0, 0, 0, 0, 0, 0, 0, 0, 0, 0, 0, 0, 0, 0, 0, 0, 0, 0, 0, 0, 0, 0, 0, 0, 0, 0, 0, 0, 0, 0, 0, 0, 0, 0, 0, 0, 0, 0, 0, 0, 0, 0, 0, 0, 0, 0, 0, 0, 0, 0, 0, 0, 0, 0, 0, 0, 0, 0, 0, 0, 0, 0, 0, 0, 0, 0, 0, 0, 0, 0, 0, 0, 0, 0, 0, 0, 0, 0, 0, 0, 0, 0, 0, 0, 0, 0, 0, 0, 0, 0, 0, 0, 0, 0, 0, 0, 0, 0, 0, 0, 0, 0, 0, 0, 0, 0, 0, 0
0.000969252, -0.000969252, -0.401305, -0.439057, -0.444815, -0.431538, -0.397399, -0.356091, -0.305247, -0.257096, -0.207264, -0.165786, -0.126187, -0.0966855, -0.0693845, -0.0514966, -0.0345072, -0.0253321, -0.0154011, -0.0117358, -0.0059636, -0.00534119, -0.00173135, -0.00260364, 0, 0, 0, 0, 0, 0, 0, 0, 0, 0, 0, 0, 0, 0, 0, 0, 0, 0, 0, 0, 0, 0, 0, 0, 0, 0, 0, 0, 0, 0, 0, 0, 0, 0, 0, 0, 0, 0, 0, 0, 0, 0, 0, 0, 0, 0, 0, 0, 0, 0, 0, 0, 0, 0, 0, 0, 0, 0, 0, 0, 0, 0, 0, 0, 0, 0, 0, 0, 0, 0, 0, 0, 0, 0, 0, 0, 0, 0, 0, 0, 0, 0, 0, 0, 0, 0, 0, 0, 0, 0, 0, 0, 0, 0, 0, 0, 0, 0, 0, 0, 0, 0, 0, 0, 0, 0, 0, 0, 0, 0, 0, 0, 0, 0, 0, 0, 0, 0, 0, 0, 0, 0, 0, 0, 0, 0, 0, 0, 0, 0, 0, 0, 0, 0, 0, 0, 0, 0, 0, 0, 0, 0, 0, 0, 0, 0, 0, 0, 0, 0, 0, 0, 0, 0, 0, 0, 0, 0, 0, 0, 0, 0, 0, 0, 0, 0, 0, 0, 0, 0, 0, 0, 0, 0, 0, 0
-0.000969252, 0.000969252, -0.335636, -0.401305, -0.439057, -0.444815, -0.431538, -0.397399, -0.356091, -0.305247, -0.257096, -0.207264, -0.165786, -0.126187, -0.0966855, -0.0693845, -0.0514966, -0.0345072, -0.0253321, -0.0154011, -0.0117358, -0.0059636, -0.00534119, -0.00173135, -0.00260364, 0, 0, 0, 0, 0, 0, 0, 0, 0, 0, 0, 0, 0, 0, 0, 0, 0, 0, 0, 0, 0, 0, 0, 0, 0, 0, 0, 0, 0, 0, 0, 0, 0, 0, 0, 0, 0, 0, 0, 0, 0, 0, 0, 0, 0, 0, 0, 0, 0, 0, 0, 0, 0, 0, 0, 0, 0, 0, 0, 0, 0, 0, 0, 0, 0, 0, 0, 0, 0, 0, 0, 0, 0, 0, 0, 0, 0, 0, 0, 0, 0, 0, 0, 0, 0, 0, 0, 0, 0, 0, 0, 0, 0, 0, 0, 0, 0, 0, 0, 0, 0, 0, 0, 0, 0, 0, 0, 0, 0, 0, 0, 0, 0, 0, 0, 0, 0, 0, 0, 0, 0, 0, 0, 0, 0, 0, 0, 0, 0, 0, 0, 0, 0, 0, 0, 0, 0, 0, 0, 0, 0, 0, 0, 0, 0, 0, 0, 0, 0, 0, 0, 0, 0, 0, 0, 0, 0, 0, 0, 0, 0, 0, 0, 0, 0, 0, 0, 0, 0, 0, 0, 0, 0, 0, 0
0.000969252, -0.000969252, -0.232934, -0.335636, -0.401305, -0.439057, -0.444815, -0.431538, -0.397399, -0.356091, -0.305247, -0.257096, -0.207264, -0.165786, -0.126187, -0.0966855, -0.0693845, -0.0514966, -0.0345072, -0.0253321, -0.0154011, -0.0117358, -0.0059636, -0.00534119, -0.00173135, -0.00260364, 0, 0, 0, 0, 0, 0, 0, 0, 0, 0, 0, 0, 0, 0, 0, 0, 0, 0, 0, 0, 0, 0, 0, 0, 0, 0, 0, 0, 0, 0, 0, 0, 0, 0, 0, 0, 0, 0, 0, 0, 0, 0, 0, 0, 0, 0, 0, 0, 0, 0, 0, 0, 0, 0, 0, 0, 0, 0, 0, 0, 0, 0, 0, 0, 0, 0, 0, 0, 0, 0, 0, 0, 0, 0, 0, 0, 0, 0, 0, 0, 0, 0, 0, 0, 0, 0, 0, 0, 0, 0, 0, 0, 0, 0, 0, 0, 0, 0, 0, 0, 0, 0, 0, 0, 0, 0, 0, 0, 0, 0, 0, 0, 0, 0, 0, 0, 0, 0, 0, 0, 0, 0, 0, 0, 0, 0, 0, 0, 0, 0, 0, 0, 0, 0, 0, 0, 0, 0, 0, 0, 0, 0, 0, 0, 0, 0, 0, 0, 0, 0, 0, 0, 0, 0, 0, 0, 0, 0, 0, 0, 0, 0, 0, 0, 0, 0, 0, 0, 0, 0, 0, 0, 0, 0
-0.000969252, 0.000969252, -0.102553, -0.232934, -0.335636, -0.401305, -0.439057, -0.444815, -0.431538, -0.397399, -0.356091, -0.305247, -0.257096, -0.207264, -0.165786, -0.126187, -0.0966855, -0.0693845, -0.0514966, -0.0345072, -0.0253321, -0.0154011, -0.0117358, -0.0059636, -0.00534119, -0.00173135, -0.00260364, 0, 0, 0, 0, 0, 0, 0, 0, 0, 0, 0, 0, 0, 0, 0, 0, 0, 0, 0, 0, 0, 0, 0, 0, 0, 0, 0, 0, 0, 0, 0, 0, 0, 0, 0, 0, 0, 0, 0, 0, 0, 0, 0, 0, 0, 0, 0, 0, 0, 0, 0, 0, 0, 0, 0, 0, 0, 0, 0, 0, 0, 0, 0, 0, 0, 0, 0, 0, 0, 0, 0, 0, 0, 0, 0, 0, 0, 0, 0, 0, 0, 0, 0, 0, 0, 0, 0, 0, 0, 0, 0, 0, 0, 0, 0, 0, 0, 0, 0, 0, 0, 0, 0, 0, 0, 0, 0, 0, 0, 0, 0, 0, 0, 0, 0, 0, 0, 0, 0, 0, 0, 0, 0, 0, 0, 0, 0, 0, 0, 0, 0, 0, 0, 0, 0, 0, 0, 0, 0, 0, 0, 0, 0, 0, 0, 0, 0, 0, 0, 0, 0, 0, 0, 0, 0, 0, 0, 0, 0, 0, 0, 0, 0, 0, 0, 0, 0, 0, 0, 0, 0, 0, 0
0.000969252, -0.000969252, 0.0583362, -0.102553, -0.232934, -0.335636, -0.401305, -0.439057, -0.444815, -0.431538, -0.397399, -0.356091, -0.305247, -0.257096, -0.207264, -0.165786, -0.126187, -0.0966855, -0.0693845, -0.0514966, -0.0345072, -0.0253321, -0.0154011, -0.0117358, -0.0059636, -0.00534119, -0.00173135, -0.00260364, 0, 0, 0, 0, 0, 0, 0, 0, 0, 0, 0, 0, 0, 0, 0, 0, 0, 0, 0, 0, 0, 0, 0, 0, 0, 0, 0, 0, 0, 0, 0, 0, 0, 0, 0, 0, 0, 0, 0, 0, 0, 0, 0, 0, 0, 0, 0, 0, 0, 0, 0, 0, 0, 0, 0, 0, 0, 0, 0, 0, 0, 0, 0, 0, 0, 0, 0, 0, 0, 0, 0, 0, 0, 0, 0, 0, 0, 0, 0, 0, 0, 0, 0, 0, 0, 0, 0, 0, 0, 0, 0, 0, 0, 0, 0, 0, 0, 0, 0, 0, 0, 0, 0, 0, 0, 0, 0, 0, 0, 0, 0, 0, 0, 0, 0, 0, 0, 0, 0, 0, 0, 0, 0, 0, 0, 0, 0, 0, 0, 0, 0, 0, 0, 0, 0, 0, 0, 0, 0, 0, 0, 0, 0, 0, 0, 0, 0, 0, 0, 0, 0, 0, 0, 0, 0, 0, 0, 0, 0, 0, 0, 0, 0, 0, 0, 0, 0, 0, 0, 0, 0, 0
-0.000969252, 0.000969252, 0.233735, 0.0583362, -0.102553, -0.232934, -0.335636, -0.401305, -0.439057, -0.444815, -0.431538, -0.397399, -0.356091, -0.305247, -0.257096, -0.207264, -0.165786, -0.126187, -0.0966855, -0.0693845, -0.0514966, -0.0345072, -0.0253321, -0.0154011, -0.0117358, -0.0059636, -0.00534119, -0.00173135, -0.00260364, 0, 0, 0, 0, 0, 0, 0, 0, 0, 0, 0, 0, 0, 0, 0, 0, 0, 0, 0, 0, 0, 0, 0, 0, 0, 0, 0, 0, 0, 0, 0, 0, 0, 0, 0, 0, 0, 0, 0, 0, 0, 0, 0, 0, 0, 0, 0, 0, 0, 0, 0, 0, 0, 0, 0, 0, 0, 0, 0, 0, 0, 0, 0, 0, 0, 0, 0, 0, 0, 0, 0, 0, 0, 0, 0, 0, 0, 0, 0, 0, 0, 0, 0, 0, 0, 0, 0, 0, 0, 0, 0, 0, 0, 0, 0, 0, 0, 0, 0, 0, 0, 0, 0, 0, 0, 0, 0, 0, 0, 0, 0, 0, 0, 0, 0, 0, 0, 0, 0, 0, 0, 0, 0, 0, 0, 0, 0, 0, 0, 0, 0, 0, 0, 0, 0, 0, 0, 0, 0, 0, 0, 0, 0, 0, 0, 0, 0, 0, 0, 0, 0, 0, 0, 0, 0, 0, 0, 0, 0, 0, 0, 0, 0, 0, 0, 0, 0, 0, 0, 0, 0
0.000969252, -0.000969252, 0.420292, 0.233735, 0.0583362, -0.102553, -0.232934, -0.335636, -0.401305, -0.439057, -0.444815, -0.431538, -0.397399, -0.356091, -0.305247, -0.257096, -0.207264, -0.165786, -0.126187, -0.0966855, -0.0693845, -0.0514966, -0.0345072, -0.0253321, -0.0154011, -0.0117358, -0.0059636, -0.00534119, -0.00173135, -0.00260364, 0, 0, 0, 0, 0, 0, 0, 0, 0, 0, 0, 0, 0, 0, 0, 0, 0, 0, 0, 0, 0, 0, 0, 0, 0, 0, 0, 0, 0, 0, 0, 0, 0, 0, 0, 0, 0, 0, 0, 0, 0, 0, 0, 0, 0, 0, 0, 0, 0, 0, 0, 0, 0, 0, 0, 0, 0, 0, 0, 0, 0, 0, 0, 0, 0, 0, 0, 0, 0, 0, 0, 0, 0, 0, 0, 0, 0, 0, 0, 0, 0, 0, 0, 0, 0, 0, 0, 0, 0, 0, 0, 0, 0, 0, 0, 0, 0, 0, 0, 0, 0, 0, 0, 0, 0, 0, 0, 0, 0, 0, 0, 0, 0, 0, 0, 0, 0, 0, 0, 0, 0, 0, 0, 0, 0, 0, 0, 0, 0, 0, 0, 0, 0, 0, 0, 0, 0, 0, 0, 0, 0, 0, 0, 0, 0, 0, 0, 0, 0, 0, 0, 0, 0, 0, 0, 0, 0, 0, 0, 0, 0, 0, 0, 0, 0, 0, 0, 0, 0, 0
-0.000969252, 0.000969252, 0.597178, 0.420292, 0.233735, 0.0583362, -0.102553, -0.232934, -0.335636, -0.401305, -0.439057, -0.444815, -0.431538, -0.397399, -0.356091, -0.305247, -0.257096, -0.207264, -0.165786, -0.126187, -0.0966855, -0.0693845, -0.0514966, -0.0345072, -0.0253321, -0.0154011, -0.0117358, -0.0059636, -0.00534119, -0.00173135, -0.00260364, 0, 0, 0, 0, 0, 0, 0, 0, 0, 0, 0, 0, 0, 0, 0, 0, 0, 0, 0, 0, 0, 0, 0, 0, 0, 0, 0, 0, 0, 0, 0, 0, 0, 0, 0, 0, 0, 0, 0, 0, 0, 0, 0, 0, 0, 0, 0, 0, 0, 0, 0, 0, 0, 0, 0, 0, 0, 0, 0, 0, 0, 0, 0, 0, 0, 0, 0, 0, 0, 0, 0, 0, 0, 0, 0, 0, 0, 0, 0, 0, 0, 0, 0, 0, 0, 0, 0, 0, 0, 0, 0, 0, 0, 0, 0, 0, 0, 0, 0, 0, 0, 0, 0, 0, 0, 0, 0, 0, 0, 0, 0, 0, 0, 0, 0, 0, 0, 0, 0, 0, 0, 0, 0, 0, 0, 0, 0, 0, 0, 0, 0, 0, 0, 0, 0, 0, 0, 0, 0, 0, 0, 0, 0, 0, 0, 0, 0, 0, 0, 0, 0, 0, 0, 0, 0, 0, 0, 0, 0, 0, 0, 0, 0, 0, 0, 0, 0, 0, 0
0.000969252, -0.000969252, 0.758358, 0.597178, 0.420292, 0.233735, 0.0583362, -0.102553, -0.232934, -0.335636, -0.401305, -0.439057, -0.444815, -0.431538, -0.397399, -0.356091, -0.305247, -0.257096, -0.207264, -0.165786, -0.126187, -0.0966855, -0.0693845, -0.0514966, -0.0345072, -0.0253321, -0.0154011, -0.0117358, -0.0059636, -0.00534119, -0.00173135, -0.00260364, 0, 0, 0, 0, 0, 0, 0, 0, 0, 0, 0, 0, 0, 0, 0, 0, 0, 0, 0, 0, 0, 0, 0, 0, 0, 0, 0, 0, 0, 0, 0, 0, 0, 0, 0, 0, 0, 0, 0, 0, 0, 0, 0, 0, 0, 0, 0, 0, 0, 0, 0, 0, 0, 0, 0, 0, 0, 0, 0, 0, 0, 0, 0, 0, 0, 0, 0, 0, 0, 0, 0, 0, 0, 0, 0, 0, 0, 0, 0, 0, 0, 0, 0, 0, 0, 0, 0, 0, 0, 0, 0, 0, 0, 0, 0, 0, 0, 0, 0, 0, 0, 0, 0, 0, 0, 0, 0, 0, 0, 0, 0, 0, 0, 0, 0, 0, 0, 0, 0, 0, 0, 0, 0, 0, 0, 0, 0, 0, 0, 0, 0, 0, 0, 0, 0, 0, 0, 0, 0, 0, 0, 0, 0, 0, 0, 0, 0, 0, 0, 0, 0, 0, 0, 0, 0, 0, 0, 0, 0, 0, 0, 0, 0, 0, 0, 0, 0, 0
-0.000969252, 0.000969252, 0.883041, 0.758358, 0.597178, 0.420292, 0.233735, 0.0583362, -0.102553, -0.232934, -0.335636, -0.401305, -0.439057, -0.444815, -0.431538, -0.397399, -0.356091, -0.305247, -0.257096, -0.207264, -0.165786, -0.126187, -0.0966855, -0.0693845, -0.0514966, -0.0345072, -0.0253321, -0.0154011, -0.0117358, -0.0059636, -0.00534119, -0.00173135, -0.00260364, 0, 0, 0, 0, 0, 0, 0, 0, 0, 0, 0, 0, 0, 0, 0, 0, 0, 0, 0, 0, 0, 0, 0, 0, 0, 0, 0, 0, 0, 0, 0, 0, 0, 0, 0, 0, 0, 0, 0, 0, 0, 0, 0, 0, 0, 0, 0, 0, 0, 0, 0, 0, 0, 0, 0, 0, 0, 0, 0, 0, 0, 0, 0, 0, 0, 0, 0, 0, 0, 0, 0, 0, 0, 0, 0, 0, 0, 0, 0, 0, 0, 0, 0, 0, 0, 0, 0, 0, 0, 0, 0, 0, 0, 0, 0, 0, 0, 0, 0, 0, 0, 0, 0, 0, 0, 0, 0, 0, 0, 0, 0, 0, 0, 0, 0, 0, 0, 0, 0, 0, 0, 0, 0, 0, 0, 0, 0, 0, 0, 0, 0, 0, 0, 0, 0, 0, 0, 0, 0, 0, 0, 0, 0, 0, 0, 0, 0, 0, 0, 0, 0, 0, 0, 0, 0, 0, 0, 0, 0, 0, 0, 0, 0, 0, 0, 0, 0
0.000969252, -0.000969252, 0.968176, 0.883041, 0.758358, 0.597178, 0.420292, 0.233735, 0.0583362, -0.102553, -0.232934, -0.335636, -0.401305, -0.439057, -0.444815, -0.431538, -0.397399, -0.356091, -0.305247, -0.257096, -0.207264, -0.165786, -0.126187, -0.0966855, -0.0693845, -0.0514966, -0.0345072, -0.0253321, -0.0154011, -0.0117358, -0.0059636, -0.00534119, -0.00173135, -0.00260364, 0, 0, 0, 0, 0, 0, 0, 0, 0, 0, 0, 0, 0, 0, 0, 0, 0, 0, 0, 0, 0, 0, 0, 0, 0, 0, 0, 0, 0, 0, 0, 0, 0, 0, 0, 0, 0, 0, 0, 0, 0, 0, 0, 0, 0, 0, 0, 0, 0, 0, 0, 0, 0, 0, 0, 0, 0, 0, 0, 0, 0, 0, 0, 0, 0, 0, 0, 0, 0, 0, 0, 0, 0, 0, 0, 0, 0, 0, 0, 0, 0, 0, 0, 0, 0, 0, 0, 0, 0, 0, 0, 0, 0, 0, 0, 0, 0, 0, 0, 0, 0, 0, 0, 0, 0, 0, 0, 0, 0, 0, 0, 0, 0, 0, 0, 0, 0, 0, 0, 0, 0, 0, 0, 0, 0, 0, 0, 0, 0, 0, 0, 0, 0, 0, 0, 0, 0, 0, 0, 0, 0, 0, 0, 0, 0, 0, 0, 0, 0, 0, 0, 0, 0, 0, 0, 0, 0, 0, 0, 0, 0, 0, 0, 0, 0, 0
-0.000969252, 0.000969252, 0.998722, 0.968176, 0.883041, 0.758358, 0.597178, 0.420292, 0.233735, 0.0583362, -0.102553, -0.232934, -0.335636, -0.401305, -0.439057, -0.444815, -0.431538, -0.397399, -0.356091, -0.305247, -0.257096, -0.207264, -0.165786, -0.126187, -0.0966855, -0.0693845, -0.0514966, -0.0345072, -0.0253321, -0.0154011, -0.0117358, -0.0059636, -0.00534119, -0.00173135, -0.00260364, 0, 0, 0, 0, 0, 0, 0, 0, 0, 0, 0, 0, 0, 0, 0, 0, 0, 0, 0, 0, 0, 0, 0, 0, 0, 0, 0, 0, 0, 0, 0, 0, 0, 0, 0, 0, 0, 0, 0, 0, 0, 0, 0, 0, 0, 0, 0, 0, 0, 0, 0, 0, 0, 0, 0, 0, 0, 0, 0, 0, 0, 0, 0, 0, 0, 0, 0, 0, 0, 0, 0, 0, 0, 0, 0, 0, 0, 0, 0, 0, 0, 0, 0, 0, 0, 0, 0, 0, 0, 0, 0, 0, 0, 0, 0, 0, 0, 0, 0, 0, 0, 0, 0, 0, 0, 0, 0, 0, 0, 0, 0, 0, 0, 0, 0, 0, 0, 0, 0, 0, 0, 0, 0, 0, 0, 0, 0, 0, 0, 0, 0, 0, 0, 0, 0, 0, 0, 0, 0, 0, 0, 0, 0, 0, 0, 0, 0, 0, 0, 0, 0, 0, 0, 0, 0, 0, 0, 0, 0, 0, 0, 0, 0, 0, 0
0.000969252, -0.000969252, 0.979549, 0.998722, 0.968176, 0.883041, 0.758358, 0.597178, 0.420292, 0.233735, 0.0583362, -0.102553, -0.232934, -0.335636, -0.401305, -0.439057, -0.444815, -0.431538, -0.397399, -0.356091, -0.305247, -0.257096, -0.207264, -0.165786, -0.126187, -0.0966855, -0.0693845, -0.0514966, -0.0345072, -0.0253321, -0.0154011, -0.0117358, -0.0059636, -0.00534119, -0.00173135, -0.00260364, 0, 0, 0, 0, 0, 0, 0, 0, 0, 0, 0, 0, 0, 0, 0, 0, 0, 0, 0, 0, 0, 0, 0, 0, 0, 0, 0, 0, 0, 0, 0, 0, 0, 0, 0, 0, 0, 0, 0, 0, 0, 0, 0, 0, 0, 0, 0, 0, 0, 0, 0, 0, 0, 0, 0, 0, 0, 0, 0, 0, 0, 0, 0, 0, 0, 0, 0, 0, 0, 0, 0, 0, 0, 0, 0, 0, 0, 0, 0, 0, 0, 0, 0, 0, 0, 0, 0, 0, 0, 0, 0, 0, 0, 0, 0, 0, 0, 0, 0, 0, 0, 0, 0, 0, 0, 0, 0, 0, 0, 0, 0, 0, 0, 0, 0, 0, 0, 0, 0, 0, 0, 0, 0, 0, 0, 0, 0, 0, 0, 0, 0, 0, 0, 0, 0, 0, 0, 0, 0, 0, 0, 0, 0, 0, 0, 0, 0, 0, 0, 0, 0, 0, 0, 0, 0, 0, 0, 0, 0, 0, 0, 0, 0, 0
-0.000969252, 0.000969252, 0.904779, 0.979549, 0.998722, 0.968176, 0.883041, 0.758358, 0.597178, 0.420292, 0.233735, 0.0583362, -0.102553, -0.232934, -0.335636, -0.401305, -0.439057, -0.444815, -0.431538, -0.397399, -0.356091, -0.305247, -0.257096, -0.207264, -0.165786, -0.126187, -0.0966855, -0.0693845, -0.0514966, -0.0345072, -0.0253321, -0.0154011, -0.0117358, -0.0059636, -0.00534119, -0.00173135, -0.00260364, 0, 0, 0, 0, 0, 0, 0, 0, 0, 0, 0, 0, 0, 0, 0, 0, 0, 0, 0, 0, 0, 0, 0, 0, 0, 0, 0, 0, 0, 0, 0, 0, 0, 0, 0, 0, 0, 0, 0, 0, 0, 0, 0, 0, 0, 0, 0, 0, 0, 0, 0, 0, 0, 0, 0, 0, 0, 0, 0, 0, 0, 0, 0, 0, 0, 0, 0, 0, 0, 0, 0, 0, 0, 0, 0, 0, 0, 0, 0, 0, 0, 0, 0, 0, 0, 0, 0, 0, 0, 0, 0, 0, 0, 0, 0, 0, 0, 0, 0, 0, 0, 0, 0, 0, 0, 0, 0, 0, 0, 0, 0, 0, 0, 0, 0, 0, 0, 0, 0, 0, 0, 0, 0, 0, 0, 0, 0, 0, 0, 0, 0, 0, 0, 0, 0, 0, 0, 0, 0, 0, 0, 0, 0, 0, 0, 0, 0, 0, 0, 0, 0, 0, 0, 0, 0, 0, 0, 0, 0, 0, 0, 0, 0
0.000969252, -0.000969252, 0.788572, 0.904779, 0.979549, 0.998722, 0.968176, 0.883041, 0.758358, 0.597178, 0.420292, 0.233735, 0.0583362, -0.102553, -0.232934, -0.335636, -0.401305, -0.439057, -0.444815, -0.431538, -0.397399, -0.356091, -0.305247, -0.257096, -0.207264, -0.165786, -0.126187, -0.0966855, -0.0693845, -0.0514966, -0.0345072, -0.0253321, -0.0154011, -0.0117358, -0.0059636, -0.00534119, -0.00173135, -0.00260364, 0, 0, 0, 0, 0, 0, 0, 0, 0, 0, 0, 0, 0, 0, 0, 0, 0, 0, 0, 0, 0, 0, 0, 0, 0, 0, 0, 0, 0, 0, 0, 0, 0, 0, 0, 0, 0, 0, 0, 0, 0, 0, 0, 0, 0, 0, 0, 0, 0, 0, 0, 0, 0, 0, 0, 0, 0, 0, 0, 0, 0, 0, 0, 0, 0, 0, 0, 0, 0, 0, 0, 0, 0, 0, 0, 0, 0, 0, 0, 0, 0, 0, 0, 0, 0, 0, 0, 0, 0, 0, 0, 0, 0, 0, 0, 0, 0, 0, 0, 0, 0, 0, 0, 0, 0, 0, 0, 0, 0, 0, 0, 0, 0, 0, 0, 0, 0, 0, 0, 0, 0, 0, 0, 0, 0, 0, 0, 0, 0, 0, 0, 0, 0, 0, 0, 0, 0, 0, 0, 0, 0, 0, 0, 0, 0, 0, 0, 0, 0, 0, 0, 0, 0, 0, 0, 0, 0, 0, 0, 0, 0, 0
-0.000969252, 0.000969252, 0.633322, 0.788572, 0.904779, 0.979549, 0.998722, 0.968176, 0.883041, 0.758358, 0.597178, 0.420292, 0.233735, 0.0583362, -0.102553, -0.232934, -0.335636, -0.401305, -0.439057, -0.444815, -0.431538, -0.397399, -0.356091, -0.305247, -0.257096, -0.207264, -0.165786, -0.126187, -0.0966855, -0.0693845, -0.0514966, -0.0345072, -0.0253321, -0.0154011, -0.0117358, -0.0059636, -0.00534119, -0.00173135, -0.00260364, 0, 0, 0, 0, 0, 0, 0, 0, 0, 0, 0, 0, 0, 0, 0, 0, 0, 0, 0, 0, 0, 0, 0, 0, 0, 0, 0, 0, 0, 0, 0, 0, 0, 0, 0, 0, 0, 0, 0, 0, 0, 0, 0, 0, 0, 0, 0, 0, 0, 0, 0, 0, 0, 0, 0, 0, 0, 0, 0, 0, 0, 0, 0, 0, 0, 0, 0, 0, 0, 0, 0, 0, 0, 0, 0, 0, 0, 0, 0, 0, 0, 0, 0, 0, 0, 0, 0, 0, 0, 0, 0, 0, 0, 0, 0, 0, 0, 0, 0, 0, 0, 0, 0, 0, 0, 0, 0, 0, 0, 0, 0, 0, 0, 0, 0, 0, 0, 0, 0, 0, 0, 0, 0, 0, 0, 0, 0, 0, 0, 0, 0, 0, 0, 0, 0, 0, 0, 0, 0, 0, 0, 0, 0, 0, 0, 0, 0, 0, 0, 0, 0, 0, 0, 0, 0, 0, 0, 0, 0, 0, 0
0.000969252, -0.000969252, 0.459465, 0.633322, 0.788572, 0.904779, 0.979549, 0.998722, 0.968176, 0.883041, 0.758358, 0.597178, 0.420292, 0.233735, 0.0583362, -0.102553, -0.232934, -0.335636, -0.401305, -0.439057, -0.444815, -0.431538, -0.397399, -0.356091, -0.305247, -0.257096, -0.207264, -0.165786, -0.126187, -0.0966855, -0.0693845, -0.0514966, -0.0345072, -0.0253321, -0.0154011, -0.0117358, -0.0059636, -0.00534119, -0.00173135, -0.00260364, 0, 0, 0, 0, 0, 0, 0, 0, 0, 0, 0, 0, 0, 0, 0, 0, 0, 0, 0, 0, 0, 0, 0, 0, 0, 0, 0, 0, 0, 0, 0, 0, 0, 0, 0, 0, 0, 0, 0, 0, 0, 0, 0, 0, 0, 0, 0, 0, 0, 0, 0, 0, 0, 0, 0, 0, 0, 0, 0, 0, 0, 0, 0, 0, 0, 0, 0, 0, 0, 0, 0, 0, 0, 0, 0, 0, 0, 0, 0, 0, 0, 0, 0, 0, 0, 0, 0, 0, 0, 0, 0, 0, 0, 0, 0, 0, 0, 0, 0, 0, 0, 0, 0, 0, 0, 0, 0, 0, 0, 0, 0, 0, 0, 0, 0, 0, 0, 0, 0, 0, 0, 0, 0, 0, 0, 0, 0, 0, 0, 0, 0, 0, 0, 0, 0, 0, 0, 0, 0, 0, 0, 0, 0, 0, 0, 0, 0, 0, 0, 0, 0, 0, 0, 0, 0, 0, 0, 0, 0, 0
-0.000969252, 0.000969252, 0.273003, 0.459465, 0.633322, 0.788572, 0.904779, 0.979549, 0.998722, 0.968176, 0.883041, 0.758358, 0.597178, 0.420292, 0.233735, 0.0583362, -0.102553, -0.232934, -0.335636, -0.401305, -0.439057, -0.444815, -0.431538, -0.397399, -0.356091, -0.305247, -0.257096, -0.207264, -0.165786, -0.126187, -0.0966855, -0.0693845, -0.0514966, -0.0345072, -0.0253321, -0.0154011, -0.0117358, -0.0059636, -0.00534119, -0.00173135, -0.00260364, 0, 0, 0, 0, 0, 0, 0, 0, 0, 0, 0, 0, 0, 0, 0, 0, 0, 0, 0, 0, 0, 0, 0, 0, 0, 0, 0, 0, 0, 0, 0, 0, 0, 0, 0, 0, 0, 0, 0, 0, 0, 0, 0, 0, 0, 0, 0, 0, 0, 0, 0, 0, 0, 0, 0, 0, 0, 0, 0, 0, 0, 0, 0, 0, 0, 0, 0, 0, 0, 0, 0, 0, 0, 0, 0, 0, 0, 0, 0, 0, 0, 0, 0, 0, 0, 0, 0, 0, 0, 0, 0, 0, 0, 0, 0, 0, 0, 0, 0, 0, 0, 0, 0, 0, 0, 0, 0, 0, 0, 0, 0, 0, 0, 0, 0, 0, 0, 0, 0, 0, 0, 0, 0, 0, 0, 0, 0, 0, 0, 0, 0, 0, 0, 0, 0, 0, 0, 0, 0, 0, 0, 0, 0, 0, 0, 0, 0, 0, 0, 0, 0, 0, 0, 0, 0, 0, 0, 0, 0
0.000969252, -0.000969252, 0.0950312, 0.273003, 0.459465, 0.633322, 0.788572, 0.904779, 0.979549, 0.998722, 0.968176, 0.883041, 0.758358, 0.597178, 0.420292, 0.233735, 0.0583362, -0.102553, -0.232934, -0.335636, -0.401305, -0.439057, -0.444815, -0.431538, -0.397399, -0.356091, -0.305247, -0.257096, -0.207264, -0.165786, -0.126187, -0.0966855, -0.0693845, -0.0514966, -0.0345072, -0.0253321, -0.0154011, -0.0117358, -0.0059636, -0.00534119, -0.00173135, -0.00260364, 0, 0, 0, 0, 0, 0, 0, 0, 0, 0, 0, 0, 0, 0, 0, 0, 0, 0, 0, 0, 0, 0, 0, 0, 0, 0, 0, 0, 0, 0, 0, 0, 0, 0, 0, 0, 0, 0, 0, 0, 0, 0, 0, 0, 0, 0, 0, 0, 0, 0, 0, 0, 0, 0, 0, 0, 0, 0, 0, 0, 0, 0, 0, 0, 0, 0, 0, 0, 0, 0, 0, 0, 0, 0, 0, 0, 0, 0, 0, 0, 0, 0, 0, 0, 0, 0, 0, 0, 0, 0, 0, 0, 0, 0, 0, 0, 0, 0, 0, 0, 0, 0, 0, 0, 0, 0, 0, 0, 0, 0, 0, 0, 0, 0, 0, 0, 0, 0, 0, 0, 0, 0, 0, 0, 0, 0, 0, 0, 0, 0, 0, 0, 0, 0, 0, 0, 0, 0, 0, 0, 0, 0, 0, 0, 0, 0, 0, 0, 0, 0, 0, 0, 0, 0, 0, 0, 0, 0
-0.000969252, 0.000969252, -0.0705875, 0.0950312, 0.273003, 0.459465, 0.633322, 0.788572, 0.904779, 0.979549, 0.998722, 0.968176, 0.883041, 0.758358, 0.597178, 0.420292, 0.233735, 0.0583362, -0.102553, -0.232934, -0.335636, -0.401305, -0.439057, -0.444815, -0.431538, -0.397399, -0.356091, -0.305247, -0.257096, -0.207264, -0.165786, -0.126187, -0.0966855, -0.0693845, -0.0514966, -0.0345072, -0.0253321, -0.0154011, -0.0117358, -0.0059636, -0.00534119, -0.00173135, -0.00260364, 0, 0, 0, 0, 0, 0, 0, 0, 0, 0, 0, 0, 0, 0, 0, 0, 0, 0, 0, 0, 0, 0, 0, 0, 0, 0, 0, 0, 0, 0, 0, 0, 0, 0, 0, 0, 0, 0, 0, 0, 0, 0, 0, 0, 0, 0, 0, 0, 0, 0, 0, 0, 0, 0, 0, 0, 0, 0, 0, 0, 0, 0, 0, 0, 0, 0, 0, 0, 0, 0, 0, 0, 0, 0, 0, 0, 0, 0, 0, 0, 0, 0, 0, 0, 0, 0, 0, 0, 0, 0, 0, 0, 0, 0, 0, 0, 0, 0, 0, 0, 0, 0, 0, 0, 0, 0, 0, 0, 0, 0, 0, 0, 0, 0, 0, 0, 0, 0, 0, 0, 0, 0, 0, 0, 0, 0, 0, 0, 0, 0, 0, 0, 0, 0, 0, 0, 0, 0, 0, 0, 0, 0, 0, 0, 0, 0, 0, 0, 0, 0, 0, 0, 0, 0, 0, 0, 0
0.000969252, -0.000969252, -0.20719, -0.0705875, 0.0950312, 0.273003, 0.459465, 0.633322, 0.788572, 0.904779, 0.979549, 0.998722, 0.968176, 0.883041, 0.758358, 0.597178, 0.420292, 0.233735, 0.0583362, -0.102553, -0.232934, -0.335636, -0.401305, -0.439057, -0.444815, -0.431538, -0.397399, -0.356091, -0.305247, -0.257096, -0.207264, -0.165786, -0.126187, -0.0966855, -0.0693845, -0.0514966, -0.0345072, -0.0253321, -0.0154011, -0.0117358, -0.0059636, -0.00534119, -0.00173135, -0.00260364, 0, 0, 0, 0, 0, 0, 0, 0, 0, 0, 0, 0, 0, 0, 0, 0, 0, 0, 0, 0, 0, 0, 0, 0, 0, 0, 0, 0, 0, 0, 0, 0, 0, 0, 0, 0, 0, 0, 0, 0, 0, 0, 0, 0, 0, 0, 0, 0, 0, 0, 0, 0, 0, 0, 0, 0, 0, 0, 0, 0, 0, 0, 0, 0, 0, 0, 0, 0, 0, 0, 0, 0, 0, 0, 0, 0, 0, 0, 0, 0, 0, 0, 0, 0, 0, 0, 0, 0, 0, 0, 0, 0, 0, 0, 0, 0, 0, 0, 0, 0, 0, 0, 0, 0, 0, 0, 0, 0, 0, 0, 0, 0, 0, 0, 0, 0, 0, 0, 0, 0, 0, 0, 0, 0, 0, 0, 0, 0, 0, 0, 0, 0, 0, 0, 0, 0, 0, 0, 0, 0, 0, 0, 0, 0, 0, 0, 0, 0, 0, 0, 0, 0, 0, 0, 0, 0
-0.000969252, 0.000969252, -0.31688, -0.20719, -0.0705875, 0.0950312, 0.273003, 0.459465, 0.633322, 0.788572, 0.904779, 0.979549, 0.998722, 0.968176, 0.883041, 0.758358, 0.597178, 0.420292, 0.233735, 0.0583362, -0.102553, -0.232934, -0.335636, -0.401305, -0.439057, -0.444815, -0.431538, -0.397399, -0.356091, -0.305247, -0.257096, -0.207264, -0.165786, -0.126187, -0.0966855, -0.0693845, -0.0514966, -0.0345072, -0.0253321, -0.0154011, -0.0117358, -0.0059636, -0.00534119, -0.00173135, -0.00260364, 0, 0, 0, 0, 0, 0, 0, 0, 0, 0, 0, 0, 0, 0, 0, 0, 0, 0, 0, 0, 0, 0, 0, 0, 0, 0, 0, 0, 0, 0, 0, 0, 0, 0, 0, 0, 0, 0, 0, 0, 0, 0, 0, 0, 0, 0, 0, 0, 0, 0, 0, 0, 0, 0, 0, 0, 0, 0, 0, 0, 0, 0, 0, 0, 0, 0, 0, 0, 0, 0, 0, 0, 0, 0, 0, 0, 0, 0, 0, 0, 0, 0, 0, 0, 0, 0, 0, 0, 0, 0, 0, 0, 0, 0, 0, 0, 0, 0, 0, 0, 0, 0, 0, 0, 0, 0, 0, 0, 0, 0, 0, 0, 0, 0, 0, 0, 0, 0, 0, 0, 0, 0, 0, 0, 0, 0, 0, 0, 0, 0, 0, 0, 0, 0, 0, 0, 0, 0, 0, 0, 0, 0, 0, 0, 0, 0, 0, 0, 0, 0, 0, 0, 0, 0, 0
0.000969252, -0.000969252, -0.389613, -0.31688, -0.20719, -0.0705875, 0.0950312, 0.273003, 0.459465, 0.633322, 0.788572, 0.904779, 0.979549, 0.998722, 0.968176, 0.883041, 0.758358, 0.597178, 0.420292, 0.233735, 0.0583362, -0.102553, -0.232934, -0.335636, -0.401305, -0.439057, -0.444815, -0.431538, -0.397399, -0.356091, -0.305247, -0.257096, -0.207264, -0.165786, -0.126187, -0.0966855, -0.0693845, -0.0514966, -0.0345072, -0.0253321, -0.0154011, -0.0117358, -0.0059636, -0.00534119, -0.00173135, -0.00260364, 0, 0, 0, 0, 0, 0, 0, 0, 0, 0, 0, 0, 0, 0, 0, 0, 0, 0, 0, 0, 0, 0, 0, 0, 0, 0, 0, 0, 0, 0, 0, 0, 0, 0, 0, 0, 0, 0, 0, 0, 0, 0, 0, 0, 0, 0, 0, 0, 0, 0, 0, 0, 0, 0, 0, 0, 0, 0, 0, 0, 0, 0, 0, 0, 0, 0, 0, 0, 0, 0, 0, 0, 0, 0, 0, 0, 0, 0, 0, 0, 0, 0, 0, 0, 0, 0, 0, 0, 0, 0, 0, 0, 0, 0, 0, 0, 0, 0, 0, 0, 0, 0, 0, 0, 0, 0, 0, 0, 0, 0, 0, 0, 0, 0, 0, 0, 0, 0, 0, 0, 0, 0, 0, 0, 0, 0, 0, 0, 0, 0, 0, 0, 0, 0, 0, 0, 0, 0, 0, 0, 0, 0, 0, 0, 0, 0, 0, 0, 0, 0, 0, 0, 0, 0
-0.000969252, 0.000969252, -0.433919, -0.389613, -0.31688, -0.20719, -0.0705875, 0.0950312, 0.273003, 0.459465, 0.633322, 0.788572, 0.904779, 0.979549, 0.998722, 0.968176, 0.883041, 0.758358, 0.597178, 0.420292, 0.233735, 0.0583362, -0.102553, -0.232934, -0.335636, -0.401305, -0.439057, -0.444815, -0.431538, -0.397399, -0.356091, -0.305247, -0.257096, -0.207264, -0.165786, -0.126187, -0.0966855, -0.0693845, -0.0514966, -0.0345072, -0.0253321, -0.0154011, -0.0117358, -0.0059636, -0.00534119, -0.00173135, -0.00260364, 0, 0, 0, 0, 0, 0, 0, 0, 0, 0, 0, 0, 0, 0, 0, 0, 0, 0, 0, 0, 0, 0, 0, 0, 0, 0, 0, 0, 0, 0, 0, 0, 0, 0, 0, 0, 0, 0, 0, 0, 0, 0, 0, 0, 0, 0, 0, 0, 0, 0, 0, 0, 0, 0, 0, 0, 0, 0, 0, 0, 0, 0, 0, 0, 0, 0, 0, 0, 0, 0, 0, 0, 0, 0, 0, 0, 0, 0, 0, 0, 0, 0, 0, 0, 0, 0, 0, 0, 0, 0, 0, 0, 0, 0, 0, 0, 0, 0, 0, 0, 0, 0, 0, 0, 0, 0, 0, 0, 0, 0, 0, 0, 0, 0, 0, 0, 0, 0, 0, 0, 0, 0, 0, 0, 0, 0, 0, 0, 0, 0, 0, 0, 0, 0, 0, 0, 0, 0, 0, 0, 0, 0, 0, 0, 0, 0, 0, 0, 0, 0, 0, 0, 0
0.000969252, -0.000969252, -0.445289, -0.433919, -0.389613, -0.31688, -0.20719, -0.0705875, 0.0950312, 0.273003, 0.459465, 0.633322, 0.788572, 0.904779, 0.979549, 0.998722, 0.968176, 0.883041, 0.758358, 0.597178, 0.420292, 0.233735, 0.0583362, -0.102553, -0.232934, -0.335636, -0.401305, -0.439057, -0.444815, -0.431538, -0.397399, -0.356091, -0.305247, -0.257096, -0.207264, -0.165786, -0.126187, -0.0966855, -0.0693845, -0.0514966, -0.0345072, -0.0253321, -0.0154011, -0.0117358, -0.0059636, -0.00534119, -0.00173135, -0.00260364, 0, 0, 0, 0, 0, 0, 0, 0, 0, 0, 0, 0, 0, 0, 0, 0, 0, 0, 0, 0, 0, 0, 0, 0, 0, 0, 0, 0, 0, 0, 0, 0, 0, 0, 0, 0, 0, 0, 0, 0, 0, 0, 0, 0, 0, 0, 0, 0, 0, 0, 0, 0, 0, 0, 0, 0, 0, 0, 0, 0, 0, 0, 0, 0, 0, 0, 0, 0, 0, 0, 0, 0, 0, 0, 0, 0, 0, 0, 0, 0, 0, 0, 0, 0, 0, 0, 0, 0, 0, 0, 0, 0, 0, 0, 0, 0, 0, 0, 0, 0, 0, 0, 0, 0, 0, 0, 0, 0, 0, 0, 0, 0, 0, 0, 0, 0, 0, 0, 0, 0, 0, 0, 0, 0, 0, 0, 0, 0, 0, 0, 0, 0, 0, 0, 0, 0, 0, 0, 0, 0, 0, 0, 0, 0, 0, 0, 0, 0, 0, 0, 0, 0
-0.000969252, 0.000969252, -0.436423, -0.445289, -0.433919, -0.389613, -0.31688, -0.20719, -0.0705875, 0.0950312, 0.273003, 0.459465, 0.633322, 0.788572, 0.904779, 0.979549, 0.998722, 0.968176, 0.883041, 0.758358, 0.597178, 0.420292, 0.233735, 0.0583362, -0.102553, -0.232934, -0.335636, -0.401305, -0.439057, -0.444815, -0.431538, -0.397399, -0.356091, -0.305247, -0.257096, -0.207264, -0.165786, -0.126187, -0.0966855, -0.0693845, -0.0514966, -0.0345072, -0.0253321, -0.0154011, -0.0117358, -0.0059636, -0.00534119, -0.00173135, -0.00260364, 0, 0, 0, 0, 0, 0, 0, 0, 0, 0, 0, 0, 0, 0, 0, 0, 0, 0, 0, 0, 0, 0, 0, 0, 0, 0, 0, 0, 0, 0, 0, 0, 0, 0, 0, 0, 0, 0, 0, 0, 0, 0, 0, 0, 0, 0, 0, 0, 0, 0, 0, 0, 0, 0, 0, 0, 0, 0, 0, 0, 0, 0, 0, 0, 0, 0, 0, 0, 0, 0, 0, 0, 0, 0, 0, 0, 0, 0, 0, 0, 0, 0, 0, 0, 0, 0, 0, 0, 0, 0, 0, 0, 0, 0, 0, 0, 0, 0, 0, 0, 0, 0, 0, 0, 0, 0, 0, 0, 0, 0, 0, 0, 0, 0, 0, 0, 0, 0, 0, 0, 0, 0, 0, 0, 0, 0, 0, 0, 0, 0, 0, 0, 0, 0, 0, 0, 0, 0, 0, 0, 0, 0, 0, 0, 0, 0, 0, 0, 0, 0, 0
0.000969252, -0.000969252, -0.405406, -0.436423, -0.445289, -0.433919, -0.389613, -0.31688, -0.20719, -0.0705875, 0.0950312, 0.273003, 0.459465, 0.633322, 0.788572, 0.904779, 0.979549, 0.998722, 0.968176, 0.883041, 0.758358, 0.597178, 0.420292, 0.233735, 0.0583362, -0.102553, -0.232934, -0.335636, -0.401305, -0.439057, -0.444815, -0.431538, -0.397399, -0.356091, -0.305247, -0.257096, -0.207264, -0.165786, -0.126187, -0.0966855, -0.0693845, -0.0514966, -0.0345072, -0.0253321, -0.0154011, -0.0117358, -0.0059636, -0.00534119, -0.00173135, -0.00260364, 0, 0, 0, 0, 0, 0, 0, 0, 0, 0, 0, 0, 0, 0, 0, 0, 0, 0, 0, 0, 0, 0, 0, 0, 0, 0, 0, 0, 0, 0, 0, 0, 0, 0, 0, 0, 0, 0, 0, 0, 0, 0, 0, 0, 0, 0, 0, 0, 0, 0, 0, 0, 0, 0, 0, 0, 0, 0, 0, 0, 0, 0, 0, 0, 0, 0, 0, 0, 0, 0, 0, 0, 0, 0, 0, 0, 0, 0, 0, 0, 0, 0, 0, 0, 0, 0, 0, 0, 0, 0, 0, 0, 0, 0, 0, 0, 0, 0, 0, 0, 0, 0, 0, 0, 0, 0, 0, 0, 0, 0, 0, 0, 0, 0, 0, 0, 0, 0, 0, 0, 0, 0, 0, 0, 0, 0, 0, 0, 0, 0, 0, 0, 0, 0, 0, 0, 0, 0, 0, 0, 0, 0, 0, 0, 0, 0, 0, 0, 0, 0
-0.000969252, 0.000969252, -0.36598, -0.405406, -0.436423, -0.445289, -0.433919, -0.389613, -0.31688, -0.20719, -0.0705875, 0.0950312, 0.273003, 0.459465, 0.633322, 0.788572, 0.904779, 0.979549, 0.998722, 0.968176, 0.883041, 0.758358, 0.597178, 0.420292, 0.233735, 0.0583362, -0.102553, -0.232934, -0.335636, -0.401305, -0.439057, -0.444815, -0.431538, -0.397399, -0.356091, -0.305247, -0.257096, -0.207264, -0.165786, -0.126187, -0.0966855, -0.0693845, -0.0514966, -0.0345072, -0.0253321, -0.0154011, -0.0117358, -0.0059636, -0.00534119, -0.00173135, -0.00260364, 0, 0, 0, 0, 0, 0, 0, 0, 0, 0, 0, 0, 0, 0, 0, 0, 0, 0, 0, 0, 0, 0, 0, 0, 0, 0, 0, 0, 0, 0, 0, 0, 0, 0, 0, 0, 0, 0, 0, 0, 0, 0, 0, 0, 0, 0, 0, 0, 0, 0, 0, 0, 0, 0, 0, 0, 0, 0, 0, 0, 0, 0, 0, 0, 0, 0, 0, 0, 0, 0, 0, 0, 0, 0, 0, 0, 0, 0, 0, 0, 0, 0, 0, 0, 0, 0, 0, 0, 0, 0, 0, 0, 0, 0, 0, 0, 0, 0, 0, 0, 0, 0, 0, 0, 0, 0, 0, 0, 0, 0, 0, 0, 0, 0, 0, 0, 0, 0, 0, 0, 0, 0, 0, 0, 0, 0, 0, 0, 0, 0, 0, 0, 0, 0, 0, 0, 0, 0, 0, 0, 0, 0, 0, 0, 0, 0, 0, 0, 0
0.000969252, -0.000969252, -0.315935, -0.36598, -0.405406, -0.436423, -0.445289, -0.433919, -0.389613, -0.31688, -0.20719, -0.0705875, 0.0950312, 0.273003, 0.459465, 0.633322, 0.788572, 0.904779, 0.979549, 0.998722, 0.968176, 0.883041, 0.758358, 0.597178, 0.420292, 0.233735, 0.0583362, -0.102553, -0.232934, -0.335636, -0.401305, -0.439057, -0.444815, -0.431538, -0.397399, -0.356091, -0.305247, -0.257096, -0.207264, -0.165786, -0.126187, -0.0966855, -0.0693845, -0.0514966, -0.0345072, -0.0253321, -0.0154011, -0.0117358, -0.0059636, -0.00534119, -0.00173135, -0.00260364, 0, 0, 0, 0, 0, 0, 0, 0, 0, 0, 0, 0, 0, 0, 0, 0, 0, 0, 0, 0, 0, 0, 0, 0, 0, 0, 0, 0, 0, 0, 0, 0, 0, 0, 0, 0, 0, 0, 0, 0, 0, 0, 0, 0, 0, 0, 0, 0, 0, 0, 0, 0, 0, 0, 0, 0, 0, 0, 0, 0, 0, 0, 0, 0, 0, 0, 0, 0, 0, 0, 0, 0, 0, 0, 0, 0, 0, 0, 0, 0, 0, 0, 0, 0, 0, 0, 0, 0, 0, 0, 0, 0, 0, 0, 0, 0, 0, 0, 0, 0, 0, 0, 0, 0, 0, 0, 0, 0, 0, 0, 0, 0, 0, 0, 0, 0, 0, 0, 0, 0, 0, 0, 0, 0, 0, 0, 0, 0, 0, 0, 0, 0, 0, 0, 0, 0, 0, 0, 0, 0, 0, 0, 0, 0, 0, 0, 0, 0
-0.000969252, 0.000969252, -0.267714, -0.315935, -0.36598, -0.405406, -0.436423, -0.445289, -0.433919, -0.389613, -0.31688, -0.20719, -0.0705875, 0.0950312, 0.273003, 0.459465, 0.633322, 0.788572, 0.904779, 0.979549, 0.998722, 0.968176, 0.883041, 0.758358, 0.597178, 0.420292, 0.233735, 0.0583362, -0.102553, -0.232934, -0.335636, -0.401305, -0.439057, -0.444815, -0.431538, -0.397399, -0.356091, -0.305247, -0.257096, -0.207264, -0.165786, -0.126187, -0.0966855, -0.0693845, -0.0514966, -0.0345072, -0.0253321, -0.0154011, -0.0117358, -0.0059636, -0.00534119, -0.00173135, -0.00260364, 0, 0, 0, 0, 0, 0, 0, 0, 0, 0, 0, 0, 0, 0, 0, 0, 0, 0, 0, 0, 0, 0, 0, 0, 0, 0, 0, 0, 0, 0, 0, 0, 0, 0, 0, 0, 0, 0, 0, 0, 0, 0, 0, 0, 0, 0, 0, 0, 0, 0, 0, 0, 0, 0, 0, 0, 0, 0, 0, 0, 0, 0, 0, 0, 0, 0, 0, 0, 0, 0, 0, 0, 0, 0, 0, 0, 0, 0, 0, 0, 0, 0, 0, 0, 0, 0, 0, 0, 0, 0, 0, 0, 0, 0, 0, 0, 0, 0, 0, 0, 0, 0, 0, 0, 0, 0, 0, 0, 0, 0, 0, 0, 0, 0, 0, 0, 0, 0, 0, 0, 0, 0, 0, 0, 0, 0, 0, 0, 0, 0, 0, 0, 0, 0, 0, 0, 0, 0, 0, 0, 0, 0, 0, 0, 0, 0, 0
0.000969252, -0.000969252, -0.217185, -0.267714, -0.315935, -0.36598, -0.405406, -0.436423, -0.445289, -0.433919, -0.389613, -0.31688, -0.20719, -0.0705875, 0.0950312, 0.273003, 0.459465, 0.633322, 0.788572, 0.904779, 0.979549, 0.998722, 0.968176, 0.883041, 0.758358, 0.597178, 0.420292, 0.233735, 0.0583362, -0.102553, -0.232934, -0.335636, -0.401305, -0.439057, -0.444815, -0.431538, -0.397399, -0.356091, -0.305247, -0.257096, -0.207264, -0.165786, -0.126187, -0.0966855, -0.0693845, -0.0514966, -0.0345072, -0.0253321, -0.0154011, -0.0117358, -0.0059636, -0.00534119, -0.00173135, -0.00260364, 0, 0, 0, 0, 0, 0, 0, 0, 0, 0, 0, 0, 0, 0, 0, 0, 0, 0, 0, 0, 0, 0, 0, 0, 0, 0, 0, 0, 0, 0, 0, 0, 0, 0, 0, 0, 0, 0, 0, 0, 0, 0, 0, 0, 0, 0, 0, 0, 0, 0, 0, 0, 0, 0, 0, 0, 0, 0, 0, 0, 0, 0, 0, 0, 0, 0, 0, 0, 0, 0, 0, 0, 0, 0, 0, 0, 0, 0, 0, 0, 0, 0, 0, 0, 0, 0, 0, 0, 0, 0, 0, 0, 0, 0, 0, 0, 0, 0, 0, 0, 0, 0, 0, 0, 0, 0, 0, 0, 0, 0, 0, 0, 0, 0, 0, 0, 0, 0, 0, 0, 0, 0, 0, 0, 0, 0, 0, 0, 0, 0, 0, 0, 0, 0, 0, 0, 0, 0, 0, 0, 0, 0, 0, 0, 0, 0
-0.000969252, 0.000969252, -0.174611, -0.217185, -0.267714, -0.315935, -0.36598, -0.405406, -0.436423, -0.445289, -0.433919, -0.389613, -0.31688, -0.20719, -0.0705875, 0.0950312, 0.273003, 0.459465, 0.633322, 0.788572, 0.904779, 0.979549, 0.998722, 0.968176, 0.883041, 0.758358, 0.597178, 0.420292, 0.233735, 0.0583362, -0.102553, -0.232934, -0.335636, -0.401305, -0.439057, -0.444815, -0.431538, -0.397399, -0.356091, -0.305247, -0.257096, -0.207264, -0.165786, -0.126187, -0.0966855, -0.0693845, -0.0514966, -0.0345072, -0.0253321, -0.0154011, -0.0117358, -0.0059636, -0.00534119, -0.00173135, -0.00260364, 0, 0, 0, 0, 0, 0, 0, 0, 0, 0, 0, 0, 0, 0, 0, 0, 0, 0, 0, 0, 0, 0, 0, 0, 0, 0, 0, 0, 0, 0, 0, 0, 0, 0, 0, 0, 0, 0, 0, 0, 0, 0, 0, 0, 0, 0, 0, 0, 0, 0, 0, 0, 0, 0, 0, 0, 0, 0, 0, 0, 0, 0, 0, 0, 0, 0, 0, 0, 0, 0, 0, 0, 0, 0, 0, 0, 0, 0, 0, 0, 0, 0, 0, 0, 0, 0, 0, 0, 0, 0, 0, 0, 0, 0, 0, 0, 0, 0, 0, 0, 0, 0, 0, 0, 0, 0, 0, 0, 0, 0, 0, 0, 0, 0, 0, 0, 0, 0, 0, 0, 0, 0, 0, 0, 0, 0, 0, 0, 0, 0, 0, 0, 0, 0, 0, 0, 0, 0, 0, 0, 0, 0, 0, 0, 0
0.000969252, -0.000969252, -0.133719, -0.174611, -0.217185, -0.267714, -0.315935, -0.36598, -0.405406, -0.436423, -0.445289, -0.433919, -0.389613, -0.31688, -0.20719, -0.0705875, 0.0950312, 0.273003, 0.459465, 0.633322, 0.788572, 0.904779, 0.979549, 0.998722, 0.968176, 0.883041, 0.758358, 0.597178, 0.420292, 0.233735, 0.0583362, -0.102553, -0.232934, -0.335636, -0.401305, -0.439057, -0.444815, -0.431538, -0.397399, -0.356091, -0.305247, -0.257096, -0.207264, -0.165786, -0.126187, -0.0966855, -0.0693845, -0.0514966, -0.0345072, -0.0253321, -0.0154011, -0.0117358, -0.0059636, -0.00534119, -0.00173135, -0.00260364, 0, 0, 0, 0, 0, 0, 0, 0, 0, 0, 0, 0, 0, 0, 0, 0, 0, 0, 0, 0, 0, 0, 0, 0, 0, 0, 0, 0, 0, 0, 0, 0, 0, 0, 0, 0, 0, 0, 0, 0, 0, 0, 0, 0, 0, 0, 0, 0, 0, 0, 0, 0, 0, 0, 0, 0, 0, 0, 0, 0, 0, 0, 0, 0, 0, 0, 0, 0, 0, 0, 0, 0, 0, 0, 0, 0, 0, 0, 0, 0, 0, 0, 0, 0, 0, 0, 0, 0, 0, 0, 0, 0, 0, 0, 0, 0, 0, 0, 0, 0, 0, 0, 0, 0, 0, 0, 0, 0, 0, 0, 0, 0, 0, 0, 0, 0, 0, 0, 0, 0, 0, 0, 0, 0, 0, 0, 0, 0, 0, 0, 0, 0, 0, 0, 0, 0, 0, 0, 0, 0, 0, 0, 0, 0
-0.000969252, 0.000969252, -0.102882, -0.133719, -0.174611, -0.217185, -0.267714, -0.315935, -0.36598, -0.405406, -0.436423, -0.445289, -0.433919, -0.389613, -0.31688, -0.20719, -0.0705875, 0.0950312, 0.273003, 0.459465, 0.633322, 0.788572, 0.904779, 0.979549, 0.998722, 0.968176, 0.883041, 0.758358, 0.597178, 0.420292, 0.233735, 0.0583362, -0.102553, -0.232934, -0.335636, -0.401305, -0.439057, -0.444815, -0.431538, -0.397399, -0.356091, -0.305247, -0.257096, -0.207264, -0.165786, -0.126187, -0.0966855, -0.0693845, -0.0514966, -0.0345072, -0.0253321, -0.0154011, -0.0117358, -0.0059636, -0.00534119, -0.00173135, -0.00260364, 0, 0, 0, 0, 0, 0, 0, 0, 0, 0, 0, 0, 0, 0, 0, 0, 0, 0, 0, 0, 0, 0, 0, 0, 0, 0, 0, 0, 0, 0, 0, 0, 0, 0, 0, 0, 0, 0, 0, 0, 0, 0, 0, 0, 0, 0, 0, 0, 0, 0, 0, 0, 0, 0, 0, 0, 0, 0, 0, 0, 0, 0, 0, 0, 0, 0, 0, 0, 0, 0, 0, 0, 0, 0, 0, 0, 0, 0, 0, 0, 0, 0, 0, 0, 0, 0, 0, 0, 0, 0, 0, 0, 0, 0, 0, 0, 0, 0, 0, 0, 0, 0, 0, 0, 0, 0, 0, 0, 0, 0, 0, 0, 0, 0, 0, 0, 0, 0, 0, 0, 0, 0, 0, 0, 0, 0, 0, 0, 0, 0, 0, 0, 0, 0, 0, 0, 0, 0, 0, 0, 0, 0, 0
0.000969252, -0.000969252, -0.0743171, -0.102882, -0.133719, -0.174611, -0.217185, -0.267714, -0.315935, -0.36598, -0.405406, -0.436423, -0.445289, -0.433919, -0.389613, -0.31688, -0.20719, -0.0705875, 0.0950312, 0.273003, 0.459465, 0.633322, 0.788572, 0.904779, 0.979549, 0.998722, 0.968176, 0.883041, 0.758358, 0.597178, 0.420292, 0.233735, 0.0583362, -0.102553, -0.232934, -0.335636, -0.401305, -0.439057, -0.444815, -0.431538, -0.397399, -0.356091, -0.305247, -0.257096, -0.207264, -0.165786, -0.126187, -0.0966855, -0.0693845, -0.0514966, -0.0345072, -0.0253321, -0.0154011, -0.0117358, -0.0059636, -0.00534119, -0.00173135, -0.00260364, 0, 0, 0, 0, 0, 0, 0, 0, 0, 0, 0, 0, 0, 0, 0, 0, 0, 0, 0, 0, 0, 0, 0, 0, 0, 0, 0, 0, 0, 0, 0, 0, 0, 0, 0, 0, 0, 0, 0, 0, 0, 0, 0, 0, 0, 0, 0, 0, 0, 0, 0, 0, 0, 0, 0, 0, 0, 0, 0, 0, 0, 0, 0, 0, 0, 0, 0, 0, 0, 0, 0, 0, 0, 0, 0, 0, 0, 0, 0, 0, 0, 0, 0, 0, 0, 0, 0, 0, 0, 0, 0, 0, 0, 0, 0, 0, 0, 0, 0, 0, 0, 0, 0, 0, 0, 0, 0, 0, 0, 0, 0, 0, 0, 0, 0, 0, 0, 0, 0, 0, 0, 0, 0, 0, 0, 0, 0, 0, 0, 0, 0, 0, 0, 0, 0, 0, 0, 0, 0, 0, 0, 0
-0.000969252, 0.000969252, -0.0553049, -0.0743171, -0.102882, -0.133719, -0.174611, -0.217185, -0.267714, -0.315935, -0.36598, -0.405406, -0.436423, -0.445289, -0.433919, -0.389613, -0.31688, -0.20719, -0.0705875, 0.0950312, 0.273003, 0.459465, 0.633322, 0.788572, 0.904779, 0.979549, 0.998722, 0.968176, 0.883041, 0.758358, 0.597178, 0.420292, 0.233735, 0.0583362, -0.102553, -0.232934, -0.335636, -0.401305, -0.439057, -0.444815, -0.431538, -0.397399, -0.356091, -0.305247, -0.257096, -0.207264, -0.165786, -0.126187, -0.0966855, -0.0693845, -0.0514966, -0.0345072, -0.0253321, -0.0154011, -0.0117358, -0.0059636, -0.00534119, -0.00173135, -0.00260364, 0, 0, 0, 0, 0, 0, 0, 0, 0, 0, 0, 0, 0, 0, 0, 0, 0, 0, 0, 0, 0, 0, 0, 0, 0, 0, 0, 0, 0, 0, 0, 0, 0, 0, 0, 0, 0, 0, 0, 0, 0, 0, 0, 0, 0, 0, 0, 0, 0, 0, 0, 0, 0, 0, 0, 0, 0, 0, 0, 0, 0, 0, 0, 0, 0, 0, 0, 0, 0, 0, 0, 0, 0, 0, 0, 0, 0, 0, 0, 0, 0, 0, 0, 0, 0, 0, 0, 0, 0, 0, 0, 0, 0, 0, 0, 0, 0, 0, 0, 0, 0, 0, 0, 0, 0, 0, 0, 0, 0, 0, 0, 0, 0, 0, 0, 0, 0, 0, 0, 0, 0, 0, 0, 0, 0, 0, 0, 0, 0, 0, 0, 0, 0, 0, 0, 0, 0, 0, 0, 0, 0
0.000969252, -0.000969252, -0.0373644, -0.0553049, -0.0743171, -0.102882, -0.133719, -0.174611, -0.217185, -0.267714, -0.315935, -0.36598, -0.405406, -0.436423, -0.445289, -0.433919, -0.389613, -0.31688, -0.20719, -0.0705875, 0.0950312, 0.273003, 0.459465, 0.633322, 0.788572, 0.904779, 0.979549, 0.998722, 0.968176, 0.883041, 0.758358, 0.597178, 0.420292, 0.233735, 0.0583362, -0.102553, -0.232934, -0.335636, -0.401305, -0.439057, -0.444815, -0.431538, -0.397399, -0.356091, -0.305247, -0.257096, -0.207264, -0.165786, -0.126187, -0.0966855, -0.0693845, -0.0514966, -0.0345072, -0.0253321, -0.0154011, -0.0117358, -0.0059636, -0.00534119, -0.00173135, -0.00260364, 0, 0, 0, 0, 0, 0, 0, 0, 0, 0, 0, 0, 0, 0, 0, 0, 0, 0, 0, 0, 0, 0, 0, 0, 0, 0, 0, 0, 0, 0, 0, 0, 0, 0, 0, 0, 0, 0, 0, 0, 0, 0, 0, 0, 0, 0, 0, 0, 0, 0, 0, 0, 0, 0, 0, 0, 0, 0, 0, 0, 0, 0, 0, 0, 0, 0, 0, 0, 0, 0, 0, 0, 0, 0, 0, 0, 0, 0, 0, 0, 0, 0, 0, 0, 0, 0, 0, 0, 0, 0, 0, 0, 0, 0, 0, 0, 0, 0, 0, 0, 0, 0, 0, 0, 0, 0, 0, 0, 0, 0, 0, 0, 0, 0, 0, 0, 0, 0, 0, 0, 0, 0, 0, 0, 0, 0, 0, 0, 0, 0, 0, 0, 0, 0, 0, 0, 0, 0, 0, 0
-0.000969252, 0.000969252, -0.0274183, -0.0373644, -0.0553049, -0.0743171, -0.102882, -0.133719, -0.174611, -0.217185, -0.267714, -0.315935, -0.36598, -0.405406, -0.436423, -0.445289, -0.433919, -0.389613, -0.31688, -0.20719, -0.0705875, 0.0950312, 0.273003, 0.459465, 0.633322, 0.788572, 0.904779, 0.979549, 0.998722, 0.968176, 0.883041, 0.758358, 0.597178, 0.420292, 0.233735, 0.0583362, -0.102553, -0.232934, -0.335636, -0.401305, -0.439057, -0.444815, -0.431538, -0.397399, -0.356091, -0.305247, -0.257096, -0.207264, -0.165786, -0.126187, -0.0966855, -0.0693845, -0.0514966, -0.0345072, -0.0253321, -0.0154011, -0.0117358, -0.0059636, -0.00534119, -0.00173135, -0.00260364, 0, 0, 0, 0, 0, 0, 0, 0, 0, 0, 0, 0, 0, 0, 0, 0, 0, 0, 0, 0, 0, 0, 0, 0, 0, 0, 0, 0, 0, 0, 0, 0, 0, 0, 0, 0, 0, 0, 0, 0, 0, 0, 0, 0, 0, 0, 0, 0, 0, 0, 0, 0, 0, 0, 0, 0, 0, 0, 0, 0, 0, 0, 0, 0, 0, 0, 0, 0, 0, 0, 0, 0, 0, 0, 0, 0, 0, 0, 0, 0, 0, 0, 0, 0, 0, 0, 0, 0, 0, 0, 0, 0, 0, 0, 0, 0, 0, 0, 0, 0, 0, 0, 0, 0, 0, 0, 0, 0, 0, 0, 0, 0, 0, 0, 0, 0, 0, 0, 0, 0, 0, 0, 0, 0, 0, 0, 0, 0, 0, 0, 0, 0, 0, 0, 0, 0, 0, 0, 0
0.000969252, -0.000969252, -0.0168853, -0.0274183, -0.0373644, -0.0553049, -0.0743171, -0.102882, -0.133719, -0.174611, -0.217185, -0.267714, -0.315935, -0.36598, -0.405406, -0.436423, -0.445289, -0.433919, -0.389613, -0.31688, -0.20719, -0.0705875, 0.0950312, 0.273003, 0.459465, 0.633322, 0.788572, 0.904779, 0.979549, 0.998722, 0.968176, 0.883041, 0.758358, 0.597178, 0.420292, 0.233735, 0.0583362, -0.102553, -0.232934, -0.335636, -0.401305, -0.439057, -0.444815, -0.431538, -0.397399, -0.356091, -0.305247, -0.257096, -0.207264, -0.165786, -0.126187, -0.0966855, -0.0693845, -0.0514966, -0.0345072, -0.0253321, -0.0154011, -0.0117358, -0.0059636, -0.00534119, -0.00173135, -0.00260364, 0, 0, 0, 0, 0, 0, 0, 0, 0, 0, 0, 0, 0, 0, 0, 0, 0, 0, 0, 0, 0, 0, 0, 0, 0, 0, 0, 0, 0, 0, 0, 0, 0, 0, 0, 0, 0, 0, 0, 0, 0, 0, 0, 0, 0, 0, 0, 0, 0, 0, 0, 0, 0, 0, 0, 0, 0, 0, 0, 0, 0, 0, 0, 0, 0, 0, 0, 0, 0, 0, 0, 0, 0, 0, 0, 0, 0, 0, 0, 0, 0, 0, 0, 0, 0, 0, 0, 0, 0, 0, 0, 0, 0, 0, 0, 0, 0, 0, 0, 0, 0, 0, 0, 0, 0, 0, 0, 0, 0, 0, 0, 0, 0, 0, 0, 0, 0, 0, 0, 0, 0, 0, 0, 0, 0, 0, 0, 0, 0, 0, 0, 0, 0, 0, 0, 0, 0, 0
-0.000969252, 0.000969252, -0.0127656, -0.0168853, -0.0274183, -0.0373644, -0.0553049, -0.0743171, -0.102882, -0.133719, -0.174611, -0.217185, -0.267714, -0.315935, -0.36598, -0.405406, -0.436423, -0.445289, -0.433919, -0.389613, -0.31688, -0.20719, -0.0705875, 0.0950312, 0.273003, 0.459465, 0.633322, 0.788572, 0.904779, 0.979549, 0.998722, 0.968176, 0.883041, 0.758358, 0.597178, 0.420292, 0.233735, 0.0583362, -0.102553, -0.232934, -0.335636, -0.401305, -0.439057, -0.444815, -0.431538, -0.397399, -0.356091, -0.305247, -0.257096, -0.207264, -0.165786, -0.126187, -0.0966855, -0.0693845, -0.0514966, -0.0345072, -0.0253321, -0.0154011, -0.0117358, -0.0059636, -0.00534119, -0.00173135, -0.00260364, 0, 0, 0, 0, 0, 0, 0, 0, 0, 0, 0, 0, 0, 0, 0, 0, 0, 0, 0, 0, 0, 0, 0, 0, 0, 0, 0, 0, 0, 0, 0, 0, 0, 0, 0, 0, 0, 0, 0, 0, 0, 0, 0, 0, 0, 0, 0, 0, 0, 0, 0, 0, 0, 0, 0, 0, 0, 0, 0, 0, 0, 0, 0, 0, 0, 0, 0, 0, 0, 0, 0, 0, 0, 0, 0, 0, 0, 0, 0, 0, 0, 0, 0, 0, 0, 0, 0, 0, 0, 0, 0, 0, 0, 0, 0, 0, 0, 0, 0, 0, 0, 0, 0, 0, 0, 0, 0, 0, 0, 0, 0, 0, 0, 0, 0, 0, 0, 0, 0, 0, 0, 0, 0, 0, 0, 0, 0, 0, 0, 0, 0, 0, 0, 0, 0, 0, 0
0.000969252, -0.000969252, -0.00666092, -0.0127656, -0.0168853, -0.0274183, -0.0373644, -0.0553049, -0.0743171, -0.102882, -0.133719, -0.174611, -0.217185, -0.267714, -0.315935, -0.36598, -0.405406, -0.436423, -0.445289, -0.433919, -0.389613, -0.31688, -0.20719, -0.0705875, 0.0950312, 0.273003, 0.459465, 0.633322, 0.788572, 0.904779, 0.979549, 0.998722, 0.968176, 0.883041, 0.758358, 0.597178, 0.420292, 0.233735, 0.0583362, -0.102553, -0.232934, -0.335636, -0.401305, -0.439057, -0.444815, -0.431538, -0.397399, -0.356091, -0.305247, -0.257096, -0.207264, -0.165786, -0.126187, -0.0966855, -0.0693845, -0.0514966, -0.0345072, -0.0253321, -0.0154011, -0.0117358, -0.0059636, -0.00534119, -0.00173135, -0.00260364, 0, 0, 0, 0, 0, 0, 0, 0, 0, 0, 0, 0, 0, 0, 0, 0, 0, 0, 0, 0, 0, 0, 0, 0, 0, 0, 0, 0, 0, 0, 0, 0, 0, 0, 0, 0, 0, 0, 0, 0, 0, 0, 0, 0, 0, 0, 0, 0, 0, 0, 0, 0, 0, 0, 0, 0, 0, 0, 0, 0, 0, 0, 0, 0, 0, 0, 0, 0, 0, 0, 0, 0, 0, 0, 0, 0, 0, 0, 0, 0, 0, 0, 0, 0, 0, 0, 0, 0, 0, 0, 0, 0, 0, 0, 0, 0, 0, 0, 0, 0, 0, 0, 0, 0, 0, 0, 0, 0, 0, 0, 0, 0, 0, 0, 0, 0, 0, 0, 0, 0, 0, 0, 0, 0, 0, 0, 0, 0, 0, 0, 0, 0, 0, 0, 0, 0
-0.000969252, 0.000969252, -0.00580236, -0.00666092, -0.0127656, -0.0168853, -0.0274183, -0.0373644, -0.0553049, -0.0743171, -0.102882, -0.133719, -0.174611, -0.217185, -0.267714, -0.315935, -0.36598, -0.405406, -0.436423, -0.445289, -0.433919, -0.389613, -0.31688, -0.20719, -0.0705875, 0.0950312, 0.273003, 0.459465, 0.633322, 0.788572, 0.904779, 0.979549, 0.998722, 0.968176, 0.883041, 0.758358, 0.597178, 0.420292, 0.233735, 0.0583362, -0.102553, -0.232934, -0.335636, -0.401305, -0.439057, -0.444815, -0.431538, -0.397399, -0.356091, -0.305247, -0.257096, -0.207264, -0.165786, -0.126187, -0.0966855, -0.0693845, -0.0514966, -0.0345072, -0.0253321, -0.0154011, -0.0117358, -0.0059636, -0.00534119, -0.00173135, -0.00260364, 0, 0, 0, 0, 0, 0, 0, 0, 0, 0, 0, 0, 0, 0, 0, 0, 0, 0, 0, 0, 0, 0, 0, 0, 0, 0, 0, 0, 0, 0, 0, 0, 0, 0, 0, 0, 0, 0, 0, 0, 0, 0, 0, 0, 0, 0, 0, 0, 0, 0, 0, 0, 0, 0, 0, 0, 0, 0, 0, 0, 0, 0, 0, 0, 0, 0, 0, 0, 0, 0, 0, 0, 0, 0, 0, 0, 0, 0, 0, 0, 0, 0, 0, 0, 0, 0, 0, 0, 0, 0, 0, 0, 0, 0, 0, 0, 0, 0, 0, 0, 0, 0, 0, 0, 0, 0, 0, 0, 0, 0, 0, 0, 0, 0, 0, 0, 0, 0, 0, 0, 0, 0, 0, 0, 0, 0, 0, 0, 0, 0, 0, 0, 0, 0, 0
0.000969252, -0.000969252, -0.00202938, -0.00580236, -0.00666092, -0.0127656, -0.0168853, -0.0274183, -0.0373644, -0.0553049, -0.0743171, -0.102882, -0.133719, -0.174611, -0.217185, -0.267714, -0.315935, -0.36598, -0.405406, -0.436423, -0.445289, -0.433919, -0.389613, -0.31688, -0.20719, -0.0705875, 0.0950312, 0.273003, 0.459465, 0.633322, 0.788572, 0.904779, 0.979549, 0.998722, 0.968176, 0.883041, 0.758358, 0.597178, 0.420292, 0.233735, 0.0583362, -0.102553, -0.232934, -0.335636, -0.401305, -0.439057, -0.444815, -0.431538, -0.397399, -0.356091, -0.305247, -0.257096, -0.207264, -0.165786, -0.126187, -0.0966855, -0.0693845, -0.0514966, -0.0345072, -0.0253321, -0.0154011, -0.0117358, -0.0059636, -0.00534119, -0.00173135, -0.00260364, 0, 0, 0, 0, 0, 0, 0, 0, 0, 0, 0, 0, 0, 0, 0, 0, 0, 0, 0, 0, 0, 0, 0, 0, 0, 0, 0, 0, 0, 0, 0, 0, 0, 0, 0, 0, 0, 0, 0, 0, 0, 0, 0, 0, 0, 0, 0, 0, 0, 0, 0, 0, 0, 0, 0, 0, 0, 0, 0, 0, 0, 0, 0, 0, 0, 0, 0, 0, 0, 0, 0, 0, 0, 0, 0, 0, 0, 0, 0, 0, 0, 0, 0, 0, 0, 0, 0, 0, 0, 0, 0, 0, 0, 0, 0, 0, 0, 0, 0, 0, 0, 0, 0, 0, 0, 0, 0, 0, 0, 0, 0, 0, 0, 0, 0, 0, 0, 0, 0, 0, 0, 0, 0, 0, 0, 0, 0, 0, 0, 0, 0, 0, 0, 0
-0.000969252, 0.000969252, -0.00279194, -0.00202938, -0.00580236, -0.00666092, -0.0127656, -0.0168853, -0.0274183, -0.0373644, -0.0553049, -0.0743171, -0.102882, -0.133719, -0.174611, -0.217185, -0.267714, -0.315935, -0.36598, -0.405406, -0.436423, -0.445289, -0.433919, -0.389613, -0.31688, -0.20719, -0.0705875, 0.0950312, 0.273003, 0.459465, 0.633322, 0.788572, 0.904779, 0.979549, 0.998722, 0.968176, 0.883041, 0.758358, 0.597178, 0.420292, 0.233735, 0.0583362, -0.102553, -0.232934, -0.335636, -0.401305, -0.439057, -0.444815, -0.431538, -0.397399, -0.356091, -0.305247, -0.257096, -0.207264, -0.165786, -0.126187, -0.0966855, -0.0693845, -0.0514966, -0.0345072, -0.0253321, -0.0154011, -0.0117358, -0.0059636, -0.00534119, -0.00173135, -0.00260364, 0, 0, 0, 0, 0, 0, 0, 0, 0, 0, 0, 0, 0, 0, 0, 0, 0, 0, 0, 0, 0, 0, 0, 0, 0, 0, 0, 0, 0, 0, 0, 0, 0, 0, 0, 0, 0, 0, 0, 0, 0, 0, 0, 0, 0, 0, 0, 0, 0, 0, 0, 0, 0, 0, 0, 0, 0, 0, 0, 0, 0, 0, 0, 0, 0, 0, 0, 0, 0, 0, 0, 0, 0, 0, 0, 0, 0, 0, 0, 0, 0, 0, 0, 0, 0, 0, 0, 0, 0, 0, 0, 0, 0, 0, 0, 0, 0, 0, 0, 0, 0, 0, 0, 0, 0, 0, 0, 0, 0, 0, 0, 0, 0, 0, 0, 0, 0, 0, 0, 0, 0, 0, 0, 0, 0, 0, 0, 0, 0, 0, 0, 0, 0
0.000969252, -0.000969252, -0.000116352, -0.00279194, -0.00202938, -0.00580236, -0.00666092, -0.0127656, -0.0168853, -0.0274183, -0.0373644, -0.0553049, -0.0743171, -0.102882, -0.133719, -0.174611, -0.217185, -0.267714, -0.315935, -0.36598, -0.405406, -0.436423, -0.445289, -0.433919, -0.389613, -0.31688, -0.20719, -0.0705875, 0.0950312, 0.273003, 0.459465, 0.633322, 0.788572, 0.904779, 0.979549, 0.998722, 0.968176, 0.883041, 0.758358, 0.597178, 0.420292, 0.233735, 0.0583362, -0.102553, -0.232934, -0.335636, -0.401305, -0.439057, -0.444815, -0.431538, -0.397399, -0.356091, -0.305247, -0.257096, -0.207264, -0.165786, -0.126187, -0.0966855, -0.0693845, -0.0514966, -0.0345072, -0.0253321, -0.0154011, -0.0117358, -0.0059636, -0.00534119, -0.00173135, -0.00260364, 0, 0, 0, 0, 0, 0, 0, 0, 0, 0, 0, 0, 0, 0, 0, 0, 0, 0, 0, 0, 0, 0, 0, 0, 0, 0, 0, 0, 0, 0, 0, 0, 0, 0, 0, 0, 0, 0, 0, 0, 0, 0, 0, 0, 0, 0, 0, 0, 0, 0, 0, 0, 0, 0, 0, 0, 0, 0, 0, 0, 0, 0, 0, 0, 0, 0, 0, 0, 0, 0, 0, 0, 0, 0, 0, 0, 0, 0, 0, 0, 0, 0, 0, 0, 0, 0, 0, 0, 0, 0, 0, 0, 0, 0, 0, 0, 0, 0, 0, 0, 0, 0, 0, 0, 0, 0, 0, 0, 0, 0, 0, 0, 0, 0, 0, 0, 0, 0, 0, 0, 0, 0, 0, 0, 0, 0, 0, 0, 0, 0, 0, 0
-0.000969252, 0.000969252, -0.00160293, -0.000116352, -0.00279194, -0.00202938, -0.00580236, -0.00666092, -0.0127656, -0.0168853, -0.0274183, -0.0373644, -0.0553049, -0.0743171, -0.102882, -0.133719, -0.174611, -0.217185, -0.267714, -0.315935, -0.36598, -0.405406, -0.436423, -0.445289, -0.433919, -0.389613, -0.31688, -0.20719, -0.0705875, 0.0950312, 0.273003, 0.459465, 0.633322, 0.788572, 0.904779, 0.979549, 0.998722, 0.968176, 0.883041, 0.758358, 0.597178, 0.420292, 0.233735, 0.0583362, -0.102553, -0.232934, -0.335636, -0.401305, -0.439057, -0.444815, -0.431538, -0.397399, -0.356091, -0.305247, -0.257096, -0.207264, -0.165786, -0.126187, -0.0966855, -0.0693845, -0.0514966, -0.0345072, -0.0253321, -0.0154011, -0.0117358, -0.0059636, -0.00534119, -0.00173135, -0.00260364, 0, 0, 0, 0, 0, 0, 0, 0, 0, 0, 0, 0, 0, 0, 0, 0, 0, 0, 0, 0, 0, 0, 0, 0, 0, 0, 0, 0, 0, 0, 0, 0, 0, 0, 0, 0, 0, 0, 0, 0, 0, 0, 0, 0, 0, 0, 0, 0, 0, 0, 0, 0, 0, 0, 0, 0, 0, 0, 0, 0, 0, 0, 0, 0, 0, 0, 0, 0, 0, 0, 0, 0, 0, 0, 0, 0, 0, 0, 0, 0, 0, 0, 0, 0, 0, 0, 0, 0, 0, 0, 0, 0, 0, 0, 0, 0, 0, 0, 0, 0, 0, 0, 0, 0, 0, 0, 0, 0, 0, 0, 0, 0, 0, 0, 0, 0, 0, 0, 0, 0, 0, 0, 0, 0, 0, 0, 0, 0, 0, 0, 0
0.000969252, -0.000969252, 0.000606697, -0.00160293, -0.000116352, -0.00279194, -0.00202938, -0.00580236, -0.00666092, -0.0127656, -0.0168853, -0.0274183, -0.0373644, -0.0553049, -0.0743171, -0.102882, -0.133719, -0.174611, -0.217185, -0.267714, -0.315935, -0.36598, -0.405406, -0.436423, -0.445289, -0.433919, -0.389613, -0.31688, -0.20719, -0.0705875, 0.0950312, 0.273003, 0.459465, 0.633322, 0.788572, 0.904779, 0.979549, 0.998722, 0.968176, 0.883041, 0.758358, 0.597178, 0.420292, 0.233735, 0.0583362, -0.102553, -0.232934, -0.335636, -0.401305, -0.439057, -0.444815, -0.431538, -0.397399, -0.356091, -0.305247, -0.257096, -0.207264, -0.165786, -0.126187, -0.0966855, -0.0693845, -0.0514966, -0.0345072, -0.0253321, -0.0154011, -0.0117358, -0.0059636, -0.00534119, -0.00173135, -0.00260364, 0, 0, 0, 0, 0, 0, 0, 0, 0, 0, 0, 0, 0, 0, 0, 0, 0, 0, 0, 0, 0, 0, 0, 0, 0, 0, 0, 0, 0, 0, 0, 0, 0, 0, 0, 0, 0, 0, 0, 0, 0, 0, 0, 0, 0, 0, 0, 0, 0, 0, 0, 0, 0, 0, 0, 0, 0, 0, 0, 0, 0, 0, 0, 0, 0, 0, 0, 0, 0, 0, 0, 0, 0, 0, 0, 0, 0, 0, 0, 0, 0, 0, 0, 0, 0, 0, 0, 0, 0, 0, 0, 0, 0, 0, 0, 0, 0, 0, 0, 0, 0, 0, 0, 0, 0, 0, 0, 0, 0, 0, 0, 0, 0, 0, 0, 0, 0, 0, 0, 0, 0, 0, 0, 0, 0, 0, 0, 0, 0, 0
-0.000969252, 0.000969252, -0.0011726, 0.000606697, -0.00160293, -0.000116352, -0.00279194, -0.00202938, -0.00580236, -0.00666092, -0.0127656, -0.0168853, -0.0274183, -0.0373644, -0.0553049, -0.0743171, -0.102882, -0.133719, -0.174611, -0.217185, -0.267714, -0.315935, -0.36598, -0.405406, -0.436423, -0.445289, -0.433919, -0.389613, -0.31688, -0.20719, -0.0705875, 0.0950312, 0.273003, 0.459465, 0.633322, 0.788572, 0.904779, 0.979549, 0.998722, 0.968176, 0.883041, 0.758358, 0.597178, 0.420292, 0.233735, 0.0583362, -0.102553, -0.232934, -0.335636, -0.401305, -0.439057, -0.444815, -0.431538, -0.397399, -0.356091, -0.305247, -0.257096, -0.207264, -0.165786, -0.126187, -0.0966855, -0.0693845, -0.0514966, -0.0345072, -0.0253321, -0.0154011, -0.0117358, -0.0059636, -0.00534119, -0.00173135, -0.00260364, 0, 0, 0, 0, 0, 0, 0, 0, 0, 0, 0, 0, 0, 0, 0, 0, 0, 0, 0, 0, 0, 0, 0, 0, 0, 0, 0, 0, 0, 0, 0, 0, 0, 0, 0, 0, 0, 0, 0, 0, 0, 0, 0, 0, 0, 0, 0, 0, 0, 0, 0, 0, 0, 0, 0, 0, 0, 0, 0, 0, 0, 0, 0, 0, 0, 0, 0, 0, 0, 0, 0, 0, 0, 0, 0, 0, 0, 0, 0, 0, 0, 0, 0, 0, 0, 0, 0, 0, 0, 0, 0, 0, 0, 0, 0, 0, 0, 0, 0, 0, 0, 0, 0, 0, 0, 0, 0, 0, 0, 0, 0, 0, 0, 0, 0, 0, 0, 0, 0, 0, 0, 0, 0, 0, 0, 0, 0, 0, 0
0.000969252, -0.000969252, 0.000857435, -0.0011726, 0.000606697, -0.00160293, -0.000116352, -0.00279194, -0.00202938, -0.00580236, -0.00666092, -0.0127656, -0.0168853, -0.0274183, -0.0373644, -0.0553049, -0.0743171, -0.102882, -0.133719, -0.174611, -0.217185, -0.267714, -0.315935, -0.36598, -0.405406, -0.436423, -0.445289, -0.433919, -0.389613, -0.31688, -0.20719, -0.0705875, 0.0950312, 0.273003, 0.459465, 0.633322, 0.788572, 0.904779, 0.979549, 0.998722, 0.968176, 0.883041, 0.758358, 0.597178, 0.420292, 0.233735, 0.0583362, -0.102553, -0.232934, -0.335636, -0.401305, -0.439057, -0.444815, -0.431538, -0.397399, -0.356091, -0.305247, -0.257096, -0.207264, -0.165786, -0.126187, -0.0966855, -0.0693845, -0.0514966, -0.0345072, -0.0253321, -0.0154011, -0.0117358, -0.0059636, -0.00534119, -0.00173135, -0.00260364, 0, 0, 0, 0, 0, 0, 0, 0, 0, 0, 0, 0, 0, 0, 0, 0, 0, 0, 0, 0, 0, 0, 0, 0, 0, 0, 0, 0, 0, 0, 0, 0, 0, 0, 0, 0, 0, 0, 0, 0, 0, 0, 0, 0, 0, 0, 0, 0, 0, 0, 0, 0, 0, 0, 0, 0, 0, 0, 0, 0, 0, 0, 0, 0, 0, 0, 0, 0, 0, 0, 0, 0, 0, 0, 0, 0, 0, 0, 0, 0, 0, 0, 0, 0, 0, 0, 0, 0, 0, 0, 0, 0, 0, 0, 0, 0, 0, 0, 0, 0, 0, 0, 0, 0, 0, 0, 0, 0, 0, 0, 0, 0, 0, 0, 0, 0, 0, 0, 0, 0, 0, 0, 0, 0, 0, 0, 0, 0
-0.000969252, 0.000969252, -0.00102954, 0.000857435, -0.0011726, 0.000606697, -0.00160293, -0.000116352, -0.00279194, -0.00202938, -0.00580236, -0.00666092, -0.0127656, -0.0168853, -0.0274183, -0.0373644, -0.0553049, -0.0743171, -0.102882, -0.133719, -0.174611, -0.217185, -0.267714, -0.315935, -0.36598, -0.405406, -0.436423, -0.445289, -0.433919, -0.389613, -0.31688, -0.20719, -0.0705875, 0.0950312, 0.273003, 0.459465, 0.633322, 0.788572, 0.904779, 0.979549, 0.998722, 0.968176, 0.883041, 0.758358, 0.597178, 0.420292, 0.233735, 0.0583362, -0.102553, -0.232934, -0.335636, -0.401305, -0.439057, -0.444815, -0.431538, -0.397399, -0.356091, -0.305247, -0.257096, -0.207264, -0.165786, -0.126187, -0.0966855, -0.0693845, -0.0514966, -0.0345072, -0.0253321, -0.0154011, -0.0117358, -0.0059636, -0.00534119, -0.00173135, -0.00260364, 0, 0, 0, 0, 0, 0, 0, 0, 0, 0, 0, 0, 0, 0, 0, 0, 0, 0, 0, 0, 0, 0, 0, 0, 0, 0, 0, 0, 0, 0, 0, 0, 0, 0, 0, 0, 0, 0, 0, 0, 0, 0, 0, 0, 0, 0, 0, 0, 0, 0, 0, 0, 0, 0, 0, 0, 0, 0, 0, 0, 0, 0, 0, 0, 0, 0, 0, 0, 0, 0, 0, 0, 0, 0, 0, 0, 0, 0, 0, 0, 0, 0, 0, 0, 0, 0, 0, 0, 0, 0, 0, 0, 0, 0, 0, 0, 0, 0, 0, 0, 0, 0, 0, 0, 0, 0, 0, 0, 0, 0, 0, 0, 0, 0, 0, 0, 0, 0, 0, 0, 0, 0, 0, 0, 0, 0, 0
0.000969252, -0.000969252, 0.000937376, -0.00102954, 0.000857435, -0.0011726, 0.000606697, -0.00160293, -0.000116352, -0.00279194, -0.00202938, -0.00580236, -0.00666092, -0.0127656, -0.0168853, -0.0274183, -0.0373644, -0.0553049, -0.0743171, -0.102882, -0.133719, -0.174611, -0.217185, -0.267714, -0.315935, -0.36598, -0.405406, -0.436423, -0.445289, -0.433919, -0.389613, -0.31688, -0.20719, -0.0705875, 0.0950312, 0.273003, 0.459465, 0.633322, 0.788572, 0.904779, 0.979549, 0.998722, 0.968176, 0.883041, 0.758358, 0.597178, 0.420292, 0.233735, 0.0583362, -0.102553, -0.232934, -0.335636, -0.401305, -0.439057, -0.444815, -0.431538, -0.397399, -0.356091, -0.305247, -0.257096, -0.207264, -0.165786, -0.126187, -0.0966855, -0.0693845, -0.0514966, -0.0345072, -0.0253321, -0.0154011, -0.0117358, -0.0059636, -0.00534119, -0.00173135, -0.00260364, 0, 0, 0, 0, 0, 0, 0, 0, 0, 0, 0, 0, 0, 0, 0, 0, 0, 0, 0, 0, 0, 0, 0, 0, 0, 0, 0, 0, 0, 0, 0, 0, 0, 0, 0, 0, 0, 0, 0, 0, 0, 0, 0, 0, 0, 0, 0, 0, 0, 0, 0, 0, 0, 0, 0, 0, 0, 0, 0, 0, 0, 0, 0, 0, 0, 0, 0, 0, 0, 0, 0, 0, 0, 0, 0, 0, 0, 0, 0, 0, 0, 0, 0, 0, 0, 0, 0, 0, 0, 0, 0, 0, 0, 0, 0, 0, 0, 0, 0, 0, 0, 0, 0, 0, 0, 0, 0, 0, 0, 0, 0, 0, 0, 0, 0, 0, 0, 0, 0, 0, 0, 0, 0, 0, 0, 0
-0.000969252, 0.000969252, -0.00098578, 0.000937376, -0.00102954, 0.000857435, -0.0011726, 0.000606697, -0.00160293, -0.000116352, -0.00279194, -0.00202938, -0.00580236, -0.00666092, -0.0127656, -0.0168853, -0.0274183, -0.0373644, -0.0553049, -0.0743171, -0.102882, -0.133719, -0.174611, -0.217185, -0.267714, -0.315935, -0.36598, -0.405406, -0.436423, -0.445289, -0.433919, -0.389613, -0.31688, -0.20719, -0.0705875, 0.0950312, 0.273003, 0.459465, 0.633322, 0.788572, 0.904779, 0.979549, 0.998722, 0.968176, 0.883041, 0.758358, 0.597178, 0.420292, 0.233735, 0.0583362, -0.102553, -0.232934, -0.335636, -0.401305, -0.439057, -0.444815, -0.431538, -0.397399, -0.356091, -0.305247, -0.257096, -0.207264, -0.165786, -0.126187, -0.0966855, -0.0693845, -0.0514966, -0.0345072, -0.0253321, -0.0154011, -0.0117358, -0.0059636, -0.00534119, -0.00173135, -0.00260364, 0, 0, 0, 0, 0, 0, 0, 0, 0, 0, 0, 0, 0, 0, 0, 0, 0, 0, 0, 0, 0, 0, 0, 0, 0, 0, 0, 0, 0, 0, 0, 0, 0, 0, 0, 0, 0, 0, 0, 0, 0, 0, 0, 0, 0, 0, 0, 0, 0, 0, 0, 0, 0, 0, 0, 0, 0, 0, 0, 0, 0, 0, 0, 0, 0, 0, 0, 0, 0, 0, 0, 0, 0, 0, 0, 0, 0, 0, 0, 0, 0, 0, 0, 0, 0, 0, 0, 0, 0, 0, 0, 0, 0, 0, 0, 0, 0, 0, 0, 0, 0, 0, 0, 0, 0, 0, 0, 0, 0, 0, 0, 0, 0, 0, 0, 0, 0, 0, 0, 0, 0, 0, 0, 0, 0
0.000969252, -0.000969252, 0.000960846, -0.00098578, 0.000937376, -0.00102954, 0.000857435, -0.0011726, 0.000606697, -0.00160293, -0.000116352, -0.00279194, -0.00202938, -0.00580236, -0.00666092, -0.0127656, -0.0168853, -0.0274183, -0.0373644, -0.0553049, -0.0743171, -0.102882, -0.133719, -0.174611, -0.217185, -0.267714, -0.315935, -0.36598, -0.405406, -0.436423, -0.445289, -0.433919, -0.389613, -0.31688, -0.20719, -0.0705875, 0.0950312, 0.273003, 0.459465, 0.633322, 0.788572, 0.904779, 0.979549, 0.998722, 0.968176, 0.883041, 0.758358, 0.597178, 0.420292, 0.233735, 0.0583362, -0.102553, -0.232934, -0.335636, -0.401305, -0.439057, -0.444815, -0.431538, -0.397399, -0.356091, -0.305247, -0.257096, -0.207264, -0.165786, -0.126187, -0.0966855, -0.0693845, -0.0514966, -0.0345072, -0.0253321, -0.0154011, -0.0117358, -0.0059636, -0.00534119, -0.00173135, -0.00260364, 0, 0, 0, 0, 0, 0, 0, 0, 0, 0, 0, 0, 0, 0, 0, 0, 0, 0, 0, 0, 0, 0, 0, 0, 0, 0, 0, 0, 0, 0, 0, 0, 0, 0, 0, 0, 0, 0, 0, 0, 0, 0, 0, 0, 0, 0, 0, 0, 0, 0, 0, 0, 0, 0, 0, 0, 0, 0, 0, 0, 0, 0, 0, 0, 0, 0, 0, 0, 0, 0, 0, 0, 0, 0, 0, 0, 0, 0, 0, 0, 0, 0, 0, 0, 0, 0, 0, 0, 0, 0, 0, 0, 0, 0, 0, 0, 0, 0, 0, 0, 0, 0, 0, 0, 0, 0, 0, 0, 0, 0, 0, 0, 0, 0, 0, 0, 0, 0, 0, 0, 0, 0, 0, 0
-0.000969252, 0.000969252, -0.000973444, 0.000960846, -0.00098578, 0.000937376, -0.00102954, 0.000857435, -0.0011726, 0.000606697, -0.00160293, -0.000116352, -0.00279194, -0.00202938, -0.00580236, -0.00666092, -0.0127656, -0.0168853, -0.0274183, -0.0373644, -0.0553049, -0.0743171, -0.102882, -0.133719, -0.174611, -0.217185, -0.267714, -0.315935, -0.36598, -0.405406, -0.436423, -0.445289, -0.433919, -0.389613, -0.31688, -0.20719, -0.0705875, 0.0950312, 0.273003, 0.459465, 0.633322, 0.788572, 0.904779, 0.979549, 0.998722, 0.968176, 0.883041, 0.758358, 0.597178, 0.420292, 0.233735, 0.0583362, -0.102553, -0.232934, -0.335636, -0.401305, -0.439057, -0.444815, -0.431538, -0.397399, -0.356091, -0.305247, -0.257096, -0.207264, -0.165786, -0.126187, -0.0966855, -0.0693845, -0.0514966, -0.0345072, -0.0253321, -0.0154011, -0.0117358, -0.0059636, -0.00534119, -0.00173135, -0.00260364, 0, 0, 0, 0, 0, 0, 0, 0, 0, 0, 0, 0, 0, 0, 0, 0, 0, 0, 0, 0, 0, 0, 0, 0, 0, 0, 0, 0, 0, 0, 0, 0, 0, 0, 0, 0, 0, 0, 0, 0, 0, 0, 0, 0, 0, 0, 0, 0, 0, 0, 0, 0, 0, 0, 0, 0, 0, 0, 0, 0, 0, 0, 0, 0, 0, 0, 0, 0, 0, 0, 0, 0, 0, 0, 0, 0, 0, 0, 0, 0, 0, 0, 0, 0, 0, 0, 0, 0, 0, 0, 0, 0, 0, 0, 0, 0, 0, 0, 0, 0, 0, 0, 0, 0, 0, 0, 0, 0, 0, 0, 0, 0, 0, 0, 0, 0, 0, 0, 0, 0, 0, 0, 0
0.000969252, -0.000969252, 0.0009672, -0.000973444, 0.000960846, -0.00098578, 0.000937376, -0.00102954, 0.000857435, -0.0011726, 0.000606697, -0.00160293, -0.000116352, -0.00279194, -0.00202938, -0.00580236, -0.00666092, -0.0127656, -0.0168853, -0.0274183, -0.0373644, -0.0553049, -0.0743171, -0.102882, -0.133719, -0.174611, -0.217185, -0.267714, -0.315935, -0.36598, -0.405406, -0.436423, -0.445289, -0.433919, -0.389613, -0.31688, -0.20719, -0.0705875, 0.0950312, 0.273003, 0.459465, 0.633322, 0.788572, 0.904779, 0.979549, 0.998722, 0.968176, 0.883041, 0.758358, 0.597178, 0.420292, 0.233735, 0.0583362, -0.102553, -0.232934, -0.335636, -0.401305, -0.439057, -0.444815, -0.431538, -0.397399, -0.356091, -0.305247, -0.257096, -0.207264, -0.165786, -0.126187, -0.0966855, -0.0693845, -0.0514966, -0.0345072, -0.0253321, -0.0154011, -0.0117358, -0.0059636, -0.00534119, -0.00173135, -0.00260364, 0, 0, 0, 0, 0, 0, 0, 0, 0, 0, 0, 0, 0, 0, 0, 0, 0, 0, 0, 0, 0, 0, 0, 0, 0, 0, 0, 0, 0, 0, 0, 0, 0, 0, 0, 0, 0, 0, 0, 0, 0, 0, 0, 0, 0, 0, 0, 0, 0, 0, 0, 0, 0, 0, 0, 0, 0, 0, 0, 0, 0, 0, 0, 0, 0, 0, 0, 0, 0, 0, 0, 0, 0, 0, 0, 0, 0, 0, 0, 0, 0, 0, 0, 0, 0, 0, 0, 0, 0, 0, 0, 0, 0, 0, 0, 0, 0, 0, 0, 0, 0, 0, 0, 0, 0, 0, 0, 0, 0, 0, 0, 0, 0, 0, 0, 0, 0, 0, 0, 0, 0, 0
-0.000969252, 0.000969252, -0.000970236, 0.0009672, -0.000973444, 0.000960846, -0.00098578, 0.000937376, -0.00102954, 0.000857435, -0.0011726, 0.000606697, -0.00160293, -0.000116352, -0.00279194, -0.00202938, -0.00580236, -0.00666092, -0.0127656, -0.0168853, -0.0274183, -0.0373644, -0.0553049, -0.0743171, -0.102882, -0.133719, -0.174611, -0.217185, -0.267714, -0.315935, -0.36598, -0.405406, -0.436423, -0.445289, -0.433919, -0.389613, -0.31688, -0.20719, -0.0705875, 0.0950312, 0.273003, 0.459465, 0.633322, 0.788572, 0.904779, 0.979549, 0.998722, 0.968176, 0.883041, 0.758358, 0.597178, 0.420292, 0.233735, 0.0583362, -0.102553, -0.232934, -0.335636, -0.401305, -0.439057, -0.444815, -0.431538, -0.397399, -0.356091, -0.305247, -0.257096, -0.207264, -0.165786, -0.126187, -0.0966855, -0.0693845, -0.0514966, -0.0345072, -0.0253321, -0.0154011, -0.0117358, -0.0059636, -0.00534119, -0.00173135, -0.00260364, 0, 0, 0, 0, 0, 0, 0, 0, 0, 0, 0, 0, 0, 0, 0, 0, 0, 0, 0, 0, 0, 0, 0, 0, 0, 0, 0, 0, 0, 0, 0, 0, 0, 0, 0, 0, 0, 0, 0, 0, 0, 0, 0, 0, 0, 0, 0, 0, 0, 0, 0, 0, 0, 0, 0, 0, 0, 0, 0, 0, 0, 0, 0, 0, 0, 0, 0, 0, 0, 0, 0, 0, 0, 0, 0, 0, 0, 0, 0, 0, 0, 0, 0, 0, 0, 0, 0, 0, 0, 0, 0, 0, 0, 0, 0, 0, 0, 0, 0, 0, 0, 0, 0, 0, 0, 0, 0, 0, 0, 0, 0, 0, 0, 0, 0, 0, 0, 0, 0, 0, 0
0.000969252, -0.000969252, 0.000968788, -0.000970236, 0.0009672, -0.000973444, 0.000960846, -0.00098578, 0.000937376, -0.00102954, 0.000857435, -0.0011726, 0.000606697, -0.00160293, -0.000116352, -0.00279194, -0.00202938, -0.00580236, -0.00666092, -0.0127656, -0.0168853, -0.0274183, -0.0373644, -0.0553049, -0.0743171, -0.102882, -0.133719, -0.174611, -0.217185, -0.267714, -0.315935, -0.36598, -0.405406, -0.436423, -0.445289, -0.433919, -0.389613, -0.31688, -0.20719, -0.0705875, 0.0950312, 0.273003, 0.459465, 0.633322, 0.788572, 0.904779, 0.979549, 0.998722, 0.968176, 0.883041, 0.758358, 0.597178, 0.420292, 0.233735, 0.0583362, -0.102553, -0.232934, -0.335636, -0.401305, -0.439057, -0.444815, -0.431538, -0.397399, -0.356091, -0.305247, -0.257096, -0.207264, -0.165786, -0.126187, -0.0966855, -0.0693845, -0.0514966, -0.0345072, -0.0253321, -0.0154011, -0.0117358, -0.0059636, -0.00534119, -0.00173135, -0.00260364, 0, 0, 0, 0, 0, 0, 0, 0, 0, 0, 0, 0, 0, 0, 0, 0, 0, 0, 0, 0, 0, 0, 0, 0, 0, 0, 0, 0, 0, 0, 0, 0, 0, 0, 0, 0, 0, 0, 0, 0, 0, 0, 0, 0, 0, 0, 0, 0, 0, 0, 0, 0, 0, 0, 0, 0, 0, 0, 0, 0, 0, 0, 0, 0, 0, 0, 0, 0, 0, 0, 0, 0, 0, 0, 0, 0, 0, 0, 0, 0, 0, 0, 0, 0, 0, 0, 0, 0, 0, 0, 0, 0, 0, 0, 0, 0, 0, 0, 0, 0, 0, 0, 0, 0, 0, 0, 0, 0, 0, 0, 0, 0, 0, 0, 0, 0, 0, 0, 0, 0
-0.000969252, 0.000969252, -0.000969466, 0.000968788, -0.000970236, 0.0009672, -0.000973444, 0.000960846, -0.00098578, 0.000937376, -0.00102954, 0.000857435, -0.0011726, 0.000606697, -0.00160293, -0.000116352, -0.00279194, -0.00202938, -0.00580236, -0.00666092, -0.0127656, -0.0168853, -0.0274183, -0.0373644, -0.0553049, -0.0743171, -0.102882, -0.133719, -0.174611, -0.217185, -0.267714, -0.315935, -0.36598, -0.405406, -0.436423, -0.445289, -0.433919, -0.389613, -0.31688, -0.20719, -0.0705875, 0.0950312, 0.273003, 0.459465, 0.633322, 0.788572, 0.904779, 0.979549, 0.998722, 0.968176, 0.883041, 0.758358, 0.597178, 0.420292, 0.233735, 0.0583362, -0.102553, -0.232934, -0.335636, -0.401305, -0.439057, -0.444815, -0.431538, -0.397399, -0.356091, -0.305247, -0.257096, -0.207264, -0.165786, -0.126187, -0.0966855, -0.0693845, -0.0514966, -0.0345072, -0.0253321, -0.0154011, -0.0117358, -0.0059636, -0.00534119, -0.00173135, -0.00260364, 0, 0, 0, 0, 0, 0, 0, 0, 0, 0, 0, 0, 0, 0, 0, 0, 0, 0, 0, 0, 0, 0, 0, 0, 0, 0, 0, 0, 0, 0, 0, 0, 0, 0, 0, 0, 0, 0, 0, 0, 0, 0, 0, 0, 0, 0, 0, 0, 0, 0, 0, 0, 0, 0, 0, 0, 0, 0, 0, 0, 0, 0, 0, 0, 0, 0, 0, 0, 0, 0, 0, 0, 0, 0, 0, 0, 0, 0, 0, 0, 0, 0, 0, 0, 0, 0, 0, 0, 0, 0, 0, 0, 0, 0, 0, 0, 0, 0, 0, 0, 0, 0, 0, 0, 0, 0, 0, 0, 0, 0, 0, 0, 0, 0, 0, 0, 0, 0, 0
0.000969252, -0.000969252, 0.000969154, -0.000969466, 0.000968788, -0.000970236, 0.0009672, -0.000973444, 0.000960846, -0.00098578, 0.000937376, -0.00102954, 0.000857435, -0.0011726, 0.000606697, -0.00160293, -0.000116352, -0.00279194, -0.00202938, -0.00580236, -0.00666092, -0.0127656, -0.0168853, -0.0274183, -0.0373644, -0.0553049, -0.0743171, -0.102882, -0.133719, -0.174611, -0.217185, -0.267714, -0.315935, -0.36598, -0.405406, -0.436423, -0.445289, -0.433919, -0.389613, -0.31688, -0.20719, -0.0705875, 0.0950312, 0.273003, 0.459465, 0.633322, 0.788572, 0.904779, 0.979549, 0.998722, 0.968176, 0.883041, 0.758358, 0.597178, 0.420292, 0.233735, 0.0583362, -0.102553, -0.232934, -0.335636, -0.401305, -0.439057, -0.444815, -0.431538, -0.397399, -0.356091, -0.305247, -0.257096, -0.207264, -0.165786, -0.126187, -0.0966855, -0.0693845, -0.0514966, -0.0345072, -0.0253321, -0.0154011, -0.0117358, -0.0059636, -0.00534119, -0.00173135, -0.00260364, 0, 0, 0, 0, 0, 0, 0, 0, 0, 0, 0, 0, 0, 0, 0, 0, 0, 0, 0, 0, 0, 0, 0, 0, 0, 0, 0, 0, 0, 0, 0, 0, 0, 0, 0, 0, 0, 0, 0, 0, 0, 0, 0, 0, 0, 0, 0, 0, 0, 0, 0, 0, 0, 0, 0, 0, 0, 0, 0, 0, 0, 0, 0, 0, 0, 0, 0, 0, 0, 0, 0, 0, 0, 0, 0, 0, 0, 0, 0, 0, 0, 0, 0, 0, 0, 0, 0, 0, 0, 0, 0, 0, 0, 0, 0, 0, 0, 0, 0, 0, 0, 0, 0, 0, 0, 0, 0, 0, 0, 0, 0, 0, 0, 0, 0, 0, 0, 0
-0.000969252, 0.000969252, -0.000969295, 0.000969154, -0.000969466, 0.000968788, -0.000970236, 0.0009672, -0.000973444, 0.000960846, -0.00098578, 0.000937376, -0.00102954, 0.000857435, -0.0011726, 0.000606697, -0.00160293, -0.000116352, -0.00279194, -0.00202938, -0.00580236, -0.00666092, -0.0127656, -0.0168853, -0.0274183, -0.0373644, -0.0553049, -0.0743171, -0.102882, -0.133719, -0.174611, -0.217185, -0.267714, -0.315935, -0.36598, -0.405406, -0.436423, -0.445289, -0.433919, -0.389613, -0.31688, -0.20719, -0.0705875, 0.0950312, 0.273003, 0.459465, 0.633322, 0.788572, 0.904779, 0.979549, 0.998722, 0.968176, 0.883041, 0.758358, 0.597178, 0.420292, 0.233735, 0.0583362, -0.102553, -0.232934, -0.335636, -0.401305, -0.439057, -0.444815, -0.431538, -0.397399, -0.356091, -0.305247, -0.257096, -0.207264, -0.165786, -0.126187, -0.0966855, -0.0693845, -0.0514966, -0.0345072, -0.0253321, -0.0154011, -0.0117358, -0.0059636, -0.00534119, -0.00173135, -0.00260364, 0, 0, 0, 0, 0, 0, 0, 0, 0, 0, 0, 0, 0, 0, 0, 0, 0, 0, 0, 0, 0, 0, 0, 0, 0, 0, 0, 0, 0, 0, 0, 0, 0, 0, 0, 0, 0, 0, 0, 0, 0, 0, 0, 0, 0, 0, 0, 0, 0, 0, 0, 0, 0, 0, 0, 0, 0, 0, 0, 0, 0, 0, 0, 0, 0, 0, 0, 0, 0, 0, 0, 0, 0, 0, 0, 0, 0, 0, 0, 0, 0, 0, 0, 0, 0, 0, 0, 0, 0, 0, 0, 0, 0, 0, 0, 0, 0, 0, 0, 0, 0, 0, 0, 0, 0, 0, 0, 0, 0, 0, 0, 0, 0, 0, 0, 0, 0
0.000969252, -0.000969252, 0.000969233, -0.000969295, 0.000969154, -0.000969466, 0.000968788, -0.000970236, 0.0009672, -0.000973444, 0.000960846, -0.00098578, 0.000937376, -0.00102954, 0.000857435, -0.0011726, 0.000606697, -0.00160293, -0.000116352, -0.00279194, -0.00202938, -0.00580236, -0.00666092, -0.0127656, -0.0168853, -0.0274183, -0.0373644, -0.0553049, -0.0743171, -0.102882, -0.133719, -0.174611, -0.217185, -0.267714, -0.315935, -0.36598, -0.405406, -0.436423, -0.445289, -0.433919, -0.389613, -0.31688, -0.20719, -0.0705875, 0.0950312, 0.273003, 0.459465, 0.633322, 0.788572, 0.904779, 0.979549, 0.998722, 0.968176, 0.883041, 0.758358, 0.597178, 0.420292, 0.233735, 0.0583362, -0.102553, -0.232934, -0.335636, -0.401305, -0.439057, -0.444815, -0.431538, -0.397399, -0.356091, -0.305247, -0.257096, -0.207264, -0.165786, -0.126187, -0.0966855, -0.0693845, -0.0514966, -0.0345072, -0.0253321, -0.0154011, -0.0117358, -0.0059636, -0.00534119, -0.00173135, -0.00260364, 0, 0, 0, 0, 0, 0, 0, 0, 0, 0, 0, 0, 0, 0, 0, 0, 0, 0, 0, 0, 0, 0, 0, 0, 0, 0, 0, 0, 0, 0, 0, 0, 0, 0, 0, 0, 0, 0, 0, 0, 0, 0, 0, 0, 0, 0, 0, 0, 0, 0, 0, 0, 0, 0, 0, 0, 0, 0, 0, 0, 0, 0, 0, 0, 0, 0, 0, 0, 0, 0, 0, 0, 0, 0, 0, 0, 0, 0, 0, 0, 0, 0, 0, 0, 0, 0, 0, 0, 0, 0, 0, 0, 0, 0, 0, 0, 0, 0, 0, 0, 0, 0, 0, 0, 0, 0, 0, 0, 0, 0, 0, 0, 0, 0, 0, 0
-0.000969252, 0.000969252, -0.00096926, 0.000969233, -0.000969295, 0.000969154, -0.000969466, 0.000968788, -0.000970236, 0.0009672, -0.000973444, 0.000960846, -0.00098578, 0.000937376, -0.00102954, 0.000857435, -0.0011726, 0.000606697, -0.00160293, -0.000116352, -0.00279194, -0.00202938, -0.00580236, -0.00666092, -0.0127656, -0.0168853, -0.0274183, -0.0373644, -0.0553049, -0.0743171, -0.102882, -0.133719, -0.174611, -0.217185, -0.267714, -0.315935, -0.36598, -0.405406, -0.436423, -0.445289, -0.433919, -0.389613, -0.31688, -0.20719, -0.0705875, 0.0950312, 0.273003, 0.459465, 0.633322, 0.788572, 0.904779, 0.979549, 0.998722, 0.968176, 0.883041, 0.758358, 0.597178, 0.420292, 0.233735, 0.0583362, -0.102553, -0.232934, -0.335636, -0.401305, -0.439057, -0.444815, -0.431538, -0.397399, -0.356091, -0.305247, -0.257096, -0.207264, -0.165786, -0.126187, -0.0966855, -0.0693845, -0.0514966, -0.0345072, -0.0253321, -0.0154011, -0.0117358, -0.0059636, -0.00534119, -0.00173135, -0.00260364, 0, 0, 0, 0, 0, 0, 0, 0, 0, 0, 0, 0, 0, 0, 0, 0, 0, 0, 0, 0, 0, 0, 0, 0, 0, 0, 0, 0, 0, 0, 0, 0, 0, 0, 0, 0, 0, 0, 0, 0, 0, 0, 0, 0, 0, 0, 0, 0, 0, 0, 0, 0, 0, 0, 0, 0, 0, 0, 0, 0, 0, 0, 0, 0, 0, 0, 0, 0, 0, 0, 0, 0, 0, 0, 0, 0, 0, 0, 0, 0, 0, 0, 0, 0, 0, 0, 0, 0, 0, 0, 0, 0, 0, 0, 0, 0, 0, 0, 0, 0, 0, 0, 0, 0, 0, 0, 0, 0, 0, 0, 0, 0, 0, 0, 0
0.000969252, -0.000969252, 0.000969248, -0.00096926, 0.000969233, -0.000969295, 0.000969154, -0.000969466, 0.000968788, -0.000970236, 0.0009672, -0.000973444, 0.000960846, -0.00098578, 0.000937376, -0.00102954, 0.000857435, -0.0011726, 0.000606697, -0.00160293, -0.000116352, -0.00279194, -0.00202938, -0.00580236, -0.00666092, -0.0127656, -0.0168853, -0.0274183, -0.0373644, -0.0553049, -0.0743171, -0.102882, -0.133719, -0.174611, -0.217185, -0.267714, -0.315935, -0.36598, -0.405406, -0.436423, -0.445289, -0.433919, -0.389613, -0.31688, -0.20719, -0.0705875, 0.0950312, 0.273003, 0.459465, 0.633322, 0.788572, 0.904779, 0.979549, 0.998722, 0.968176, 0.883041, 0.758358, 0.597178, 0.420292, 0.233735, 0.0583362, -0.102553, -0.232934, -0.335636, -0.401305, -0.439057, -0.444815, -0.431538, -0.397399, -0.356091, -0.305247, -0.257096, -0.207264, -0.165786, -0.126187, -0.0966855, -0.0693845, -0.0514966, -0.0345072, -0.0253321, -0.0154011, -0.0117358, -0.0059636, -0.00534119, -0.00173135, -0.00260364, 0, 0, 0, 0, 0, 0, 0, 0, 0, 0, 0, 0, 0, 0, 0, 0, 0, 0, 0, 0, 0, 0, 0, 0, 0, 0, 0, 0, 0, 0, 0, 0, 0, 0, 0, 0, 0, 0, 0, 0, 0, 0, 0, 0, 0, 0, 0, 0, 0, 0, 0, 0, 0, 0, 0, 0, 0, 0, 0, 0, 0, 0, 0, 0, 0, 0, 0, 0, 0, 0, 0, 0, 0, 0, 0, 0, 0, 0, 0, 0, 0, 0, 0, 0, 0, 0, 0, 0, 0, 0, 0, 0, 0, 0, 0, 0, 0, 0, 0, 0, 0, 0, 0, 0, 0, 0, 0, 0, 0, 0, 0, 0, 0, 0
-0.000969252, 0.000969252, -0.000969253, 0.000969248, -0.00096926, 0.000969233, -0.000969295, 0.000969154, -0.000969466, 0.000968788, -0.000970236, 0.0009672, -0.000973444, 0.000960846, -0.00098578, 0.000937376, -0.00102954, 0.000857435, -0.0011726, 0.000606697, -0.00160293, -0.000116352, -0.00279194, -0.00202938, -0.00580236, -0.00666092, -0.0127656, -0.0168853, -0.0274183, -0.0373644, -0.0553049, -0.0743171, -0.102882, -0.133719, -0.174611, -0.217185, -0.267714, -0.315935, -0.36598, -0.405406, -0.436423, -0.445289, -0.433919, -0.389613, -0.31688, -0.20719, -0.0705875, 0.0950312, 0.273003, 0.459465, 0.633322, 0.788572, 0.904779, 0.979549, 0.998722, 0.968176, 0.883041, 0.758358, 0.597178, 0.420292, 0.233735, 0.0583362, -0.102553, -0.232934, -0.335636, -0.401305, -0.439057, -0.444815, -0.431538, -0.397399, -0.356091, -0.305247, -0.257096, -0.207264, -0.165786, -0.126187, -0.0966855, -0.0693845, -0.0514966, -0.0345072, -0.0253321, -0.0154011, -0.0117358, -0.0059636, -0.00534119, -0.00173135, -0.00260364, 0, 0, 0, 0, 0, 0, 0, 0, 0, 0, 0, 0, 0, 0, 0, 0, 0, 0, 0, 0, 0, 0, 0, 0, 0, 0, 0, 0, 0, 0, 0, 0, 0, 0, 0, 0, 0, 0, 0, 0, 0, 0, 0, 0, 0, 0, 0, 0, 0, 0, 0, 0, 0, 0, 0, 0, 0, 0, 0, 0, 0, 0, 0, 0, 0, 0, 0, 0, 0, 0, 0, 0, 0, 0, 0, 0, 0, 0, 0, 0, 0, 0, 0, 0, 0, 0, 0, 0, 0, 0, 0, 0, 0, 0, 0, 0, 0, 0, 0, 0, 0, 0, 0, 0, 0, 0, 0, 0, 0, 0, 0, 0, 0
0.000969252, -0.000969252, 0.000969251, -0.000969253, 0.000969248, -0.00096926, 0.000969233, -0.000969295, 0.000969154, -0.000969466, 0.000968788, -0.000970236, 0.0009672, -0.000973444, 0.000960846, -0.00098578, 0.000937376, -0.00102954, 0.000857435, -0.0011726, 0.000606697, -0.00160293, -0.000116352, -0.00279194, -0.00202938, -0.00580236, -0.00666092, -0.0127656, -0.0168853, -0.0274183, -0.0373644, -0.0553049, -0.0743171, -0.102882, -0.133719, -0.174611, -0.217185, -0.267714, -0.315935, -0.36598, -0.405406, -0.436423, -0.445289, -0.433919, -0.389613, -0.31688, -0.20719, -0.0705875, 0.0950312, 0.273003, 0.459465, 0.633322, 0.788572, 0.904779, 0.979549, 0.998722, 0.968176, 0.883041, 0.758358, 0.597178, 0.420292, 0.233735, 0.0583362, -0.102553, -0.232934, -0.335636, -0.401305, -0.439057, -0.444815, -0.431538, -0.397399, -0.356091, -0.305247, -0.257096, -0.207264, -0.165786, -0.126187, -0.0966855, -0.0693845, -0.0514966, -0.0345072, -0.0253321, -0.0154011, -0.0117358, -0.0059636, -0.00534119, -0.00173135, -0.00260364, 0, 0, 0, 0, 0, 0, 0, 0, 0, 0, 0, 0, 0, 0, 0, 0, 0, 0, 0, 0, 0, 0, 0, 0, 0, 0, 0, 0, 0, 0, 0, 0, 0, 0, 0, 0, 0, 0, 0, 0, 0, 0, 0, 0, 0, 0, 0, 0, 0, 0, 0, 0, 0, 0, 0, 0, 0, 0, 0, 0, 0, 0, 0, 0, 0, 0, 0, 0, 0, 0, 0, 0, 0, 0, 0, 0, 0, 0, 0, 0, 0, 0, 0, 0, 0, 0, 0, 0, 0, 0, 0, 0, 0, 0, 0, 0, 0, 0, 0, 0, 0, 0, 0, 0, 0, 0, 0, 0, 0, 0, 0, 0
-0.000969252, 0.000969252, -0.000969252, 0.000969251, -0.000969253, 0.000969248, -0.00096926, 0.000969233, -0.000969295, 0.000969154, -0.000969466, 0.000968788, -0.000970236, 0.0009672, -0.000973444, 0.000960846, -0.00098578, 0.000937376, -0.00102954, 0.000857435, -0.0011726, 0.000606697, -0.00160293, -0.000116352, -0.00279194, -0.00202938, -0.00580236, -0.00666092, -0.0127656, -0.0168853, -0.0274183, -0.0373644, -0.0553049, -0.0743171, -0.102882, -0.133719, -0.174611, -0.217185, -0.267714, -0.315935, -0.36598, -0.405406, -0.436423, -0.445289, -0.433919, -0.389613, -0.31688, -0.20719, -0.0705875, 0.0950312, 0.273003, 0.459465, 0.633322, 0.788572, 0.904779, 0.979549, 0.998722, 0.968176, 0.883041, 0.758358, 0.597178, 0.420292, 0.233735, 0.0583362, -0.102553, -0.232934, -0.335636, -0.401305, -0.439057, -0.444815, -0.431538, -0.397399, -0.356091, -0.305247, -0.257096, -0.207264, -0.165786, -0.126187, -0.0966855, -0.0693845, -0.0514966, -0.0345072, -0.0253321, -0.0154011, -0.0117358, -0.0059636, -0.00534119, -0.00173135, -0.00260364, 0, 0, 0, 0, 0, 0, 0, 0, 0, 0, 0, 0, 0, 0, 0, 0, 0, 0, 0, 0, 0, 0, 0, 0, 0, 0, 0, 0, 0, 0, 0, 0, 0, 0, 0, 0, 0, 0, 0, 0, 0, 0, 0, 0, 0, 0, 0, 0, 0, 0, 0, 0, 0, 0, 0, 0, 0, 0, 0, 0, 0, 0, 0, 0, 0, 0, 0, 0, 0, 0, 0, 0, 0, 0, 0, 0, 0, 0, 0, 0, 0, 0, 0, 0, 0, 0, 0, 0, 0, 0, 0, 0, 0, 0, 0, 0, 0, 0, 0, 0, 0, 0, 0, 0, 0, 0, 0, 0, 0, 0, 0
0.000969252, -0.000969252, 0.000969251, -0.000969252, 0.000969251, -0.000969253, 0.000969248, -0.00096926, 0.000969233, -0.000969295, 0.000969154, -0.000969466, 0.000968788, -0.000970236, 0.0009672, -0.000973444, 0.000960846, -0.00098578, 0.000937376, -0.00102954, 0.000857435, -0.0011726, 0.000606697, -0.00160293, -0.000116352, -0.00279194, -0.00202938, -0.00580236, -0.00666092, -0.0127656, -0.0168853, -0.0274183, -0.0373644, -0.0553049, -0.0743171, -0.102882, -0.133719, -0.174611, -0.217185, -0.267714, -0.315935, -0.36598, -0.405406, -0.436423, -0.445289, -0.433919, -0.389613, -0.31688, -0.20719, -0.0705875, 0.0950312, 0.273003, 0.459465, 0.633322, 0.788572, 0.904779, 0.979549, 0.998722, 0.968176, 0.883041, 0.758358, 0.597178, 0.420292, 0.233735, 0.0583362, -0.102553, -0.232934, -0.335636, -0.401305, -0.439057, -0.444815, -0.431538, -0.397399, -0.356091, -0.305247, -0.257096, -0.207264, -0.165786, -0.126187, -0.0966855, -0.0693845, -0.0514966, -0.0345072, -0.0253321, -0.0154011, -0.0117358, -0.0059636, -0.00534119, -0.00173135, -0.00260364, 0, 0, 0, 0, 0, 0, 0, 0, 0, 0, 0, 0, 0, 0, 0, 0, 0, 0, 0, 0, 0, 0, 0, 0, 0, 0, 0, 0, 0, 0, 0, 0, 0, 0, 0, 0, 0, 0, 0, 0, 0, 0, 0, 0, 0, 0, 0, 0, 0, 0, 0, 0, 0, 0, 0, 0, 0, 0, 0, 0, 0, 0, 0, 0, 0, 0, 0, 0, 0, 0, 0, 0, 0, 0, 0, 0, 0, 0, 0, 0, 0, 0, 0, 0, 0, 0, 0, 0, 0, 0, 0, 0, 0, 0, 0, 0, 0, 0, 0, 0, 0, 0, 0, 0, 0, 0, 0, 0, 0, 0
-0.000969252, 0.000969252, -0.000969252, 0.000969251, -0.000969252, 0.000969251, -0.000969253, 0.000969248, -0.00096926, 0.000969233, -0.000969295, 0.000969154, -0.000969466, 0.000968788, -0.000970236, 0.0009672, -0.000973444, 0.000960846, -0.00098578, 0.000937376, -0.00102954, 0.000857435, -0.0011726, 0.000606697, -0.00160293, -0.000116352, -0.00279194, -0.00202938, -0.00580236, -0.00666092, -0.0127656, -0.0168853, -0.0274183, -0.0373644, -0.0553049, -0.0743171, -0.102882, -0.133719, -0.174611, -0.217185, -0.267714, -0.315935, -0.36598, -0.405406, -0.436423, -0.445289, -0.433919, -0.389613, -0.31688, -0.20719, -0.0705875, 0.0950312, 0.273003, 0.459465, 0.633322, 0.788572, 0.904779, 0.979549, 0.998722, 0.968176, 0.883041, 0.758358, 0.597178, 0.420292, 0.233735, 0.0583362, -0.102553, -0.232934, -0.335636, -0.401305, -0.439057, -0.444815, -0.431538, -0.397399, -0.356091, -0.305247, -0.257096, -0.207264, -0.165786, -0.126187, -0.0966855, -0.0693845, -0.0514966, -0.0345072, -0.0253321, -0.0154011, -0.0117358, -0.0059636, -0.00534119, -0.00173135, -0.00260364, 0, 0, 0, 0, 0, 0, 0, 0, 0, 0, 0, 0, 0, 0, 0, 0, 0, 0, 0, 0, 0, 0, 0, 0, 0, 0, 0, 0, 0, 0, 0, 0, 0, 0, 0, 0, 0, 0, 0, 0, 0, 0, 0, 0, 0, 0, 0, 0, 0, 0, 0, 0, 0, 0, 0, 0, 0, 0, 0, 0, 0, 0, 0, 0, 0, 0, 0, 0, 0, 0, 0, 0, 0, 0, 0, 0, 0, 0, 0, 0, 0, 0, 0, 0, 0, 0, 0, 0, 0, 0, 0, 0, 0, 0, 0, 0, 0, 0, 0, 0, 0, 0, 0, 0, 0, 0, 0, 0, 0
0.000969252, -0.000969252, 0.000969252, -0.000969252, 0.000969251, -0.000969252, 0.000969251, -0.000969253, 0.000969248, -0.00096926, 0.000969233, -0.000969295, 0.000969154, -0.000969466, 0.000968788, -0.000970236, 0.0009672, -0.000973444, 0.000960846, -0.00098578, 0.000937376, -0.00102954, 0.000857435, -0.0011726, 0.000606697, -0.00160293, -0.000116352, -0.00279194, -0.00202938, -0.00580236, -0.00666092, -0.0127656, -0.0168853, -0.0274183, -0.0373644, -0.0553049, -0.0743171, -0.102882, -0.133719, -0.174611, -0.217185, -0.267714, -0.315935, -0.36598, -0.405406, -0.436423, -0.445289, -0.433919, -0.389613, -0.31688, -0.20719, -0.0705875, 0.0950312, 0.273003, 0.459465, 0.633322, 0.788572, 0.904779, 0.979549, 0.998722, 0.968176, 0.883041, 0.758358, 0.597178, 0.420292, 0.233735, 0.0583362, -0.102553, -0.232934, -0.335636, -0.401305, -0.439057, -0.444815, -0.431538, -0.397399, -0.356091, -0.305247, -0.257096, -0.207264, -0.165786, -0.126187, -0.0966855, -0.0693845, -0.0514966, -0.0345072, -0.0253321, -0.0154011, -0.0117358, -0.0059636, -0.00534119, -0.00173135, -0.00260364, 0, 0, 0, 0, 0, 0, 0, 0, 0, 0, 0, 0, 0, 0, 0, 0, 0, 0, 0, 0, 0, 0, 0, 0, 0, 0, 0, 0, 0, 0, 0, 0, 0, 0, 0, 0, 0, 0, 0, 0, 0, 0, 0, 0, 0, 0, 0, 0, 0, 0, 0, 0, 0, 0, 0, 0, 0, 0, 0, 0, 0, 0, 0, 0, 0, 0, 0, 0, 0, 0, 0, 0, 0, 0, 0, 0, 0, 0, 0, 0, 0, 0, 0, 0, 0, 0, 0, 0, 0, 0, 0, 0, 0, 0, 0, 0, 0, 0, 0, 0, 0, 0, 0, 0, 0, 0, 0, 0
-0.000969252, 0.000969252, -0.000969252, 0.000969252, -0.000969252, 0.000969251, -0.000969252, 0.000969251, -0.000969253, 0.000969248, -0.00096926, 0.000969233, -0.000969295, 0.000969154, -0.000969466, 0.000968788, -0.000970236, 0.0009672, -0.000973444, 0.000960846, -0.00098578, 0.000937376, -0.00102954, 0.000857435, -0.0011726, 0.000606697, -0.00160293, -0.000116352, -0.00279194, -0.00202938, -0.00580236, -0.00666092, -0.0127656, -0.0168853, -0.0274183, -0.0373644, -0.0553049, -0.0743171, -0.102882, -0.133719, -0.174611, -0.217185, -0.267714, -0.315935, -0.36598, -0.405406, -0.436423, -0.445289, -0.433919, -0.389613, -0.31688, -0.20719, -0.0705875, 0.0950312, 0.273003, 0.459465, 0.633322, 0.788572, 0.904779, 0.979549, 0.998722, 0.968176, 0.883041, 0.758358, 0.597178, 0.420292, 0.233735, 0.0583362, -0.102553, -0.232934, -0.335636, -0.401305, -0.439057, -0.444815, -0.431538, -0.397399, -0.356091, -0.305247, -0.257096, -0.207264, -0.165786, -0.126187, -0.0966855, -0.0693845, -0.0514966, -0.0345072, -0.0253321, -0.0154011, -0.0117358, -0.0059636, -0.00534119, -0.00173135, -0.00260364, 0, 0, 0, 0, 0, 0, 0, 0, 0, 0, 0, 0, 0, 0, 0, 0, 0, 0, 0, 0, 0, 0, 0, 0, 0, 0, 0, 0, 0, 0, 0, 0, 0, 0, 0, 0, 0, 0, 0, 0, 0, 0, 0, 0, 0, 0, 0, 0, 0, 0, 0, 0, 0, 0, 0, 0, 0, 0, 0, 0, 0, 0, 0, 0, 0, 0, 0, 0, 0, 0, 0, 0, 0, 0, 0, 0, 0, 0, 0, 0, 0, 0, 0, 0, 0, 0, 0, 0, 0, 0, 0, 0, 0, 0, 0, 0, 0, 0, 0, 0, 0, 0, 0, 0, 0, 0, 0
0.000969252, -0.000969252, 0.000969252, -0.000969252, 0.000969252, -0.000969252, 0.000969251, -0.000969252, 0.000969251, -0.000969253, 0.000969248, -0.00096926, 0.000969233, -0.000969295, 0.000969154, -0.000969466, 0.000968788, -0.000970236, 0.0009672, -0.000973444, 0.000960846, -0.00098578, 0.000937376, -0.00102954, 0.000857435, -0.0011726, 0.000606697, -0.00160293, -0.000116352, -0.00279194, -0.00202938, -0.00580236, -0.00666092, -0.0127656, -0.0168853, -0.0274183, -0.0373644, -0.0553049, -0.0743171, -0.102882, -0.133719, -0.174611, -0.217185, -0.267714, -0.315935, -0.36598, -0.405406, -0.436423, -0.445289, -0.433919, -0.389613, -0.31688, -0.20719, -0.0705875, 0.0950312, 0.273003, 0.459465, 0.633322, 0.788572, 0.904779, 0.979549, 0.998722, 0.968176, 0.883041, 0.758358, 0.597178, 0.420292, 0.233735, 0.0583362, -0.102553, -0.232934, -0.335636, -0.401305, -0.439057, -0.444815, -0.431538, -0.397399, -0.356091, -0.305247, -0.257096, -0.207264, -0.165786, -0.126187, -0.0966855, -0.0693845, -0.0514966, -0.0345072, -0.0253321, -0.0154011, -0.0117358, -0.0059636, -0.00534119, -0.00173135, -0.00260364, 0, 0, 0, 0, 0, 0, 0, 0, 0, 0, 0, 0, 0, 0, 0, 0, 0, 0, 0, 0, 0, 0, 0, 0, 0, 0, 0, 0, 0, 0, 0, 0, 0, 0, 0, 0, 0, 0, 0, 0, 0, 0, 0, 0, 0, 0, 0, 0, 0, 0, 0, 0, 0, 0, 0, 0, 0, 0, 0, 0, 0, 0, 0, 0, 0, 0, 0, 0, 0, 0, 0, 0, 0, 0, 0, 0, 0, 0, 0, 0, 0, 0, 0, 0, 0, 0, 0, 0, 0, 0, 0, 0, 0, 0, 0, 0, 0, 0, 0, 0, 0, 0, 0, 0, 0, 0
-0.000969252, 0.000969252, -0.000969252, 0.000969252, -0.000969252, 0.000969252, -0.000969252, 0.000969251, -0.000969252, 0.000969251, -0.000969253, 0.000969248, -0.00096926, 0.000969233, -0.000969295, 0.000969154, -0.000969466, 0.000968788, -0.000970236, 0.0009672, -0.000973444, 0.000960846, -0.00098578, 0.000937376, -0.00102954, 0.000857435, -0.0011726, 0.000606697, -0.00160293, -0.000116352, -0.00279194, -0.00202938, -0.00580236, -0.00666092, -0.0127656, -0.0168853, -0.0274183, -0.0373644, -0.0553049, -0.0743171, -0.102882, -0.133719, -0.174611, -0.217185, -0.267714, -0.315935, -0.36598, -0.405406, -0.436423, -0.445289, -0.433919, -0.389613, -0.31688, -0.20719, -0.0705875, 0.0950312, 0.273003, 0.459465, 0.633322, 0.788572, 0.904779, 0.979549, 0.998722, 0.968176, 0.883041, 0.758358, 0.597178, 0.420292, 0.233735, 0.0583362, -0.102553, -0.232934, -0.335636, -0.401305, -0.439057, -0.444815, -0.431538, -0.397399, -0.356091, -0.305247, -0.257096, -0.207264, -0.165786, -0.126187, -0.0966855, -0.0693845, -0.0514966, -0.0345072, -0.0253321, -0.0154011, -0.0117358, -0.0059636, -0.00534119, -0.00173135, -0.00260364, 0, 0, 0, 0, 0, 0, 0, 0, 0, 0, 0, 0, 0, 0, 0, 0, 0, 0, 0, 0, 0, 0, 0, 0, 0, 0, 0, 0, 0, 0, 0, 0, 0, 0, 0, 0, 0, 0, 0, 0, 0, 0, 0, 0, 0, 0, 0, 0, 0, 0, 0, 0, 0, 0, 0, 0, 0, 0, 0, 0, 0, 0, 0, 0, 0, 0, 0, 0, 0, 0, 0, 0, 0, 0, 0, 0, 0, 0, 0, 0, 0, 0, 0, 0, 0, 0, 0, 0, 0, 0, 0, 0, 0, 0, 0, 0, 0, 0, 0, 0, 0, 0, 0, 0, 0
0.000969252, -0.000969252, 0.000969252, -0.000969252, 0.000969252, -0.000969252, 0.000969252, -0.000969252, 0.000969251, -0.000969252, 0.000969251, -0.000969253, 0.000969248, -0.00096926, 0.000969233, -0.000969295, 0.000969154, -0.000969466, 0.000968788, -0.000970236, 0.0009672, -0.000973444, 0.000960846, -0.00098578, 0.000937376, -0.00102954, 0.000857435, -0.0011726, 0.000606697, -0.00160293, -0.000116352, -0.00279194, -0.00202938, -0.00580236, -0.00666092, -0.0127656, -0.0168853, -0.0274183, -0.0373644, -0.0553049, -0.0743171, -0.102882, -0.133719, -0.174611, -0.217185, -0.267714, -0.315935, -0.36598, -0.405406, -0.436423, -0.445289, -0.433919, -0.389613, -0.31688, -0.20719, -0.0705875, 0.0950312, 0.273003, 0.459465, 0.633322, 0.788572, 0.904779, 0.979549, 0.998722, 0.968176, 0.883041, 0.758358, 0.597178, 0.420292, 0.233735, 0.0583362, -0.102553, -0.232934, -0.335636, -0.401305, -0.439057, -0.444815, -0.431538, -0.397399, -0.356091, -0.305247, -0.257096, -0.207264, -0.165786, -0.126187, -0.0966855, -0.0693845, -0.0514966, -0.0345072, -0.0253321, -0.0154011, -0.0117358, -0.0059636, -0.00534119, -0.00173135, -0.00260364, 0, 0, 0, 0, 0, 0, 0, 0, 0, 0, 0, 0, 0, 0, 0, 0, 0, 0, 0, 0, 0, 0, 0, 0, 0, 0, 0, 0, 0, 0, 0, 0, 0, 0, 0, 0, 0, 0, 0, 0, 0, 0, 0, 0, 0, 0, 0, 0, 0, 0, 0, 0, 0, 0, 0, 0, 0, 0, 0, 0, 0, 0, 0, 0, 0, 0, 0, 0, 0, 0, 0, 0, 0, 0, 0, 0, 0, 0, 0, 0, 0, 0, 0, 0, 0, 0, 0, 0, 0, 0, 0, 0, 0, 0, 0, 0, 0, 0, 0, 0, 0, 0, 0, 0
-0.000969252, 0.000969252, -0.000969252, 0.000969252, -0.000969252, 0.000969252, -0.000969252, 0.000969252, -0.000969252, 0.000969251, -0.000969252, 0.000969251, -0.000969253, 0.000969248, -0.00096926, 0.000969233, -0.000969295, 0.000969154, -0.000969466, 0.000968788, -0.000970236, 0.0009672, -0.000973444, 0.000960846, -0.00098578, 0.000937376, -0.00102954, 0.000857435, -0.0011726, 0.000606697, -0.00160293, -0.000116352, -0.00279194, -0.00202938, -0.00580236, -0.00666092, -0.0127656, -0.0168853, -0.0274183, -0.0373644, -0.0553049, -0.0743171, -0.102882, -0.133719, -0.174611, -0.217185, -0.267714, -0.315935, -0.36598, -0.405406, -0.436423, -0.445289, -0.433919, -0.389613, -0.31688, -0.20719, -0.0705875, 0.0950312, 0.273003, 0.459465, 0.633322, 0.788572, 0.904779, 0.979549, 0.998722, 0.968176, 0.883041, 0.758358, 0.597178, 0.420292, 0.233735, 0.0583362, -0.102553, -0.232934, -0.335636, -0.401305, -0.439057, -0.444815, -0.431538, -0.397399, -0.356091, -0.305247, -0.257096, -0.207264, -0.165786, -0.126187, -0.0966855, -0.0693845, -0.0514966, -0.0345072, -0.0253321, -0.0154011, -0.0117358, -0.0059636, -0.00534119, -0.00173135, -0.00260364, 0, 0, 0, 0, 0, 0, 0, 0, 0, 0, 0, 0, 0, 0, 0, 0, 0, 0, 0, 0, 0, 0, 0, 0, 0, 0, 0, 0, 0, 0, 0, 0, 0, 0, 0, 0, 0, 0, 0, 0, 0, 0, 0, 0, 0, 0, 0, 0, 0, 0, 0, 0, 0, 0, 0, 0, 0, 0, 0, 0, 0, 0, 0, 0, 0, 0, 0, 0, 0, 0, 0, 0, 0, 0, 0, 0, 0, 0, 0, 0, 0, 0, 0, 0, 0, 0, 0, 0, 0, 0, 0, 0, 0, 0, 0, 0, 0, 0, 0, 0, 0, 0, 0
0.000969252, -0.000969252, 0.000969252, -0.000969252, 0.000969252, -0.000969252, 0.000969252, -0.000969252, 0.000969252, -0.000969252, 0.000969251, -0.000969252, 0.000969251, -0.000969253, 0.000969248, -0.00096926, 0.000969233, -0.000969295, 0.000969154, -0.000969466, 0.000968788, -0.000970236, 0.0009672, -0.000973444, 0.000960846, -0.00098578, 0.000937376, -0.00102954, 0.000857435, -0.0011726, 0.000606697, -0.00160293, -0.000116352, -0.00279194, -0.00202938, -0.00580236, -0.00666092, -0.0127656, -0.0168853, -0.0274183, -0.0373644, -0.0553049, -0.0743171, -0.102882, -0.133719, -0.174611, -0.217185, -0.267714, -0.315935, -0.36598, -0.405406, -0.436423, -0.445289, -0.433919, -0.389613, -0.31688, -0.20719, -0.0705875, 0.0950312, 0.273003, 0.459465, 0.633322, 0.788572, 0.904779, 0.979549, 0.998722, 0.968176, 0.883041, 0.758358, 0.597178, 0.420292, 0.233735, 0.0583362, -0.102553, -0.232934, -0.335636, -0.401305, -0.439057, -0.444815, -0.431538, -0.397399, -0.356091, -0.305247, -0.257096, -0.207264, -0.165786, -0.126187, -0.0966855, -0.0693845, -0.0514966, -0.0345072, -0.0253321, -0.0154011, -0.0117358, -0.0059636, -0.00534119, -0.00173135, -0.00260364, 0, 0, 0, 0, 0, 0, 0, 0, 0, 0, 0, 0, 0, 0, 0, 0, 0, 0, 0, 0, 0, 0, 0, 0, 0, 0, 0, 0, 0, 0, 0, 0, 0, 0, 0, 0, 0, 0, 0, 0, 0, 0, 0, 0, 0, 0, 0, 0, 0, 0, 0, 0, 0, 0, 0, 0, 0, 0, 0, 0, 0, 0, 0, 0, 0, 0, 0, 0, 0, 0, 0, 0, 0, 0, 0, 0, 0, 0, 0, 0, 0, 0, 0, 0, 0, 0, 0, 0, 0, 0, 0, 0, 0, 0, 0, 0, 0, 0, 0, 0, 0, 0
-0.000969252, 0.000969252, -0.000969252, 0.000969252, -0.000969252, 0.000969252, -0.000969252, 0.000969252, -0.000969252, 0.000969252, -0.000969252, 0.000969251, -0.000969252, 0.000969251, -0.000969253, 0.000969248, -0.00096926, 0.000969233, -0.000969295, 0.000969154, -0.000969466, 0.000968788, -0.000970236, 0.0009672, -0.000973444, 0.000960846, -0.00098578, 0.000937376, -0.00102954, 0.000857435, -0.0011726, 0.000606697, -0.00160293, -0.000116352, -0.00279194, -0.00202938, -0.00580236, -0.00666092, -0.0127656, -0.0168853, -0.0274183, -0.0373644, -0.0553049, -0.0743171, -0.102882, -0.133719, -0.174611, -0.217185, -0.267714, -0.315935, -0.36598, -0.405406, -0.436423, -0.445289, -0.433919, -0.389613, -0.31688, -0.20719, -0.0705875, 0.0950312, 0.273003, 0.459465, 0.633322, 0.788572, 0.904779, 0.979549, 0.998722, 0.968176, 0.883041, 0.758358, 0.597178, 0.420292, 0.233735, 0.0583362, -0.102553, -0.232934, -0.335636, -0.401305, -0.439057, -0.444815, -0.431538, -0.397399, -0.356091, -0.305247, -0.257096, -0.207264, -0.165786, -0.126187, -0.0966855, -0.0693845, -0.0514966, -0.0345072, -0.0253321, -0.0154011, -0.0117358, -0.0059636, -0.00534119, -0.00173135, -0.00260364, 0, 0, 0, 0, 0, 0, 0, 0, 0, 0, 0, 0, 0, 0, 0, 0, 0, 0, 0, 0, 0, 0, 0, 0, 0, 0, 0, 0, 0, 0, 0, 0, 0, 0, 0, 0, 0, 0, 0, 0, 0, 0, 0, 0, 0, 0, 0, 0, 0, 0, 0, 0, 0, 0, 0, 0, 0, 0, 0, 0, 0, 0, 0, 0, 0, 0, 0, 0, 0, 0, 0, 0, 0, 0, 0, 0, 0, 0, 0, 0, 0, 0, 0, 0, 0, 0, 0, 0, 0, 0, 0, 0, 0, 0, 0, 0, 0, 0, 0, 0, 0
0.000969252, -0.000969252, 0.000969252, -0.000969252, 0.000969252, -0.000969252, 0.000969252, -0.000969252, 0.000969252, -0.000969252, 0.000969252, -0.000969252, 0.000969251, -0.000969252, 0.000969251, -0.000969253, 0.000969248, -0.00096926, 0.000969233, -0.000969295, 0.000969154, -0.000969466, 0.000968788, -0.000970236, 0.0009672, -0.000973444, 0.000960846, -0.00098578, 0.000937376, -0.00102954, 0.000857435, -0.0011726, 0.000606697, -0.00160293, -0.000116352, -0.00279194, -0.00202938, -0.00580236, -0.00666092, -0.0127656, -0.0168853, -0.0274183, -0.0373644, -0.0553049, -0.0743171, -0.102882, -0.133719, -0.174611, -0.217185, -0.267714, -0.315935, -0.36598, -0.405406, -0.436423, -0.445289, -0.433919, -0.389613, -0.31688, -0.20719, -0.0705875, 0.0950312, 0.273003, 0.459465, 0.633322, 0.788572, 0.904779, 0.979549, 0.998722, 0.968176, 0.883041, 0.758358, 0.597178, 0.420292, 0.233735, 0.0583362, -0.102553, -0.232934, -0.335636, -0.401305, -0.439057, -0.444815, -0.431538, -0.397399, -0.356091, -0.305247, -0.257096, -0.207264, -0.165786, -0.126187, -0.0966855, -0.0693845, -0.0514966, -0.0345072, -0.0253321, -0.0154011, -0.0117358, -0.0059636, -0.00534119, -0.00173135, -0.00260364, 0, 0, 0, 0, 0, 0, 0, 0, 0, 0, 0, 0, 0, 0, 0, 0, 0, 0, 0, 0, 0, 0, 0, 0, 0, 0, 0, 0, 0, 0, 0, 0, 0, 0, 0, 0, 0, 0, 0, 0, 0, 0, 0, 0, 0, 0, 0, 0, 0, 0, 0, 0, 0, 0, 0, 0, 0, 0, 0, 0, 0, 0, 0, 0, 0, 0, 0, 0, 0, 0, 0, 0, 0, 0, 0, 0, 0, 0, 0, 0, 0, 0, 0, 0, 0, 0, 0, 0, 0, 0, 0, 0, 0, 0, 0, 0, 0, 0, 0, 0
-0.000969252, 0.000969252, -0.000969252, 0.000969252, -0.000969252, 0.000969252, -0.000969252, 0.000969252, -0.000969252, 0.000969252, -0.000969252, 0.000969252, -0.000969252, 0.000969251, -0.000969252, 0.000969251, -0.000969253, 0.000969248, -0.00096926, 0.000969233, -0.000969295, 0.000969154, -0.000969466, 0.000968788, -0.000970236, 0.0009672, -0.000973444, 0.000960846, -0.00098578, 0.000937376, -0.00102954, 0.000857435, -0.0011726, 0.000606697, -0.00160293, -0.000116352, -0.00279194, -0.00202938, -0.00580236, -0.00666092, -0.0127656, -0.0168853, -0.0274183, -0.0373644, -0.0553049, -0.0743171, -0.102882, -0.133719, -0.174611, -0.217185, -0.267714, -0.315935, -0.36598, -0.405406, -0.436423, -0.445289, -0.433919, -0.389613, -0.31688, -0.20719, -0.0705875, 0.0950312, 0.273003, 0.459465, 0.633322, 0.788572, 0.904779, 0.979549, 0.998722, 0.968176, 0.883041, 0.758358, 0.597178, 0.420292, 0.233735, 0.0583362, -0.102553, -0.232934, -0.335636, -0.401305, -0.439057, -0.444815, -0.431538, -0.397399, -0.356091, -0.305247, -0.257096, -0.207264, -0.165786, -0.126187, -0.0966855, -0.0693845, -0.0514966, -0.0345072, -0.0253321, -0.0154011, -0.0117358, -0.0059636, -0.00534119, -0.00173135, -0.00260364, 0, 0, 0, 0, 0, 0, 0, 0, 0, 0, 0, 0, 0, 0, 0, 0, 0, 0, 0, 0, 0, 0, 0, 0, 0, 0, 0, 0, 0, 0, 0, 0, 0, 0, 0, 0, 0, 0, 0, 0, 0, 0, 0, 0, 0, 0, 0, 0, 0, 0, 0, 0, 0, 0, 0, 0, 0, 0, 0, 0, 0, 0, 0, 0, 0, 0, 0, 0, 0, 0, 0, 0, 0, 0, 0, 0, 0, 0, 0, 0, 0, 0, 0, 0, 0, 0, 0, 0, 0, 0, 0, 0, 0, 0, 0, 0, 0, 0, 0
0.000969252, -0.000969252, 0.000969252, -0.000969252, 0.000969252, -0.000969252, 0.000969252, -0.000969252, 0.000969252, -0.000969252, 0.000969252, -0.000969252, 0.000969252, -0.000969252, 0.000969251, -0.000969252, 0.000969251, -0.000969253, 0.000969248, -0.00096926, 0.000969233, -0.000969295, 0.000969154, -0.000969466, 0.000968788, -0.000970236, 0.0009672, -0.000973444, 0.000960846, -0.00098578, 0.000937376, -0.00102954, 0.000857435, -0.0011726, 0.000606697, -0.00160293, -0.000116352, -0.00279194, -0.00202938, -0.00580236, -0.00666092, -0.0127656, -0.0168853, -0.0274183, -0.0373644, -0.0553049, -0.0743171, -0.102882, -0.133719, -0.174611, -0.217185, -0.267714, -0.315935, -0.36598, -0.405406, -0.436423, -0.445289, -0.433919, -0.389613, -0.31688, -0.20719, -0.0705875, 0.0950312, 0.273003, 0.459465, 0.633322, 0.788572, 0.904779, 0.979549, 0.998722, 0.968176, 0.883041, 0.758358, 0.597178, 0.420292, 0.233735, 0.0583362, -0.102553, -0.232934, -0.335636, -0.401305, -0.439057, -0.444815, -0.431538, -0.397399, -0.356091, -0.305247, -0.257096, -0.207264, -0.165786, -0.126187, -0.0966855, -0.0693845, -0.0514966, -0.0345072, -0.0253321, -0.0154011, -0.0117358, -0.0059636, -0.00534119, -0.00173135, -0.00260364, 0, 0, 0, 0, 0, 0, 0, 0, 0, 0, 0, 0, 0, 0, 0, 0, 0, 0, 0, 0, 0, 0, 0, 0, 0, 0, 0, 0, 0, 0, 0, 0, 0, 0, 0, 0, 0, 0, 0, 0, 0, 0, 0, 0, 0, 0, 0, 0, 0, 0, 0, 0, 0, 0, 0, 0, 0, 0, 0, 0, 0, 0, 0, 0, 0, 0, 0, 0, 0, 0, 0, 0, 0, 0, 0, 0, 0, 0, 0, 0, 0, 0, 0, 0, 0, 0, 0, 0, 0, 0, 0, 0, 0, 0, 0, 0, 0, 0
-0.000969252, 0.000969252, -0.000969252, 0.000969252, -0.000969252, 0.000969252, -0.000969252, 0.000969252, -0.000969252, 0.000969252, -0.000969252, 0.000969252, -0.000969252, 0.000969252, -0.000969252, 0.000969251, -0.000969252, 0.000969251, -0.000969253, 0.000969248, -0.00096926, 0.000969233, -0.000969295, 0.000969154, -0.000969466, 0.000968788, -0.000970236, 0.0009672, -0.000973444, 0.000960846, -0.00098578, 0.000937376, -0.00102954, 0.000857435, -0.0011726, 0.000606697, -0.00160293, -0.000116352, -0.00279194, -0.00202938, -0.00580236, -0.00666092, -0.0127656, -0.0168853, -0.0274183, -0.0373644, -0.0553049, -0.0743171, -0.102882, -0.133719, -0.174611, -0.217185, -0.267714, -0.315935, -0.36598, -0.405406, -0.436423, -0.445289, -0.433919, -0.389613, -0.31688, -0.20719, -0.0705875, 0.0950312, 0.273003, 0.459465, 0.633322, 0.788572, 0.904779, 0.979549, 0.998722, 0.968176, 0.883041, 0.758358, 0.597178, 0.420292, 0.233735, 0.0583362, -0.102553, -0.232934, -0.335636, -0.401305, -0.439057, -0.444815, -0.431538, -0.397399, -0.356091, -0.305247, -0.257096, -0.207264, -0.165786, -0.126187, -0.0966855, -0.0693845, -0.0514966, -0.0345072, -0.0253321, -0.0154011, -0.0117358, -0.0059636, -0.00534119, -0.00173135, -0.00260364, 0, 0, 0, 0, 0, 0, 0, 0, 0, 0, 0, 0, 0, 0, 0, 0, 0, 0, 0, 0, 0, 0, 0, 0, 0, 0, 0, 0, 0, 0, 0, 0, 0, 0, 0, 0, 0, 0, 0, 0, 0, 0, 0, 0, 0, 0, 0, 0, 0, 0, 0, 0, 0, 0, 0, 0, 0, 0, 0, 0, 0, 0, 0, 0, 0, 0, 0, 0, 0, 0, 0, 0, 0, 0, 0, 0, 0, 0, 0, 0, 0, 0, 0, 0, 0, 0, 0, 0, 0, 0, 0, 0, 0, 0, 0, 0, 0
0.000969252, -0.000969252, 0.000969252, -0.000969252, 0.000969252, -0.000969252, 0.000969252, -0.000969252, 0.000969252, -0.000969252, 0.000969252, -0.000969252, 0.000969252, -0.000969252, 0.000969252, -0.000969252, 0.000969251, -0.000969252, 0.000969251, -0.000969253, 0.000969248, -0.00096926, 0.000969233, -0.000969295, 0.000969154, -0.000969466, 0.000968788, -0.000970236, 0.0009672, -0.000973444, 0.000960846, -0.00098578, 0.000937376, -0.00102954, 0.000857435, -0.0011726, 0.000606697, -0.00160293, -0.000116352, -0.00279194, -0.00202938, -0.00580236, -0.00666092, -0.0127656, -0.0168853, -0.0274183, -0.0373644, -0.0553049, -0.0743171, -0.102882, -0.133719, -0.174611, -0.217185, -0.267714, -0.315935, -0.36598, -0.405406, -0.436423, -0.445289, -0.433919, -0.389613, -0.31688, -0.20719, -0.0705875, 0.0950312, 0.273003, 0.459465, 0.633322, 0.788572, 0.904779, 0.979549, 0.998722, 0.968176, 0.883041, 0.758358, 0.597178, 0.420292, 0.233735, 0.0583362, -0.102553, -0.232934, -0.335636, -0.401305, -0.439057, -0.444815, -0.431538, -0.397399, -0.356091, -0.305247, -0.257096, -0.207264, -0.165786, -0.126187, -0.0966855, -0.0693845, -0.0514966, -0.0345072, -0.0253321, -0.0154011, -0.0117358, -0.0059636, -0.00534119, -0.00173135, -0.00260364, 0, 0, 0, 0, 0, 0, 0, 0, 0, 0, 0, 0, 0, 0, 0, 0, 0, 0, 0, 0, 0, 0, 0, 0, 0, 0, 0, 0, 0, 0, 0, 0, 0, 0, 0, 0, 0, 0, 0, 0, 0, 0, 0, 0, 0, 0, 0, 0, 0, 0, 0, 0, 0, 0, 0, 0, 0, 0, 0, 0, 0, 0, 0, 0, 0, 0, 0, 0, 0, 0, 0, 0, 0, 0, 0, 0, 0, 0, 0, 0, 0, 0, 0, 0, 0, 0, 0, 0, 0, 0, 0, 0, 0, 0, 0, 0
-0.000969252, 0.000969252, -0.000969252, 0.000969252, -0.000969252, 0.000969252, -0.000969252, 0.000969252, -0.000969252, 0.000969252, -0.000969252, 0.000969252, -0.000969252, 0.000969252, -0.000969252, 0.000969252, -0.000969252, 0.000969251, -0.000969252, 0.000969251, -0.000969253, 0.000969248, -0.00096926, 0.000969233, -0.000969295, 0.000969154, -0.000969466, 0.000968788, -0.000970236, 0.0009672, -0.000973444, 0.000960846, -0.00098578, 0.000937376, -0.00102954, 0.000857435, -0.0011726, 0.000606697, -0.00160293, -0.000116352, -0.00279194, -0.00202938, -0.00580236, -0.00666092, -0.0127656, -0.0168853, -0.0274183, -0.0373644, -0.0553049, -0.0743171, -0.102882, -0.133719, -0.174611, -0.217185, -0.267714, -0.315935, -0.36598, -0.405406, -0.436423, -0.445289, -0.433919, -0.389613, -0.31688, -0.20719, -0.0705875, 0.0950312, 0.273003, 0.459465, 0.633322, 0.788572, 0.904779, 0.979549, 0.998722, 0.968176, 0.883041, 0.758358, 0.597178, 0.420292, 0.233735, 0.0583362, -0.102553, -0.232934, -0.335636, -0.401305, -0.439057, -0.444815, -0.431538, -0.397399, -0.356091, -0.305247, -0.257096, -0.207264, -0.165786, -0.126187, -0.0966855, -0.0693845, -0.0514966, -0.0345072, -0.0253321, -0.0154011, -0.0117358, -0.0059636, -0.00534119, -0.00173135, -0.00260364, 0, 0, 0, 0, 0, 0, 0, 0, 0, 0, 0, 0, 0, 0, 0, 0, 0, 0, 0, 0, 0, 0, 0, 0, 0, 0, 0, 0, 0, 0, 0, 0, 0, 0, 0, 0, 0, 0, 0, 0, 0, 0, 0, 0, 0, 0, 0, 0, 0, 0, 0, 0, 0, 0, 0, 0, 0, 0, 0, 0, 0, 0, 0, 0, 0, 0, 0, 0, 0, 0, 0, 0, 0, 0, 0, 0, 0, 0, 0, 0, 0, 0, 0, 0, 0, 0, 0, 0, 0, 0, 0, 0, 0, 0, 0
0.000969252, -0.000969252, 0.000969252, -0.000969252, 0.000969252, -0.000969252, 0.000969252, -0.000969252, 0.000969252, -0.000969252, 0.000969252, -0.000969252, 0.000969252, -0.000969252, 0.000969252, -0.000969252, 0.000969252, -0.000969252, 0.000969251, -0.000969252, 0.000969251, -0.000969253, 0.000969248, -0.00096926, 0.000969233, -0.000969295, 0.000969154, -0.000969466, 0.000968788, -0.000970236, 0.0009672, -0.000973444, 0.000960846, -0.00098578, 0.000937376, -0.00102954, 0.000857435, -0.0011726, 0.000606697, -0.00160293, -0.000116352, -0.00279194, -0.00202938, -0.00580236, -0.00666092, -0.0127656, -0.0168853, -0.0274183, -0.0373644, -0.0553049, -0.0743171, -0.102882, -0.133719, -0.174611, -0.217185, -0.267714, -0.315935, -0.36598, -0.405406, -0.436423, -0.445289, -0.433919, -0.389613, -0.31688, -0.20719, -0.0705875, 0.0950312, 0.273003, 0.459465, 0.633322, 0.788572, 0.904779, 0.979549, 0.998722, 0.968176, 0.883041, 0.758358, 0.597178, 0.420292, 0.233735, 0.0583362, -0.102553, -0.232934, -0.335636, -0.401305, -0.439057, -0.444815, -0.431538, -0.397399, -0.356091, -0.305247, -0.257096, -0.207264, -0.165786, -0.126187, -0.0966855, -0.0693845, -0.0514966, -0.0345072, -0.0253321, -0.0154011, -0.0117358, -0.0059636, -0.00534119, -0.00173135, -0.00260364, 0, 0, 0, 0, 0, 0, 0, 0, 0, 0, 0, 0, 0, 0, 0, 0, 0, 0, 0, 0, 0, 0, 0, 0, 0, 0, 0, 0, 0, 0, 0, 0, 0, 0, 0, 0, 0, 0, 0, 0, 0, 0, 0, 0, 0, 0, 0, 0, 0, 0, 0, 0, 0, 0, 0, 0, 0, 0, 0, 0, 0, 0, 0, 0, 0, 0, 0, 0, 0, 0, 0, 0, 0, 0, 0, 0, 0, 0, 0, 0, 0, 0, 0, 0, 0, 0, 0, 0, 0, 0, 0, 0, 0, 0
-0.000969252, 0.000969252, -0.000969252, 0.000969252, -0.000969252, 0.000969252, -0.000969252, 0.000969252, -0.000969252, 0.000969252, -0.000969252, 0.000969252, -0.000969252, 0.000969252, -0.000969252, 0.000969252, -0.000969252, 0.000969252, -0.000969252, 0.000969251, -0.000969252, 0.000969251, -0.000969253, 0.000969248, -0.00096926, 0.000969233, -0.000969295, 0.000969154, -0.000969466, 0.000968788, -0.000970236, 0.0009672, -0.000973444, 0.000960846, -0.00098578, 0.000937376, -0.00102954, 0.000857435, -0.0011726, 0.000606697, -0.00160293, -0.000116352, -0.00279194, -0.00202938, -0.00580236, -0.00666092, -0.0127656, -0.0168853, -0.0274183, -0.0373644, -0.0553049, -0.0743171, -0.102882, -0.133719, -0.174611, -0.217185, -0.267714, -0.315935, -0.36598, -0.405406, -0.436423, -0.445289, -0.433919, -0.389613, -0.31688, -0.20719, -0.0705875, 0.0950312, 0.273003, 0.459465, 0.633322, 0.788572, 0.904779, 0.979549, 0.998722, 0.968176, 0.883041, 0.758358, 0.597178, 0.420292, 0.233735, 0.0583362, -0.102553, -0.232934, -0.335636, -0.401305, -0.439057, -0.444815, -0.431538, -0.397399, -0.356091, -0.305247, -0.257096, -0.207264, -0.165786, -0.126187, -0.0966855, -0.0693845, -0.0514966, -0.0345072, -0.0253321, -0.0154011, -0.0117358, -0.0059636, -0.00534119, -0.00173135, -0.00260364, 0, 0, 0, 0, 0, 0, 0, 0, 0, 0, 0, 0, 0, 0, 0, 0, 0, 0, 0, 0, 0, 0, 0, 0, 0, 0, 0, 0, 0, 0, 0, 0, 0, 0, 0, 0, 0, 0, 0, 0, 0, 0, 0, 0, 0, 0, 0, 0, 0, 0, 0, 0, 0, 0, 0, 0, 0, 0, 0, 0, 0, 0, 0, 0, 0, 0, 0, 0, 0, 0, 0, 0, 0, 0, 0, 0, 0, 0, 0, 0, 0, 0, 0, 0, 0, 0, 0, 0, 0, 0, 0, 0, 0
0.000969252, -0.000969252, 0.000969252, -0.000969252, 0.000969252, -0.000969252, 0.000969252, -0.000969252, 0.000969252, -0.000969252, 0.000969252, -0.000969252, 0.000969252, -0.000969252, 0.000969252, -0.000969252, 0.000969252, -0.000969252, 0.000969252, -0.000969252, 0.000969251, -0.000969252, 0.000969251, -0.000969253, 0.000969248, -0.00096926, 0.000969233, -0.000969295, 0.000969154, -0.000969466, 0.000968788, -0.000970236, 0.0009672, -0.000973444, 0.000960846, -0.00098578, 0.000937376, -0.00102954, 0.000857435, -0.0011726, 0.000606697, -0.00160293, -0.000116352, -0.00279194, -0.00202938, -0.00580236, -0.00666092, -0.0127656, -0.0168853, -0.0274183, -0.0373644, -0.0553049, -0.0743171, -0.102882, -0.133719, -0.174611, -0.217185, -0.267714, -0.315935, -0.36598, -0.405406, -0.436423, -0.445289, -0.433919, -0.389613, -0.31688, -0.20719, -0.0705875, 0.0950312, 0.273003, 0.459465, 0.633322, 0.788572, 0.904779, 0.979549, 0.998722, 0.968176, 0.883041, 0.758358, 0.597178, 0.420292, 0.233735, 0.0583362, -0.102553, -0.232934, -0.335636, -0.401305, -0.439057, -0.444815, -0.431538, -0.397399, -0.356091, -0.305247, -0.257096, -0.207264, -0.165786, -0.126187, -0.0966855, -0.0693845, -0.0514966, -0.0345072, -0.0253321, -0.0154011, -0.0117358, -0.0059636, -0.00534119, -0.00173135, -0.00260364, 0, 0, 0, 0, 0, 0, 0, 0, 0, 0, 0, 0, 0, 0, 0, 0, 0, 0, 0, 0, 0, 0, 0, 0, 0, 0, 0, 0, 0, 0, 0, 0, 0, 0, 0, 0, 0, 0, 0, 0, 0, 0, 0, 0, 0, 0, 0, 0, 0, 0, 0, 0, 0, 0, 0, 0, 0, 0, 0, 0, 0, 0, 0, 0, 0, 0, 0, 0, 0, 0, 0, 0, 0, 0, 0, 0, 0, 0, 0, 0, 0, 0, 0, 0, 0, 0, 0, 0, 0, 0, 0, 0
-0.000969252, 0.000969252, -0.000969252, 0.000969252, -0.000969252, 0.000969252, -0.000969252, 0.000969252, -0.000969252, 0.000969252, -0.000969252, 0.000969252, -0.000969252, 0.000969252, -0.000969252, 0.000969252, -0.000969252, 0.000969252, -0.000969252, 0.000969252, -0.000969252, 0.000969251, -0.000969252, 0.000969251, -0.000969253, 0.000969248, -0.00096926, 0.000969233, -0.000969295, 0.000969154, -0.000969466, 0.000968788, -0.000970236, 0.0009672, -0.000973444, 0.000960846, -0.00098578, 0.000937376, -0.00102954, 0.000857435, -0.0011726, 0.000606697, -0.00160293, -0.000116352, -0.00279194, -0.00202938, -0.00580236, -0.00666092, -0.0127656, -0.0168853, -0.0274183, -0.0373644, -0.0553049, -0.0743171, -0.102882, -0.133719, -0.174611, -0.217185, -0.267714, -0.315935, -0.36598, -0.405406, -0.436423, -0.445289, -0.433919, -0.389613, -0.31688, -0.20719, -0.0705875, 0.0950312, 0.273003, 0.459465, 0.633322, 0.788572, 0.904779, 0.979549, 0.998722, 0.968176, 0.883041, 0.758358, 0.597178, 0.420292, 0.233735, 0.0583362, -0.102553, -0.232934, -0.335636, -0.401305, -0.439057, -0.444815, -0.431538, -0.397399, -0.356091, -0.305247, -0.257096, -0.207264, -0.165786, -0.126187, -0.0966855, -0.0693845, -0.0514966, -0.0345072, -0.0253321, -0.0154011, -0.0117358, -0.0059636, -0.00534119, -0.00173135, -0.00260364, 0, 0, 0, 0, 0, 0, 0, 0, 0, 0, 0, 0, 0, 0, 0, 0, 0, 0, 0, 0, 0, 0, 0, 0, 0, 0, 0, 0, 0, 0, 0, 0, 0, 0, 0, 0, 0, 0, 0, 0, 0, 0, 0, 0, 0, 0, 0, 0, 0, 0, 0, 0, 0, 0, 0, 0, 0, 0, 0, 0, 0, 0, 0, 0, 0, 0, 0, 0, 0, 0, 0, 0, 0, 0, 0, 0, 0, 0, 0, 0, 0, 0, 0, 0, 0, 0, 0, 0, 0, 0, 0
0.000969252, -0.000969252, 0.000969252, -0.000969252, 0.000969252, -0.000969252, 0.000969252, -0.000969252, 0.000969252, -0.000969252, 0.000969252, -0.000969252, 0.000969252, -0.000969252, 0.000969252, -0.000969252, 0.000969252, -0.000969252, 0.000969252, -0.000969252, 0.000969252, -0.000969252, 0.000969251, -0.000969252, 0.000969251, -0.000969253, 0.000969248, -0.00096926, 0.000969233, -0.000969295, 0.000969154, -0.000969466, 0.000968788, -0.000970236, 0.0009672, -0.000973444, 0.000960846, -0.00098578, 0.000937376, -0.00102954, 0.000857435, -0.0011726, 0.000606697, -0.00160293, -0.000116352, -0.00279194, -0.00202938, -0.00580236, -0.00666092, -0.0127656, -0.0168853, -0.0274183, -0.0373644, -0.0553049, -0.0743171, -0.102882, -0.133719, -0.174611, -0.217185, -0.267714, -0.315935, -0.36598, -0.405406, -0.436423, -0.445289, -0.433919, -0.389613, -0.31688, -0.20719, -0.0705875, 0.0950312, 0.273003, 0.459465, 0.633322, 0.788572, 0.904779, 0.979549, 0.998722, 0.968176, 0.883041, 0.758358, 0.597178, 0.420292, 0.233735, 0.0583362, -0.102553, -0.232934, -0.335636, -0.401305, -0.439057, -0.444815, -0.431538, -0.397399, -0.356091, -0.305247, -0.257096, -0.207264, -0.165786, -0.126187, -0.0966855, -0.0693845, -0.0514966, -0.0345072, -0.0253321, -0.0154011, -0.0117358, -0.0059636, -0.00534119, -0.00173135, -0.00260364, 0, 0, 0, 0, 0, 0, 0, 0, 0, 0, 0, 0, 0, 0, 0, 0, 0, 0, 0, 0, 0, 0, 0, 0, 0, 0, 0, 0, 0, 0, 0, 0, 0, 0, 0, 0, 0, 0, 0, 0, 0, 0, 0, 0, 0, 0, 0, 0, 0, 0, 0, 0, 0, 0, 0, 0, 0, 0, 0, 0, 0, 0, 0, 0, 0, 0, 0, 0, 0, 0, 0, 0, 0, 0, 0, 0, 0, 0, 0, 0, 0, 0, 0, 0, 0, 0, 0, 0, 0, 0
-0.000969252, 0.000969252, -0.000969252, 0.000969252, -0.000969252, 0.000969252, -0.000969252, 0.000969252, -0.000969252, 0.000969252, -0.000969252, 0.000969252, -0.000969252, 0.000969252, -0.000969252, 0.000969252, -0.000969252, 0.000969252, -0.000969252, 0.000969252, -0.000969252, 0.000969252, -0.000969252, 0.000969251, -0.000969252, 0.000969251, -0.000969253, 0.000969248, -0.00096926, 0.000969233, -0.000969295, 0.000969154, -0.000969466, 0.000968788, -0.000970236, 0.0009672, -0.000973444, 0.000960846, -0.00098578, 0.000937376, -0.00102954, 0.000857435, -0.0011726, 0.000606697, -0.00160293, -0.000116352, -0.00279194, -0.00202938, -0.00580236, -0.00666092, -0.0127656, -0.0168853, -0.0274183, -0.0373644, -0.0553049, -0.0743171, -0.102882, -0.133719, -0.174611, -0.217185, -0.267714, -0.315935, -0.36598, -0.405406, -0.436423, -0.445289, -0.433919, -0.389613, -0.31688, -0.20719, -0.0705875, 0.0950312, 0.273003, 0.459465, 0.633322, 0.788572, 0.904779, 0.979549, 0.998722, 0.968176, 0.883041, 0.758358, 0.597178, 0.420292, 0.233735, 0.0583362, -0.102553, -0.232934, -0.335636, -0.401305, -0.439057, -0.444815, -0.431538, -0.397399, -0.356091, -0.305247, -0.257096, -0.207264, -0.165786, -0.126187, -0.0966855, -0.0693845, -0.0514966, -0.0345072, -0.0253321, -0.0154011, -0.0117358, -0.0059636, -0.00534119, -0.00173135, -0.00260364, 0, 0, 0, 0, 0, 0, 0, 0, 0, 0, 0, 0, 0, 0, 0, 0, 0, 0, 0, 0, 0, 0, 0, 0, 0, 0, 0, 0, 0, 0, 0, 0, 0, 0, 0, 0, 0, 0, 0, 0, 0, 0, 0, 0, 0, 0, 0, 0, 0, 0, 0, 0, 0, 0, 0, 0, 0, 0, 0, 0, 0, 0, 0, 0, 0, 0, 0, 0, 0, 0, 0, 0, 0, 0, 0, 0, 0, 0, 0, 0, 0, 0, 0, 0, 0, 0, 0, 0, 0
0.000969252, -0.000969252, 0.000969252, -0.000969252, 0.000969252, -0.000969252, 0.000969252, -0.000969252, 0.000969252, -0.000969252, 0.000969252, -0.000969252, 0.000969252, -0.000969252, 0.000969252, -0.000969252, 0.000969252, -0.000969252, 0.000969252, -0.000969252, 0.000969252, -0.000969252, 0.000969252, -0.000969252, 0.000969251, -0.000969252, 0.000969251, -0.000969253, 0.000969248, -0.00096926, 0.000969233, -0.000969295, 0.000969154, -0.000969466, 0.000968788, -0.000970236, 0.0009672, -0.000973444, 0.000960846, -0.00098578, 0.000937376, -0.00102954, 0.000857435, -0.0011726, 0.000606697, -0.00160293, -0.000116352, -0.00279194, -0.00202938, -0.00580236, -0.00666092, -0.0127656, -0.0168853, -0.0274183, -0.0373644, -0.0553049, -0.0743171, -0.102882, -0.133719, -0.174611, -0.217185, -0.267714, -0.315935, -0.36598, -0.405406, -0.436423, -0.445289, -0.433919, -0.389613, -0.31688, -0.20719, -0.0705875, 0.0950312, 0.273003, 0.459465, 0.633322, 0.788572, 0.904779, 0.979549, 0.998722, 0.968176, 0.883041, 0.758358, 0.597178, 0.420292, 0.233735, 0.0583362, -0.102553, -0.232934, -0.335636, -0.401305, -0.439057, -0.444815, -0.431538, -0.397399, -0.356091, -0.305247, -0.257096, -0.207264, -0.165786, -0.126187, -0.0966855, -0.0693845, -0.0514966, -0.0345072, -0.0253321, -0.0154011, -0.0117358, -0.0059636, -0.00534119, -0.00173135, -0.00260364, 0, 0, 0, 0, 0, 0, 0, 0, 0, 0, 0, 0, 0, 0, 0, 0, 0, 0, 0, 0, 0, 0, 0, 0, 0, 0, 0, 0, 0, 0, 0, 0, 0, 0, 0, 0, 0, 0, 0, 0, 0, 0, 0, 0, 0, 0, 0, 0, 0, 0, 0, 0, 0, 0, 0, 0, 0, 0, 0, 0, 0, 0, 0, 0, 0, 0, 0, 0, 0, 0, 0, 0, 0, 0, 0, 0, 0, 0, 0, 0, 0, 0, 0, 0, 0, 0, 0, 0
-0.000969252, 0.000969252, -0.000969252, 0.000969252, -0.000969252, 0.000969252, -0.000969252, 0.000969252, -0.000969252, 0.000969252, -0.000969252, 0.000969252, -0.000969252, 0.000969252, -0.000969252, 0.000969252, -0.000969252, 0.000969252, -0.000969252, 0.000969252, -0.000969252, 0.000969252, -0.000969252, 0.000969252, -0.000969252, 0.000969251, -0.000969252, 0.000969251, -0.000969253, 0.000969248, -0.00096926, 0.000969233, -0.000969295, 0.000969154, -0.000969466, 0.000968788, -0.000970236, 0.0009672, -0.000973444, 0.000960846, -0.00098578, 0.000937376, -0.00102954, 0.000857435, -0.0011726, 0.000606697, -0.00160293, -0.000116352, -0.00279194, -0.00202938, -0.00580236, -0.00666092, -0.0127656, -0.0168853, -0.0274183, -0.0373644, -0.0553049, -0.0743171, -0.102882, -0.133719, -0.174611, -0.217185, -0.267714, -0.315935, -0.36598, -0.405406, -0.436423, -0.445289, -0.433919, -0.389613, -0.31688, -0.20719, -0.0705875, 0.0950312, 0.273003, 0.459465, 0.633322, 0.788572, 0.904779, 0.979549, 0.998722, 0.968176, 0.883041, 0.758358, 0.597178, 0.420292, 0.233735, 0.0583362, -0.102553, -0.232934, -0.335636, -0.401305, -0.439057, -0.444815, -0.431538, -0.397399, -0.356091, -0.305247, -0.257096, -0.207264, -0.165786, -0.126187, -0.0966855, -0.0693845, -0.0514966, -0.0345072, -0.0253321, -0.0154011, -0.0117358, -0.0059636, -0.00534119, -0.00173135, -0.00260364, 0, 0, 0, 0, 0, 0, 0, 0, 0, 0, 0, 0, 0, 0, 0, 0, 0, 0, 0, 0, 0, 0, 0, 0, 0, 0, 0, 0, 0, 0, 0, 0, 0, 0, 0, 0, 0, 0, 0, 0, 0, 0, 0, 0, 0, 0, 0, 0, 0, 0, 0, 0, 0, 0, 0, 0, 0, 0, 0, 0, 0, 0, 0, 0, 0, 0, 0, 0, 0, 0, 0, 0, 0, 0, 0, 0, 0, 0, 0, 0, 0, 0, 0, 0, 0, 0, 0
0.000969252, -0.000969252, 0.000969252, -0.000969252, 0.000969252, -0.000969252, 0.000969252, -0.000969252, 0.000969252, -0.000969252, 0.000969252, -0.000969252, 0.000969252, -0.000969252, 0.000969252, -0.000969252, 0.000969252, -0.000969252, 0.000969252, -0.000969252, 0.000969252, -0.000969252, 0.000969252, -0.000969252, 0.000969252, -0.000969252, 0.000969251, -0.000969252, 0.000969251, -0.000969253, 0.000969248, -0.00096926, 0.000969233, -0.000969295, 0.000969154, -0.000969466, 0.000968788, -0.000970236, 0.0009672, -0.000973444, 0.000960846, -0.00098578, 0.000937376, -0.00102954, 0.000857435, -0.0011726, 0.000606697, -0.00160293, -0.000116352, -0.00279194, -0.00202938, -0.00580236, -0.00666092, -0.0127656, -0.0168853, -0.0274183, -0.0373644, -0.0553049, -0.0743171, -0.102882, -0.133719, -0.174611, -0.217185, -0.267714, -0.315935, -0.36598, -0.405406, -0.436423, -0.445289, -0.433919, -0.389613, -0.31688, -0.20719, -0.0705875, 0.0950312, 0.273003, 0.459465, 0.633322, 0.788572, 0.904779, 0.979549, 0.998722, 0.968176, 0.883041, 0.758358, 0.597178, 0.420292, 0.233735, 0.0583362, -0.102553, -0.232934, -0.335636, -0.401305, -0.439057, -0.444815, -0.431538, -0.397399, -0.356091, -0.305247, -0.257096, -0.207264, -0.165786, -0.126187, -0.0966855, -0.0693845, -0.0514966, -0.0345072, -0.0253321, -0.0154011, -0.0117358, -0.0059636, -0.00534119, -0.00173135, -0.00260364, 0, 0, 0, 0, 0, 0, 0, 0, 0, 0, 0, 0, 0, 0, 0, 0, 0, 0, 0, 0, 0, 0, 0, 0, 0, 0, 0, 0, 0, 0, 0, 0, 0, 0, 0, 0, 0, 0, 0, 0, 0, 0, 0, 0, 0, 0, 0, 0, 0, 0, 0, 0, 0, 0, 0, 0, 0, 0, 0, 0, 0, 0, 0, 0, 0, 0, 0, 0, 0, 0, 0, 0, 0, 0, 0, 0, 0, 0, 0, 0, 0, 0, 0, 0, 0, 0
-0.000969252, 0.000969252, -0.000969252, 0.000969252, -0.000969252, 0.000969252, -0.000969252, 0.000969252, -0.000969252, 0.000969252, -0.000969252, 0.000969252, -0.000969252, 0.000969252, -0.000969252, 0.000969252, -0.000969252, 0.000969252, -0.000969252, 0.000969252, -0.000969252, 0.000969252, -0.000969252, 0.000969252, -0.000969252, 0.000969252, -0.000969252, 0.000969251, -0.000969252, 0.000969251, -0.000969253, 0.000969248, -0.00096926, 0.000969233, -0.000969295, 0.000969154, -0.000969466, 0.000968788, -0.000970236, 0.0009672, -0.000973444, 0.000960846, -0.00098578, 0.000937376, -0.00102954, 0.000857435, -0.0011726, 0.000606697, -0.00160293, -0.000116352, -0.00279194, -0.00202938, -0.00580236, -0.00666092, -0.0127656, -0.0168853, -0.0274183, -0.0373644, -0.0553049, -0.0743171, -0.102882, -0.133719, -0.174611, -0.217185, -0.267714, -0.315935, -0.36598, -0.405406, -0.436423, -0.445289, -0.433919, -0.389613, -0.31688, -0.20719, -0.0705875, 0.0950312, 0.273003, 0.459465, 0.633322, 0.788572, 0.904779, 0.979549, 0.998722, 0.968176, 0.883041, 0.758358, 0.597178, 0.420292, 0.233735, 0.0583362, -0.102553, -0.232934, -0.335636, -0.401305, -0.439057, -0.444815, -0.431538, -0.397399, -0.356091, -0.305247, -0.257096, -0.207264, -0.165786, -0.126187, -0.0966855, -0.0693845, -0.0514966, -0.0345072, -0.0253321, -0.0154011, -0.0117358, -0.0059636, -0.00534119, -0.00173135, -0.00260364, 0, 0, 0, 0, 0, 0, 0, 0, 0, 0, 0, 0, 0, 0, 0, 0, 0, 0, 0, 0, 0, 0, 0, 0, 0, 0, 0, 0, 0, 0, 0, 0, 0, 0, 0, 0, 0, 0, 0, 0, 0, 0, 0, 0, 0, 0, 0, 0, 0, 0, 0, 0, 0, 0, 0, 0, 0, 0, 0, 0, 0, 0, 0, 0, 0, 0, 0, 0, 0, 0, 0, 0, 0, 0, 0, 0, 0, 0, 0, 0, 0, 0, 0, 0, 0
0.000969252, -0.000969252, 0.000969252, -0.000969252, 0.000969252, -0.000969252, 0.000969252, -0.000969252, 0.000969252, -0.000969252, 0.000969252, -0.000969252, 0.000969252, -0.000969252, 0.000969252, -0.000969252, 0.000969252, -0.000969252, 0.000969252, -0.000969252, 0.000969252, -0.000969252, 0.000969252, -0.000969252, 0.000969252, -0.000969252, 0.000969252, -0.000969252, 0.000969251, -0.000969252, 0.000969251, -0.000969253, 0.000969248, -0.00096926, 0.000969233, -0.000969295, 0.000969154, -0.000969466, 0.000968788, -0.000970236, 0.0009672, -0.000973444, 0.000960846, -0.00098578, 0.000937376, -0.00102954, 0.000857435, -0.0011726, 0.000606697, -0.00160293, -0.000116352, -0.00279194, -0.00202938, -0.00580236, -0.00666092, -0.0127656, -0.0168853, -0.0274183, -0.0373644, -0.0553049, -0.0743171, -0.102882, -0.133719, -0.174611, -0.217185, -0.267714, -0.315935, -0.36598, -0.405406, -0.436423, -0.445289, -0.433919, -0.389613, -0.31688, -0.20719, -0.0705875, 0.0950312, 0.273003, 0.459465, 0.633322, 0.788572, 0.904779, 0.979549, 0.998722, 0.968176, 0.883041, 0.758358, 0.597178, 0.420292, 0.233735, 0.0583362, -0.102553, -0.232934, -0.335636, -0.401305, -0.439057, -0.444815, -0.431538, -0.397399, -0.356091, -0.305247, -0.257096, -0.207264, -0.165786, -0.126187, -0.0966855, -0.0693845, -0.0514966, -0.0345072, -0.0253321, -0.0154011, -0.0117358, -0.0059636, -0.00534119, -0.00173135, -0.00260364, 0, 0, 0, 0, 0, 0, 0, 0, 0, 0, 0, 0, 0, 0, 0, 0, 0, 0, 0, 0, 0, 0, 0, 0, 0, 0, 0, 0, 0, 0, 0, 0, 0, 0, 0, 0, 0, 0, 0, 0, 0, 0, 0, 0, 0, 0, 0, 0, 0, 0, 0, 0, 0, 0, 0, 0, 0, 0, 0, 0, 0, 0, 0, 0, 0, 0, 0, 0, 0, 0, 0, 0, 0, 0, 0, 0, 0, 0, 0, 0, 0, 0, 0, 0
-0.000969252, 0.000969252, -0.000969252, 0.000969252, -0.000969252, 0.000969252, -0.000969252, 0.000969252, -0.000969252, 0.000969252, -0.000969252, 0.000969252, -0.000969252, 0.000969252, -0.000969252, 0.000969252, -0.000969252, 0.000969252, -0.000969252, 0.000969252, -0.000969252, 0.000969252, -0.000969252, 0.000969252, -0.000969252, 0.000969252, -0.000969252, 0.000969252, -0.000969252, 0.000969251, -0.000969252, 0.000969251, -0.000969253, 0.000969248, -0.00096926, 0.000969233, -0.000969295, 0.000969154, -0.000969466, 0.000968788, -0.000970236, 0.0009672, -0.000973444, 0.000960846, -0.00098578, 0.000937376, -0.00102954, 0.000857435, -0.0011726, 0.000606697, -0.00160293, -0.000116352, -0.00279194, -0.00202938, -0.00580236, -0.00666092, -0.0127656, -0.0168853, -0.0274183, -0.0373644, -0.0553049, -0.0743171, -0.102882, -0.133719, -0.174611, -0.217185, -0.267714, -0.315935, -0.36598, -0.405406, -0.436423, -0.445289, -0.433919, -0.389613, -0.31688, -0.20719, -0.0705875, 0.0950312, 0.273003, 0.459465, 0.633322, 0.788572, 0.904779, 0.979549, 0.998722, 0.968176, 0.883041, 0.758358, 0.597178, 0.420292, 0.233735, 0.0583362, -0.102553, -0.232934, -0.335636, -0.401305, -0.439057, -0.444815, -0.431538, -0.397399, -0.356091, -0.305247, -0.257096, -0.207264, -0.165786, -0.126187, -0.0966855, -0.0693845, -0.0514966, -0.0345072, -0.0253321, -0.0154011, -0.0117358, -0.0059636, -0.00534119, -0.00173135, -0.00260364, 0, 0, 0, 0, 0, 0, 0, 0, 0, 0, 0, 0, 0, 0, 0, 0, 0, 0, 0, 0, 0, 0, 0, 0, 0, 0, 0, 0, 0, 0, 0, 0, 0, 0, 0, 0, 0, 0, 0, 0, 0, 0, 0, 0, 0, 0, 0, 0, 0, 0, 0, 0, 0, 0, 0, 0, 0, 0, 0, 0, 0, 0, 0, 0, 0, 0, 0, 0, 0, 0, 0, 0, 0, 0, 0, 0, 0, 0, 0, 0, 0, 0, 0
0.000969252, -0.000969252, 0.000969252, -0.000969252, 0.000969252, -0.000969252, 0.000969252, -0.000969252, 0.000969252, -0.000969252, 0.000969252, -0.000969252, 0.000969252, -0.000969252, 0.000969252, -0.000969252, 0.000969252, -0.000969252, 0.000969252, -0.000969252, 0.000969252, -0.000969252, 0.000969252, -0.000969252, 0.000969252, -0.000969252, 0.000969252, -0.000969252, 0.000969252, -0.000969252, 0.000969251, -0.000969252, 0.000969251, -0.000969253, 0.000969248, -0.00096926, 0.000969233, -0.000969295, 0.000969154, -0.000969466, 0.000968788, -0.000970236, 0.0009672, -0.000973444, 0.000960846, -0.00098578, 0.000937376, -0.00102954, 0.000857435, -0.0011726, 0.000606697, -0.00160293, -0.000116352, -0.00279194, -0.00202938, -0.00580236, -0.00666092, -0.0127656, -0.0168853, -0.0274183, -0.0373644, -0.0553049, -0.0743171, -0.102882, -0.133719, -0.174611, -0.217185, -0.267714, -0.315935, -0.36598, -0.405406, -0.436423, -0.445289, -0.433919, -0.389613, -0.31688, -0.20719, -0.0705875, 0.0950312, 0.273003, 0.459465, 0.633322, 0.788572, 0.904779, 0.979549, 0.998722, 0.968176, 0.883041, 0.758358, 0.597178, 0.420292, 0.233735, 0.0583362, -0.102553, -0.232934, -0.335636, -0.401305, -0.439057, -0.444815, -0.431538, -0.397399, -0.356091, -0.305247, -0.257096, -0.207264, -0.165786, -0.126187, -0.0966855, -0.0693845, -0.0514966, -0.0345072, -0.0253321, -0.0154011, -0.0117358, -0.0059636, -0.00534119, -0.00173135, -0.00260364, 0, 0, 0, 0, 0, 0, 0, 0, 0, 0, 0, 0, 0, 0, 0, 0, 0, 0, 0, 0, 0, 0, 0, 0, 0, 0, 0, 0, 0, 0, 0, 0, 0, 0, 0, 0, 0, 0, 0, 0, 0, 0, 0, 0, 0, 0, 0, 0, 0, 0, 0, 0, 0, 0, 0, 0, 0, 0, 0, 0, 0, 0, 0, 0, 0, 0, 0, 0, 0, 0, 0, 0, 0, 0, 0, 0, 0, 0, 0, 0, 0, 0
-0.000969252, 0.000969252, -0.000969252, 0.000969252, -0.000969252, 0.000969252, -0.000969252, 0.000969252, -0.000969252, 0.000969252, -0.000969252, 0.000969252, -0.000969252, 0.000969252, -0.000969252, 0.000969252, -0.000969252, 0.000969252, -0.000969252, 0.000969252, -0.000969252, 0.000969252, -0.000969252, 0.000969252, -0.000969252, 0.000969252, -0.000969252, 0.000969252, -0.000969252, 0.000969252, -0.000969252, 0.000969251, -0.000969252, 0.000969251, -0.000969253, 0.000969248, -0.00096926, 0.000969233, -0.000969295, 0.000969154, -0.000969466, 0.000968788, -0.000970236, 0.0009672, -0.000973444, 0.000960846, -0.00098578, 0.000937376, -0.00102954, 0.000857435, -0.0011726, 0.000606697, -0.00160293, -0.000116352, -0.00279194, -0.00202938, -0.00580236, -0.00666092, -0.0127656, -0.0168853, -0.0274183, -0.0373644, -0.0553049, -0.0743171, -0.102882, -0.133719, -0.174611, -0.217185, -0.267714, -0.315935, -0.36598, -0.405406, -0.436423, -0.445289, -0.433919, -0.389613, -0.31688, -0.20719, -0.0705875, 0.0950312, 0.273003, 0.459465, 0.633322, 0.788572, 0.904779, 0.979549, 0.998722, 0.968176, 0.883041, 0.758358, 0.597178, 0.420292, 0.233735, 0.0583362, -0.102553, -0.232934, -0.335636, -0.401305, -0.439057, -0.444815, -0.431538, -0.397399, -0.356091, -0.305247, -0.257096, -0.207264, -0.165786, -0.126187, -0.0966855, -0.0693845, -0.0514966, -0.0345072, -0.0253321, -0.0154011, -0.0117358, -0.0059636, -0.00534119, -0.00173135, -0.00260364, 0, 0, 0, 0, 0, 0, 0, 0, 0, 0, 0, 0, 0, 0, 0, 0, 0, 0, 0, 0, 0, 0, 0, 0, 0, 0, 0, 0, 0, 0, 0, 0, 0, 0, 0, 0, 0, 0, 0, 0, 0, 0, 0, 0, 0, 0, 0, 0, 0, 0, 0, 0, 0, 0, 0, 0, 0, 0, 0, 0, 0, 0, 0, 0, 0, 0, 0, 0, 0, 0, 0, 0, 0, 0, 0, 0, 0, 0, 0, 0, 0
0.000969252, -0.000969252, 0.000969252, -0.000969252, 0.000969252, -0.000969252, 0.000969252, -0.000969252, 0.000969252, -0.000969252, 0.000969252, -0.000969252, 0.000969252, -0.000969252, 0.000969252, -0.000969252, 0.000969252, -0.000969252, 0.000969252, -0.000969252, 0.000969252, -0.000969252, 0.000969252, -0.000969252, 0.000969252, -0.000969252, 0.000969252, -0.000969252, 0.000969252, -0.000969252, 0.000969252, -0.000969252, 0.000969251, -0.000969252, 0.000969251, -0.000969253, 0.000969248, -0.00096926, 0.000969233, -0.000969295, 0.000969154, -0.000969466, 0.000968788, -0.000970236, 0.0009672, -0.000973444, 0.000960846, -0.00098578, 0.000937376, -0.00102954, 0.000857435, -0.0011726, 0.000606697, -0.00160293, -0.000116352, -0.00279194, -0.00202938, -0.00580236, -0.00666092, -0.0127656, -0.0168853, -0.0274183, -0.0373644, -0.0553049, -0.0743171, -0.102882, -0.133719, -0.174611, -0.217185, -0.267714, -0.315935, -0.36598, -0.405406, -0.436423, -0.445289, -0.433919, -0.389613, -0.31688, -0.20719, -0.0705875, 0.0950312, 0.273003, 0.459465, 0.633322, 0.788572, 0.904779, 0.979549, 0.998722, 0.968176, 0.883041, 0.758358, 0.597178, 0.420292, 0.233735, 0.0583362, -0.102553, -0.232934, -0.335636, -0.401305, -0.439057, -0.444815, -0.431538, -0.397399, -0.356091, -0.305247, -0.257096, -0.207264, -0.165786, -0.126187, -0.0966855, -0.0693845, -0.0514966, -0.0345072, -0.0253321, -0.0154011, -0.0117358, -0.0059636, -0.00534119, -0.00173135, -0.00260364, 0, 0, 0, 0, 0, 0, 0, 0, 0, 0, 0, 0, 0, 0, 0, 0, 0, 0, 0, 0, 0, 0, 0, 0, 0, 0, 0, 0, 0, 0, 0, 0, 0, 0, 0, 0, 0, 0, 0, 0, 0, 0, 0, 0, 0, 0, 0, 0, 0, 0, 0, 0, 0, 0, 0, 0, 0, 0, 0, 0, 0, 0, 0, 0, 0, 0, 0, 0, 0, 0, 0, 0, 0, 0, 0, 0, 0, 0, 0, 0
-0.000969252, 0.000969252, -0.000969252, 0.000969252, -0.000969252, 0.000969252, -0.000969252, 0.000969252, -0.000969252, 0.000969252, -0.000969252, 0.000969252, -0.000969252, 0.000969252, -0.000969252, 0.000969252, -0.000969252, 0.000969252, -0.000969252, 0.000969252, -0.000969252, 0.000969252, -0.000969252, 0.000969252, -0.000969252, 0.000969252, -0.000969252, 0.000969252, -0.000969252, 0.000969252, -0.000969252, 0.000969252, -0.000969252, 0.000969251, -0.000969252, 0.000969251, -0.000969253, 0.000969248, -0.00096926, 0.000969233, -0.000969295, 0.000969154, -0.000969466, 0.000968788, -0.000970236, 0.0009672, -0.000973444, 0.000960846, -0.00098578, 0.000937376, -0.00102954, 0.000857435, -0.0011726, 0.000606697, -0.00160293, -0.000116352, -0.00279194, -0.00202938, -0.00580236, -0.00666092, -0.0127656, -0.0168853, -0.0274183, -0.0373644, -0.0553049, -0.0743171, -0.102882, -0.133719, -0.174611, -0.217185, -0.267714, -0.315935, -0.36598, -0.405406, -0.436423, -0.445289, -0.433919, -0.389613, -0.31688, -0.20719, -0.0705875, 0.0950312, 0.273003, 0.459465, 0.633322, 0.788572, 0.904779, 0.979549, 0.998722, 0.968176, 0.883041, 0.758358, 0.597178, 0.420292, 0.233735, 0.0583362, -0.102553, -0.232934, -0.335636, -0.401305, -0.439057, -0.444815, -0.431538, -0.397399, -0.356091, -0.305247, -0.257096, -0.207264, -0.165786, -0.126187, -0.0966855, -0.0693845, -0.0514966, -0.0345072, -0.0253321, -0.0154011, -0.0117358, -0.0059636, -0.00534119, -0.00173135, -0.00260364, 0, 0, 0, 0, 0, 0, 0, 0, 0, 0, 0, 0, 0, 0, 0, 0, 0, 0, 0, 0, 0, 0, 0, 0, 0, 0, 0, 0, 0, 0, 0, 0, 0, 0, 0, 0, 0, 0, 0, 0, 0, 0, 0, 0, 0, 0, 0, 0, 0, 0, 0, 0, 0, 0, 0, 0, 0, 0, 0, 0, 0, 0, 0, 0, 0, 0, 0, 0, 0, 0, 0, 0, 0, 0, 0, 0, 0, 0, 0
0.000969252, -0.000969252, 0.000969252, -0.000969252, 0.000969252, -0.000969252, 0.000969252, -0.000969252, 0.000969252, -0.000969252, 0.000969252, -0.000969252, 0.000969252, -0.000969252, 0.000969252, -0.000969252, 0.000969252, -0.000969252, 0.000969252, -0.000969252, 0.000969252, -0.000969252, 0.000969252, -0.000969252, 0.000969252, -0.000969252, 0.000969252, -0.000969252, 0.000969252, -0.000969252, 0.000969252, -0.000969252, 0.000969252, -0.000969252, 0.000969251, -0.000969252, 0.000969251, -0.000969253, 0.000969248, -0.00096926, 0.000969233, -0.000969295, 0.000969154, -0.000969466, 0.000968788, -0.000970236, 0.0009672, -0.000973444, 0.000960846, -0.00098578, 0.000937376, -0.00102954, 0.000857435, -0.0011726, 0.000606697, -0.00160293, -0.000116352, -0.00279194, -0.00202938, -0.00580236, -0.00666092, -0.0127656, -0.0168853, -0.0274183, -0.0373644, -0.0553049, -0.0743171, -0.102882, -0.133719, -0.174611, -0.217185, -0.267714, -0.315935, -0.36598, -0.405406, -0.436423, -0.445289, -0.433919, -0.389613, -0.31688, -0.20719, -0.0705875, 0.0950312, 0.273003, 0.459465, 0.633322, 0.788572, 0.904779, 0.979549, 0.998722, 0.968176, 0.883041, 0.758358, 0.597178, 0.420292, 0.233735, 0.0583362, -0.102553, -0.232934, -0.335636, -0.401305, -0.439057, -0.444815, -0.431538, -0.397399, -0.356091, -0.305247, -0.257096, -0.207264, -0.165786, -0.126187, -0.0966855, -0.0693845, -0.0514966, -0.0345072, -0.0253321, -0.0154011, -0.0117358, -0.0059636, -0.00534119, -0.00173135, -0.00260364, 0, 0, 0, 0, 0, 0, 0, 0, 0, 0, 0, 0, 0, 0, 0, 0, 0, 0, 0, 0, 0, 0, 0, 0, 0, 0, 0, 0, 0, 0, 0, 0, 0, 0, 0, 0, 0, 0, 0, 0, 0, 0, 0, 0, 0, 0, 0, 0, 0, 0, 0, 0, 0, 0, 0, 0, 0, 0, 0, 0, 0, 0, 0, 0, 0, 0, 0, 0, 0, 0, 0, 0, 0, 0, 0, 0, 0, 0
-0.000969252, 0.000969252, -0.000969252, 0.000969252, -0.000969252, 0.000969252, -0.000969252, 0.000969252, -0.000969252, 0.000969252, -0.000969252, 0.000969252, -0.000969252, 0.000969252, -0.000969252, 0.000969252, -0.000969252, 0.000969252, -0.000969252, 0.000969252, -0.000969252, 0.000969252, -0.000969252, 0.000969252, -0.000969252, 0.000969252, -0.000969252, 0.000969252, -0.000969252, 0.000969252, -0.000969252, 0.000969252, -0.000969252, 0.000969252, -0.000969252, 0.000969251, -0.000969252, 0.000969251, -0.000969253, 0.000969248, -0.00096926, 0.000969233, -0.000969295, 0.000969154, -0.000969466, 0.000968788, -0.000970236, 0.0009672, -0.000973444, 0.000960846, -0.00098578, 0.000937376, -0.00102954, 0.000857435, -0.0011726, 0.000606697, -0.00160293, -0.000116352, -0.00279194, -0.00202938, -0.00580236, -0.00666092, -0.0127656, -0.0168853, -0.0274183, -0.0373644, -0.0553049, -0.0743171, -0.102882, -0.133719, -0.174611, -0.217185, -0.267714, -0.315935, -0.36598, -0.405406, -0.436423, -0.445289, -0.433919, -0.389613, -0.31688, -0.20719, -0.0705875, 0.0950312, 0.273003, 0.459465, 0.633322, 0.788572, 0.904779, 0.979549, 0.998722, 0.968176, 0.883041, 0.758358, 0.597178, 0.420292, 0.233735, 0.0583362, -0.102553, -0.232934, -0.335636, -0.401305, -0.439057, -0.444815, -0.431538, -0.397399, -0.356091, -0.305247, -0.257096, -0.207264, -0.165786, -0.126187, -0.0966855, -0.0693845, -0.0514966, -0.0345072, -0.0253321, -0.0154011, -0.0117358, -0.0059636, -0.00534119, -0.00173135, -0.00260364, 0, 0, 0, 0, 0, 0, 0, 0, 0, 0, 0, 0, 0, 0, 0, 0, 0, 0, 0, 0, 0, 0, 0, 0, 0, 0, 0, 0, 0, 0, 0, 0, 0, 0, 0, 0, 0, 0, 0, 0, 0, 0, 0, 0, 0, 0, 0, 0, 0, 0, 0, 0, 0, 0, 0, 0, 0, 0, 0, 0, 0, 0, 0, 0, 0, 0, 0, 0, 0, 0, 0, 0, 0, 0, 0, 0, 0
0.000969252, -0.000969252, 0.000969252, -0.000969252, 0.000969252, -0.000969252, 0.000969252, -0.000969252, 0.000969252, -0.000969252, 0.000969252, -0.000969252, 0.000969252, -0.000969252, 0.000969252, -0.000969252, 0.000969252, -0.000969252, 0.000969252, -0.000969252, 0.000969252, -0.000969252, 0.000969252, -0.000969252, 0.000969252, -0.000969252, 0.000969252, -0.000969252, 0.000969252, -0.000969252, 0.000969252, -0.000969252, 0.000969252, -0.000969252, 0.000969252, -0.000969252, 0.000969251, -0.000969252, 0.000969251, -0.000969253, 0.000969248, -0.00096926, 0.000969233, -0.000969295, 0.000969154, -0.000969466, 0.000968788, -0.000970236, 0.0009672, -0.000973444, 0.000960846, -0.00098578, 0.000937376, -0.00102954, 0.000857435, -0.0011726, 0.000606697, -0.00160293, -0.000116352, -0.00279194, -0.00202938, -0.00580236, -0.00666092, -0.0127656, -0.0168853, -0.0274183, -0.0373644, -0.0553049, -0.0743171, -0.102882, -0.133719, -0.174611, -0.217185, -0.267714, -0.315935, -0.36598, -0.405406, -0.436423, -0.445289, -0.433919, -0.389613, -0.31688, -0.20719, -0.0705875, 0.0950312, 0.273003, 0.459465, 0.633322, 0.788572, 0.904779, 0.979549, 0.998722, 0.968176, 0.883041, 0.758358, 0.597178, 0.420292, 0.233735, 0.0583362, -0.102553, -0.232934, -0.335636, -0.401305, -0.439057, -0.444815, -0.431538, -0.397399, -0.356091, -0.305247, -0.257096, -0.207264, -0.165786, -0.126187, -0.0966855, -0.0693845, -0.0514966, -0.0345072, -0.0253321, -0.0154011, -0.0117358, -0.0059636, -0.00534119, -0.00173135, -0.00260364, 0, 0, 0, 0, 0, 0, 0, 0, 0, 0, 0, 0, 0, 0, 0, 0, 0, 0, 0, 0, 0, 0, 0, 0, 0, 0, 0, 0, 0, 0, 0, 0, 0, 0, 0, 0, 0, 0, 0, 0, 0, 0, 0, 0, 0, 0, 0, 0, 0, 0, 0, 0, 0, 0, 0, 0, 0, 0, 0, 0, 0, 0, 0, 0, 0, 0, 0, 0, 0, 0, 0, 0, 0, 0, 0, 0
-0.000969252, 0.000969252, -0.000969252, 0.000969252, -0.000969252, 0.000969252, -0.000969252, 0.000969252, -0.000969252, 0.000969252, -0.000969252, 0.000969252, -0.000969252, 0.000969252, -0.000969252, 0.000969252, -0.000969252, 0.000969252, -0.000969252, 0.000969252, -0.000969252, 0.000969252, -0.000969252, 0.000969252, -0.000969252, 0.000969252, -0.000969252, 0.000969252, -0.000969252, 0.000969252, -0.000969252, 0.000969252, -0.000969252, 0.000969252, -0.000969252, 0.000969252, -0.000969252, 0.000969251, -0.000969252, 0.000969251, -0.000969253, 0.000969248, -0.00096926, 0.000969233, -0.000969295, 0.000969154, -0.000969466, 0.000968788, -0.000970236, 0.0009672, -0.000973444, 0.000960846, -0.00098578, 0.000937376, -0.00102954, 0.000857435, -0.0011726, 0.000606697, -0.00160293, -0.000116352, -0.00279194, -0.00202938, -0.00580236, -0.00666092, -0.0127656, -0.0168853, -0.0274183, -0.0373644, -0.0553049, -0.0743171, -0.102882, -0.133719, -0.174611, -0.217185, -0.267714, -0.315935, -0.36598, -0.405406, -0.436423, -0.445289, -0.433919, -0.389613, -0.31688, -0.20719, -0.0705875, 0.0950312, 0.273003, 0.459465, 0.633322, 0.788572, 0.904779, 0.979549, 0.998722, 0.968176, 0.883041, 0.758358, 0.597178, 0.420292, 0.233735, 0.0583362, -0.102553, -0.232934, -0.335636, -0.401305, -0.439057, -0.444815, -0.431538, -0.397399, -0.356091, -0.305247, -0.257096, -0.207264, -0.165786, -0.126187, -0.0966855, -0.0693845, -0.0514966, -0.0345072, -0.0253321, -0.0154011, -0.0117358, -0.0059636, -0.00534119, -0.00173135, -0.00260364, 0, 0, 0, 0, 0, 0, 0, 0, 0, 0, 0, 0, 0, 0, 0, 0, 0, 0, 0, 0, 0, 0, 0, 0, 0, 0, 0, 0, 0, 0, 0, 0, 0, 0, 0, 0, 0, 0, 0, 0, 0, 0, 0, 0, 0, 0, 0, 0, 0, 0, 0, 0, 0, 0, 0, 0, 0, 0, 0, 0, 0, 0, 0, 0, 0, 0, 0, 0, 0, 0, 0, 0, 0, 0, 0
0.000969252, -0.000969252, 0.000969252, -0.000969252, 0.000969252, -0.000969252, 0.000969252, -0.000969252, 0.000969252, -0.000969252, 0.000969252, -0.000969252, 0.000969252, -0.000969252, 0.000969252, -0.000969252, 0.000969252, -0.000969252, 0.000969252, -0.000969252, 0.000969252, -0.000969252, 0.000969252, -0.000969252, 0.000969252, -0.000969252, 0.000969252, -0.000969252, 0.000969252, -0.000969252, 0.000969252, -0.000969252, 0.000969252, -0.000969252, 0.000969252, -0.000969252, 0.000969252, -0.000969252, 0.000969251, -0.000969252, 0.000969251, -0.000969253, 0.000969248, -0.00096926, 0.000969233, -0.000969295, 0.000969154, -0.000969466, 0.000968788, -0.000970236, 0.0009672, -0.000973444, 0.000960846, -0.00098578, 0.000937376, -0.00102954, 0.000857435, -0.0011726, 0.000606697, -0.00160293, -0.000116352, -0.00279194, -0.00202938, -0.00580236, -0.00666092, -0.0127656, -0.0168853, -0.0274183, -0.0373644, -0.0553049, -0.0743171, -0.102882, -0.133719, -0.174611, -0.217185, -0.267714, -0.315935, -0.36598, -0.405406, -0.436423, -0.445289, -0.433919, -0.389613, -0.31688, -0.20719, -0.0705875, 0.0950312, 0.273003, 0.459465, 0.633322, 0.788572, 0.904779, 0.979549, 0.998722, 0.968176, 0.883041, 0.758358, 0.597178, 0.420292, 0.233735, 0.0583362, -0.102553, -0.232934, -0.335636, -0.401305, -0.439057, -0.444815, -0.431538, -0.397399, -0.356091, -0.305247, -0.257096, -0.207264, -0.165786, -0.126187, -0.0966855, -0.0693845, -0.0514966, -0.0345072, -0.0253321, -0.0154011, -0.0117358, -0.0059636, -0.00534119, -0.00173135, -0.00260364, 0, 0, 0, 0, 0, 0, 0, 0, 0, 0, 0, 0, 0, 0, 0, 0, 0, 0, 0, 0, 0, 0, 0, 0, 0, 0, 0, 0, 0, 0, 0, 0, 0, 0, 0, 0, 0, 0, 0, 0, 0, 0, 0, 0, 0, 0, 0, 0, 0, 0, 0, 0, 0, 0, 0, 0, 0, 0, 0, 0, 0, 0, 0, 0, 0, 0, 0, 0, 0, 0, 0, 0, 0, 0
-0.000969252, 0.000969252, -0.000969252, 0.000969252, -0.000969252, 0.000969252, -0.000969252, 0.000969252, -0.000969252, 0.000969252, -0.000969252, 0.000969252, -0.000969252, 0.000969252, -0.000969252, 0.000969252, -0.000969252, 0.000969252, -0.000969252, 0.000969252, -0.000969252, 0.000969252, -0.000969252, 0.000969252, -0.000969252, 0.000969252, -0.000969252, 0.000969252, -0.000969252, 0.000969252, -0.000969252, 0.000969252, -0.000969252, 0.000969252, -0.000969252, 0.000969252, -0.000969252, 0.000969252, -0.000969252, 0.000969251, -0.000969252, 0.000969251, -0.000969253, 0.000969248, -0.00096926, 0.000969233, -0.000969295, 0.000969154, -0.000969466, 0.000968788, -0.000970236, 0.0009672, -0.000973444, 0.000960846, -0.00098578, 0.000937376, -0.00102954, 0.000857435, -0.0011726, 0.000606697, -0.00160293, -0.000116352, -0.00279194, -0.00202938, -0.00580236, -0.00666092, -0.0127656, -0.0168853, -0.0274183, -0.0373644, -0.0553049, -0.0743171, -0.102882, -0.133719, -0.174611, -0.217185, -0.267714, -0.315935, -0.36598, -0.405406, -0.436423, -0.445289, -0.433919, -0.389613, -0.31688, -0.20719, -0.0705875, 0.0950312, 0.273003, 0.459465, 0.633322, 0.788572, 0.904779, 0.979549, 0.998722, 0.968176, 0.883041, 0.758358, 0.597178, 0.420292, 0.233735, 0.0583362, -0.102553, -0.232934, -0.335636, -0.401305, -0.439057, -0.444815, -0.431538, -0.397399, -0.356091, -0.305247, -0.257096, -0.207264, -0.165786, -0.126187, -0.0966855, -0.0693845, -0.0514966, -0.0345072, -0.0253321, -0.0154011, -0.0117358, -0.0059636, -0.00534119, -0.00173135, -0.00260364, 0, 0, 0, 0, 0, 0, 0, 0, 0, 0, 0, 0, 0, 0, 0, 0, 0, 0, 0, 0, 0, 0, 0, 0, 0, 0, 0, 0, 0, 0, 0, 0, 0, 0, 0, 0, 0, 0, 0, 0, 0, 0, 0, 0, 0, 0, 0, 0, 0, 0, 0, 0, 0, 0, 0, 0, 0, 0, 0, 0, 0, 0, 0, 0, 0, 0, 0, 0, 0, 0, 0, 0, 0
0.000969252, -0.000969252, 0.000969252, -0.000969252, 0.000969252, -0.000969252, 0.000969252, -0.000969252, 0.000969252, -0.000969252, 0.000969252, -0.000969252, 0.000969252, -0.000969252, 0.000969252, -0.000969252, 0.000969252, -0.000969252, 0.000969252, -0.000969252, 0.000969252, -0.000969252, 0.000969252, -0.000969252, 0.000969252, -0.000969252, 0.000969252, -0.000969252, 0.000969252, -0.000969252, 0.000969252, -0.000969252, 0.000969252, -0.000969252, 0.000969252, -0.000969252, 0.000969252, -0.000969252, 0.000969252, -0.000969252, 0.000969251, -0.000969252, 0.000969251, -0.000969253, 0.000969248, -0.00096926, 0.000969233, -0.000969295, 0.000969154, -0.000969466, 0.000968788, -0.000970236, 0.0009672, -0.000973444, 0.000960846, -0.00098578, 0.000937376, -0.00102954, 0.000857435, -0.0011726, 0.000606697, -0.00160293, -0.000116352, -0.00279194, -0.00202938, -0.00580236, -0.00666092, -0.0127656, -0.0168853, -0.0274183, -0.0373644, -0.0553049, -0.0743171, -0.102882, -0.133719, -0.174611, -0.217185, -0.267714, -0.315935, -0.36598, -0.405406, -0.436423, -0.445289, -0.433919, -0.389613, -0.31688, -0.20719, -0.0705875, 0.0950312, 0.273003, 0.459465, 0.633322, 0.788572, 0.904779, 0.979549, 0.998722, 0.968176, 0.883041, 0.758358, 0.597178, 0.420292, 0.233735, 0.0583362, -0.102553, -0.232934, -0.335636, -0.401305, -0.439057, -0.444815, -0.431538, -0.397399, -0.356091, -0.305247, -0.257096, -0.207264, -0.165786, -0.126187, -0.0966855, -0.0693845, -0.0514966, -0.0345072, -0.0253321, -0.0154011, -0.0117358, -0.0059636, -0.00534119, -0.00173135, -0.00260364, 0, 0, 0, 0, 0, 0, 0, 0, 0, 0, 0, 0, 0, 0, 0, 0, 0, 0, 0, 0, 0, 0, 0, 0, 0, 0, 0, 0, 0, 0, 0, 0, 0, 0, 0, 0, 0, 0, 0, 0, 0, 0, 0, 0, 0, 0, 0, 0, 0, 0, 0, 0, 0, 0, 0, 0, 0, 0, 0, 0, 0, 0, 0, 0, 0, 0, 0, 0, 0, 0, 0, 0
-0.000969252, 0.000969252, -0.000969252, 0.000969252, -0.000969252, 0.000969252, -0.000969252, 0.000969252, -0.000969252, 0.000969252, -0.000969252, 0.000969252, -0.000969252, 0.000969252, -0.000969252, 0.000969252, -0.000969252, 0.000969252, -0.000969252, 0.000969252, -0.000969252, 0.000969252, -0.000969252, 0.000969252, -0.000969252, 0.000969252, -0.000969252, 0.000969252, -0.000969252, 0.000969252, -0.000969252, 0.000969252, -0.000969252, 0.000969252, -0.000969252, 0.000969252, -0.000969252, 0.000969252, -0.000969252, 0.000969252, -0.000969252, 0.000969251, -0.000969252, 0.000969251, -0.000969253, 0.000969248, -0.00096926, 0.000969233, -0.000969295, 0.000969154, -0.000969466, 0.000968788, -0.000970236, 0.0009672, -0.000973444, 0.000960846, -0.00098578, 0.000937376, -0.00102954, 0.000857435, -0.0011726, 0.000606697, -0.00160293, -0.000116352, -0.00279194, -0.00202938, -0.00580236, -0.00666092, -0.0127656, -0.0168853, -0.0274183, -0.0373644, -0.0553049, -0.0743171, -0.102882, -0.133719, -0.174611, -0.217185, -0.267714, -0.315935, -0.36598, -0.405406, -0.436423, -0.445289, -0.433919, -0.389613, -0.31688, -0.20719, -0.0705875, 0.0950312, 0.273003, 0.459465, 0.633322, 0.788572, 0.904779, 0.979549, 0.998722, 0.968176, 0.883041, 0.758358, 0.597178, 0.420292, 0.233735, 0.0583362, -0.102553, -0.232934, -0.335636, -0.401305, -0.439057, -0.444815, -0.431538, -0.397399, -0.356091, -0.305247, -0.257096, -0.207264, -0.165786, -0.126187, -0.0966855, -0.0693845, -0.0514966, -0.0345072, -0.0253321, -0.0154011, -0.0117358, -0.0059636, -0.00534119, -0.00173135, -0.00260364, 0, 0, 0, 0, 0, 0, 0, 0, 0, 0, 0, 0, 0, 0, 0, 0, 0, 0, 0, 0, 0, 0, 0, 0, 0, 0, 0, 0, 0, 0, 0, 0, 0, 0, 0, 0, 0, 0, 0, 0, 0, 0, 0, 0, 0, 0, 0, 0, 0, 0, 0, 0, 0, 0, 0, 0, 0, 0, 0, 0, 0, 0, 0, 0, 0, 0, 0, 0, 0, 0, 0
0.000969252, -0.000969252, 0.000969252, -0.000969252, 0.000969252, -0.000969252, 0.000969252, -0.000969252, 0.000969252, -0.000969252, 0.000969252, -0.000969252, 0.000969252, -0.000969252, 0.000969252, -0.000969252, 0.000969252, -0.000969252, 0.000969252, -0.000969252, 0.000969252, -0.000969252, 0.000969252, -0.000969252, 0.000969252, -0.000969252, 0.000969252, -0.000969252, 0.000969252, -0.000969252, 0.000969252, -0.000969252, 0.000969252, -0.000969252, 0.000969252, -0.000969252, 0.000969252, -0.000969252, 0.000969252, -0.000969252, 0.000969252, -0.000969252, 0.000969251, -0.000969252, 0.000969251, -0.000969253, 0.000969248, -0.00096926, 0.000969233, -0.000969295, 0.000969154, -0.000969466, 0.000968788, -0.000970236, 0.0009672, -0.000973444, 0.000960846, -0.00098578, 0.000937376, -0.00102954, 0.000857435, -0.0011726, 0.000606697, -0.00160293, -0.000116352, -0.00279194, -0.00202938, -0.00580236, -0.00666092, -0.0127656, -0.0168853, -0.0274183, -0.0373644, -0.0553049, -0.0743171, -0.102882, -0.133719, -0.174611, -0.217185, -0.267714, -0.315935, -0.36598, -0.405406, -0.436423, -0.445289, -0.433919, -0.389613, -0.31688, -0.20719, -0.0705875, 0.0950312, 0.273003, 0.459465, 0.633322, 0.788572, 0.904779, 0.979549, 0.998722, 0.968176, 0.883041, 0.758358, 0.597178, 0.420292, 0.233735, 0.0583362, -0.102553, -0.232934, -0.335636, -0.401305, -0.439057, -0.444815, -0.431538, -0.397399, -0.356091, -0.305247, -0.257096, -0.207264, -0.165786, -0.126187, -0.0966855, -0.0693845, -0.0514966, -0.0345072, -0.0253321, -0.0154011, -0.0117358, -0.0059636, -0.00534119, -0.00173135, -0.00260364, 0, 0, 0, 0, 0, 0, 0, 0, 0, 0, 0, 0, 0, 0, 0, 0, 0, 0, 0, 0, 0, 0, 0, 0, 0, 0, 0, 0, 0, 0, 0, 0, 0, 0, 0, 0, 0, 0, 0, 0, 0, 0, 0, 0, 0, 0, 0, 0, 0, 0, 0, 0, 0, 0, 0, 0, 0, 0, 0, 0, 0, 0, 0, 0, 0, 0, 0, 0, 0, 0
-0.000969252, 0.000969252, -0.000969252, 0.000969252, -0.000969252, 0.000969252, -0.000969252, 0.000969252, -0.000969252, 0.000969252, -0.000969252, 0.000969252, -0.000969252, 0.000969252, -0.000969252, 0.000969252, -0.000969252, 0.000969252, -0.000969252, 0.000969252, -0.000969252, 0.000969252, -0.000969252, 0.000969252, -0.000969252, 0.000969252, -0.000969252, 0.000969252, -0.000969252, 0.000969252, -0.000969252, 0.000969252, -0.000969252, 0.000969252, -0.000969252, 0.000969252, -0.000969252, 0.000969252, -0.000969252, 0.000969252, -0.000969252, 0.000969252, -0.000969252, 0.000969251, -0.000969252, 0.000969251, -0.000969253, 0.000969248, -0.00096926, 0.000969233, -0.000969295, 0.000969154, -0.000969466, 0.000968788, -0.000970236, 0.0009672, -0.000973444, 0.000960846, -0.00098578, 0.000937376, -0.00102954, 0.000857435, -0.0011726, 0.000606697, -0.00160293, -0.000116352, -0.00279194, -0.00202938, -0.00580236, -0.00666092, -0.0127656, -0.0168853, -0.0274183, -0.0373644, -0.0553049, -0.0743171, -0.102882, -0.133719, -0.174611, -0.217185, -0.267714, -0.315935, -0.36598, -0.405406, -0.436423, -0.445289, -0.433919, -0.389613, -0.31688, -0.20719, -0.0705875, 0.0950312, 0.273003, 0.459465, 0.633322, 0.788572, 0.904779, 0.979549, 0.998722, 0.968176, 0.883041, 0.758358, 0.597178, 0.420292, 0.233735, 0.0583362, -0.102553, -0.232934, -0.335636, -0.401305, -0.439057, -0.444815, -0.431538, -0.397399, -0.356091, -0.305247, -0.257096, -0.207264, -0.165786, -0.126187, -0.0966855, -0.0693845, -0.0514966, -0.0345072, -0.0253321, -0.0154011, -0.0117358, -0.0059636, -0.00534119, -0.00173135, -0.00260364, 0, 0, 0, 0, 0, 0, 0, 0, 0, 0, 0, 0, 0, 0, 0, 0, 0, 0, 0, 0, 0, 0, 0, 0, 0, 0, 0, 0, 0, 0, 0, 0, 0, 0, 0, 0, 0, 0, 0, 0, 0, 0, 0, 0, 0, 0, 0, 0, 0, 0, 0, 0, 0, 0, 0, 0, 0, 0, 0, 0, 0, 0, 0, 0, 0, 0, 0, 0, 0
0.000969252, -0.000969252, 0.000969252, -0.000969252, 0.000969252, -0.000969252, 0.000969252, -0.000969252, 0.000969252, -0.000969252, 0.000969252, -0.000969252, 0.000969252, -0.000969252, 0.000969252, -0.000969252, 0.000969252, -0.000969252, 0.000969252, -0.000969252, 0.000969252, -0.000969252, 0.000969252, -0.000969252, 0.000969252, -0.000969252, 0.000969252, -0.000969252, 0.000969252, -0.000969252, 0.000969252, -0.000969252, 0.000969252, -0.000969252, 0.000969252, -0.000969252, 0.000969252, -0.000969252, 0.000969252, -0.000969252, 0.000969252, -0.000969252, 0.000969252, -0.000969252, 0.000969251, -0.000969252, 0.000969251, -0.000969253, 0.000969248, -0.00096926, 0.000969233, -0.000969295, 0.000969154, -0.000969466, 0.000968788, -0.000970236, 0.0009672, -0.000973444, 0.000960846, -0.00098578, 0.000937376, -0.00102954, 0.000857435, -0.0011726, 0.000606697, -0.00160293, -0.000116352, -0.00279194, -0.00202938, -0.00580236, -0.00666092, -0.0127656, -0.0168853, -0.0274183, -0.0373644, -0.0553049, -0.0743171, -0.102882, -0.133719, -0.174611, -0.217185, -0.267714, -0.315935, -0.36598, -0.405406, -0.436423, -0.445289, -0.433919, -0.389613, -0.31688, -0.20719, -0.0705875, 0.0950312, 0.273003, 0.459465, 0.633322, 0.788572, 0.904779, 0.979549, 0.998722, 0.968176, 0.883041, 0.758358, 0.597178, 0.420292, 0.233735, 0.0583362, -0.102553, -0.232934, -0.335636, -0.401305, -0.439057, -0.444815, -0.431538, -0.397399, -0.356091, -0.305247, -0.257096, -0.207264, -0.165786, -0.126187, -0.0966855, -0.0693845, -0.0514966, -0.0345072, -0.0253321, -0.0154011, -0.0117358, -0.0059636, -0.00534119, -0.00173135, -0.00260364, 0, 0, 0, 0, 0, 0, 0, 0, 0, 0, 0, 0, 0, 0, 0, 0, 0, 0, 0, 0, 0, 0, 0, 0, 0, 0, 0, 0, 0, 0, 0, 0, 0, 0, 0, 0, 0, 0, 0, 0, 0, 0, 0, 0, 0, 0, 0, 0, 0, 0, 0, 0, 0, 0, 0, 0, 0, 0, 0, 0, 0, 0, 0, 0, 0, 0, 0, 0
-0.000969252, 0.000969252, -0.000969252, 0.000969252, -0.000969252, 0.000969252, -0.000969252, 0.000969252, -0.000969252, 0.000969252, -0.000969252, 0.000969252, -0.000969252, 0.000969252, -0.000969252, 0.000969252, -0.000969252, 0.000969252, -0.000969252, 0.000969252, -0.000969252, 0.000969252, -0.000969252, 0.000969252, -0.000969252, 0.000969252, -0.000969252, 0.000969252, -0.000969252, 0.000969252, -0.000969252, 0.000969252, -0.000969252, 0.000969252, -0.000969252, 0.000969252, -0.000969252, 0.000969252, -0.000969252, 0.000969252, -0.000969252, 0.000969252, -0.000969252, 0.000969252, -0.000969252, 0.000969251, -0.000969252, 0.000969251, -0.000969253, 0.000969248, -0.00096926, 0.000969233, -0.000969295, 0.000969154, -0.000969466, 0.000968788, -0.000970236, 0.0009672, -0.000973444, 0.000960846, -0.00098578, 0.000937376, -0.00102954, 0.000857435, -0.0011726, 0.000606697, -0.00160293, -0.000116352, -0.00279194, -0.00202938, -0.00580236, -0.00666092, -0.0127656, -0.0168853, -0.0274183, -0.0373644, -0.0553049, -0.0743171, -0.102882, -0.133719, -0.174611, -0.217185, -0.267714, -0.315935, -0.36598, -0.405406, -0.436423, -0.445289, -0.433919, -0.389613, -0.31688, -0.20719, -0.0705875, 0.0950312, 0.273003, 0.459465, 0.633322, 0.788572, 0.904779, 0.979549, 0.998722, 0.968176, 0.883041, 0.758358, 0.597178, 0.420292, 0.233735, 0.0583362, -0.102553, -0.232934, -0.335636, -0.401305, -0.439057, -0.444815, -0.431538, -0.397399, -0.356091, -0.305247, -0.257096, -0.207264, -0.165786, -0.126187, -0.0966855, -0.0693845, -0.0514966, -0.0345072, -0.0253321, -0.0154011, -0.0117358, -0.0059636, -0.00534119, -0.00173135, -0.00260364, 0, 0, 0, 0, 0, 0, 0, 0, 0, 0, 0, 0, 0, 0, 0, 0, 0, 0, 0, 0, 0, 0, 0, 0, 0, 0, 0, 0, 0, 0, 0, 0, 0, 0, 0, 0, 0, 0, 0, 0, 0, 0, 0, 0, 0, 0, 0, 0, 0, 0, 0, 0, 0, 0, 0, 0, 0, 0, 0, 0, 0, 0, 0, 0, 0, 0, 0
0.000969252, -0.000969252, 0.000969252, -0.000969252, 0.000969252, -0.000969252, 0.000969252, -0.000969252, 0.000969252, -0.000969252, 0.000969252, -0.000969252, 0.000969252, -0.000969252, 0.000969252, -0.000969252, 0.000969252, -0.000969252, 0.000969252, -0.000969252, 0.000969252, -0.000969252, 0.000969252, -0.000969252, 0.000969252, -0.000969252, 0.000969252, -0.000969252, 0.000969252, -0.000969252, 0.000969252, -0.000969252, 0.000969252, -0.000969252, 0.000969252, -0.000969252, 0.000969252, -0.000969252, 0.000969252, -0.000969252, 0.000969252, -0.000969252, 0.000969252, -0.000969252, 0.000969252, -0.000969252, 0.000969251, -0.000969252, 0.000969251, -0.000969253, 0.000969248, -0.00096926, 0.000969233, -0.000969295, 0.000969154, -0.000969466, 0.000968788, -0.000970236, 0.0009672, -0.000973444, 0.000960846, -0.00098578, 0.000937376, -0.00102954, 0.000857435, -0.0011726, 0.000606697, -0.00160293, -0.000116352, -0.00279194, -0.00202938, -0.00580236, -0.00666092, -0.0127656, -0.0168853, -0.0274183, -0.0373644, -0.0553049, -0.0743171, -0.102882, -0.133719, -0.174611, -0.217185, -0.267714, -0.315935, -0.36598, -0.405406, -0.436423, -0.445289, -0.433919, -0.389613, -0.31688, -0.20719, -0.0705875, 0.0950312, 0.273003, 0.459465, 0.633322, 0.788572, 0.904779, 0.979549, 0.998722, 0.968176, 0.883041, 0.758358, 0.597178, 0.420292, 0.233735, 0.0583362, -0.102553, -0.232934, -0.335636, -0.401305, -0.439057, -0.444815, -0.431538, -0.397399, -0.356091, -0.305247, -0.257096, -0.207264, -0.165786, -0.126187, -0.0966855, -0.0693845, -0.0514966, -0.0345072, -0.0253321, -0.0154011, -0.0117358, -0.0059636, -0.00534119, -0.00173135, -0.00260364, 0, 0, 0, 0, 0, 0, 0, 0, 0, 0, 0, 0, 0, 0, 0, 0, 0, 0, 0, 0, 0, 0, 0, 0, 0, 0, 0, 0, 0, 0, 0, 0, 0, 0, 0, 0, 0, 0, 0, 0, 0, 0, 0, 0, 0, 0, 0, 0, 0, 0, 0, 0, 0, 0, 0, 0, 0, 0, 0, 0, 0, 0, 0, 0, 0, 0
-0.000969252, 0.000969252, -0.000969252, 0.000969252, -0.000969252, 0.000969252, -0.000969252, 0.000969252, -0.000969252, 0.000969252, -0.000969252, 0.000969252, -0.000969252, 0.000969252, -0.000969252, 0.000969252, -0.000969252, 0.000969252, -0.000969252, 0.000969252, -0.000969252, 0.000969252, -0.000969252, 0.000969252, -0.000969252, 0.000969252, -0.000969252, 0.000969252, -0.000969252, 0.000969252, -0.000969252, 0.000969252, -0.000969252, 0.000969252, -0.000969252, 0.000969252, -0.000969252, 0.000969252, -0.000969252, 0.000969252, -0.000969252, 0.000969252, -0.000969252, 0.000969252, -0.000969252, 0.000969252, -0.000969252, 0.000969251, -0.000969252, 0.000969251, -0.000969253, 0.000969248, -0.00096926, 0.000969233, -0.000969295, 0.000969154, -0.000969466, 0.000968788, -0.000970236, 0.0009672, -0.000973444, 0.000960846, -0.00098578, 0.000937376, -0.00102954, 0.000857435, -0.0011726, 0.000606697, -0.00160293, -0.000116352, -0.00279194, -0.00202938, -0.00580236, -0.00666092, -0.0127656, -0.0168853, -0.0274183, -0.0373644, -0.0553049, -0.0743171, -0.102882, -0.133719, -0.174611, -0.217185, -0.267714, -0.315935, -0.36598, -0.405406, -0.436423, -0.445289, -0.433919, -0.389613, -0.31688, -0.20719, -0.0705875, 0.0950312, 0.273003, 0.459465, 0.633322, 0.788572, 0.904779, 0.979549, 0.998722, 0.968176, 0.883041, 0.758358, 0.597178, 0.420292, 0.233735, 0.0583362, -0.102553, -0.232934, -0.335636, -0.401305, -0.439057, -0.444815, -0.431538, -0.397399, -0.356091, -0.305247, -0.257096, -0.207264, -0.165786, -0.126187, -0.0966855, -0.0693845, -0.0514966, -0.0345072, -0.0253321, -0.0154011, -0.0117358, -0.0059636, -0.00534119, -0.00173135, -0.00260364, 0, 0, 0, 0, 0, 0, 0, 0, 0, 0, 0, 0, 0, 0, 0, 0, 0, 0, 0, 0, 0, 0, 0, 0, 0, 0, 0, 0, 0, 0, 0, 0, 0, 0, 0, 0, 0, 0, 0, 0, 0, 0, 0, 0, 0, 0, 0, 0, 0, 0, 0, 0, 0, 0, 0, 0, 0, 0, 0, 0, 0, 0, 0, 0, 0
0.000969252, -0.000969252, 0.000969252, -0.000969252, 0.000969252, -0.000969252, 0.000969252, -0.000969252, 0.000969252, -0.000969252, 0.000969252, -0.000969252, 0.000969252, -0.000969252, 0.000969252, -0.000969252, 0.000969252, -0.000969252, 0.000969252, -0.000969252, 0.000969252, -0.000969252, 0.000969252, -0.000969252, 0.000969252, -0.000969252, 0.000969252, -0.000969252, 0.000969252, -0.000969252, 0.000969252, -0.000969252, 0.000969252, -0.000969252, 0.000969252, -0.000969252, 0.000969252, -0.000969252, 0.000969252, -0.000969252, 0.000969252, -0.000969252, 0.000969252, -0.000969252, 0.000969252, -0.000969252, 0.000969252, -0.000969252, 0.000969251, -0.000969252, 0.000969251, -0.000969253, 0.000969248, -0.00096926, 0.000969233, -0.000969295, 0.000969154, -0.000969466, 0.000968788, -0.000970236, 0.0009672, -0.000973444, 0.000960846, -0.00098578, 0.000937376, -0.00102954, 0.000857435, -0.0011726, 0.000606697, -0.00160293, -0.000116352, -0.00279194, -0.00202938, -0.00580236, -0.00666092, -0.0127656, -0.0168853, -0.0274183, -0.0373644, -0.0553049, -0.0743171, -0.102882, -0.133719, -0.174611, -0.217185, -0.267714, -0.315935, -0.36598, -0.405406, -0.436423, -0.445289, -0.433919, -0.389613, -0.31688, -0.20719, -0.0705875, 0.0950312, 0.273003, 0.459465, 0.633322, 0.788572, 0.904779, 0.979549, 0.998722, 0.968176, 0.883041, 0.758358, 0.597178, 0.420292, 0.233735, 0.0583362, -0.102553, -0.232934, -0.335636, -0.401305, -0.439057, -0.444815, -0.431538, -0.397399, -0.356091, -0.305247, -0.257096, -0.207264, -0.165786, -0.126187, -0.0966855, -0.0693845, -0.0514966, -0.0345072, -0.0253321, -0.0154011, -0.0117358, -0.0059636, -0.00534119, -0.00173135, -0.00260364, 0, 0, 0, 0, 0, 0, 0, 0, 0, 0, 0, 0, 0, 0, 0, 0, 0, 0, 0, 0, 0, 0, 0, 0, 0, 0, 0, 0, 0, 0, 0, 0, 0, 0, 0, 0, 0, 0, 0, 0, 0, 0, 0, 0, 0, 0, 0, 0, 0, 0, 0, 0, 0, 0, 0, 0, 0, 0, 0, 0, 0, 0, 0, 0
-0.000969252, 0.000969252, -0.000969252, 0.000969252, -0.000969252, 0.000969252, -0.000969252, 0.000969252, -0.000969252, 0.000969252, -0.000969252, 0.000969252, -0.000969252, 0.000969252, -0.000969252, 0.000969252, -0.000969252, 0.000969252, -0.000969252, 0.000969252, -0.000969252, 0.000969252, -0.000969252, 0.000969252, -0.000969252, 0.000969252, -0.000969252, 0.000969252, -0.000969252, 0.000969252, -0.000969252, 0.000969252, -0.000969252, 0.000969252, -0.000969252, 0.000969252, -0.000969252, 0.000969252, -0.000969252, 0.000969252, -0.000969252, 0.000969252, -0.000969252, 0.000969252, -0.000969252, 0.000969252, -0.000969252, 0.000969252, -0.000969252, 0.000969251, -0.000969252, 0.000969251, -0.000969253, 0.000969248, -0.00096926, 0.000969233, -0.000969295, 0.000969154, -0.000969466, 0.000968788, -0.000970236, 0.0009672, -0.000973444, 0.000960846, -0.00098578, 0.000937376, -0.00102954, 0.000857435, -0.0011726, 0.000606697, -0.00160293, -0.000116352, -0.00279194, -0.00202938, -0.00580236, -0.00666092, -0.0127656, -0.0168853, -0.0274183, -0.0373644, -0.0553049, -0.0743171, -0.102882, -0.133719, -0.174611, -0.217185, -0.267714, -0.315935, -0.36598, -0.405406, -0.436423, -0.445289, -0.433919, -0.389613, -0.31688, -0.20719, -0.0705875, 0.0950312, 0.273003, 0.459465, 0.633322, 0.788572, 0.904779, 0.979549, 0.998722, 0.968176, 0.883041, 0.758358, 0.597178, 0.420292, 0.233735, 0.0583362, -0.102553, -0.232934, -0.335636, -0.401305, -0.439057, -0.444815, -0.431538, -0.397399, -0.356091, -0.305247, -0.257096, -0.207264, -0.165786, -0.126187, -0.0966855, -0.0693845, -0.0514966, -0.0345072, -0.0253321, -0.0154011, -0.0117358, -0.0059636, -0.00534119, -0.00173135, -0.00260364, 0, 0, 0, 0, 0, 0, 0, 0, 0, 0, 0, 0, 0, 0, 0, 0, 0, 0, 0, 0, 0, 0, 0, 0, 0, 0, 0, 0, 0, 0, 0, 0, 0, 0, 0, 0, 0, 0, 0, 0, 0, 0, 0, 0, 0, 0, 0, 0, 0, 0, 0, 0, 0, 0, 0, 0, 0, 0, 0, 0, 0, 0, 0
0.000969252, -0.000969252, 0.000969252, -0.000969252, 0.000969252, -0.000969252, 0.000969252, -0.000969252, 0.000969252, -0.000969252, 0.000969252, -0.000969252, 0.000969252, -0.000969252, 0.000969252, -0.000969252, 0.000969252, -0.000969252, 0.000969252, -0.000969252, 0.000969252, -0.000969252, 0.000969252, -0.000969252, 0.000969252, -0.000969252, 0.000969252, -0.000969252, 0.000969252, -0.000969252, 0.000969252, -0.000969252, 0.000969252, -0.000969252, 0.000969252, -0.000969252, 0.000969252, -0.000969252, 0.000969252, -0.000969252, 0.000969252, -0.000969252, 0.000969252, -0.000969252, 0.000969252, -0.000969252, 0.000969252, -0.000969252, 0.000969252, -0.000969252, 0.000969251, -0.000969252, 0.000969251, -0.000969253, 0.000969248, -0.00096926, 0.000969233, -0.000969295, 0.000969154, -0.000969466, 0.000968788, -0.000970236, 0.0009672, -0.000973444, 0.000960846, -0.00098578, 0.000937376, -0.00102954, 0.000857435, -0.0011726, 0.000606697, -0.00160293, -0.000116352, -0.00279194, -0.00202938, -0.00580236, -0.00666092, -0.0127656, -0.0168853, -0.0274183, -0.0373644, -0.0553049, -0.0743171, -0.102882, -0.133719, -0.174611, -0.217185, -0.267714, -0.315935, -0.36598, -0.405406, -0.436423, -0.445289, -0.433919, -0.389613, -0.31688, -0.20719, -0.0705875, 0.0950312, 0.273003, 0.459465, 0.633322, 0.788572, 0.904779, 0.979549, 0.998722, 0.968176, 0.883041, 0.758358, 0.597178, 0.420292, 0.233735, 0.0583362, -0.102553, -0.232934, -0.335636, -0.401305, -0.439057, -0.444815, -0.431538, -0.397399, -0.356091, -0.305247, -0.257096, -0.207264, -0.165786, -0.126187, -0.0966855, -0.0693845, -0.0514966, -0.0345072, -0.0253321, -0.0154011, -0.0117358, -0.0059636, -0.00534119, -0.00173135, -0.00260364, 0, 0, 0, 0, 0, 0, 0, 0, 0, 0, 0, 0, 0, 0, 0, 0, 0, 0, 0, 0, 0, 0, 0, 0, 0, 0, 0, 0, 0, 0, 0, 0, 0, 0, 0, 0, 0, 0, 0, 0, 0, 0, 0, 0, 0, 0, 0, 0, 0, 0, 0, 0, 0, 0, 0, 0, 0, 0, 0, 0, 0, 0
-0.000969252, 0.000969252, -0.000969252, 0.000969252, -0.000969252, 0.000969252, -0.000969252, 0.000969252, -0.000969252, 0.000969252, -0.000969252, 0.000969252, -0.000969252, 0.000969252, -0.000969252, 0.000969252, -0.000969252, 0.000969252, -0.000969252, 0.000969252, -0.000969252, 0.000969252, -0.000969252, 0.000969252, -0.000969252, 0.000969252, -0.000969252, 0.000969252, -0.000969252, 0.000969252, -0.000969252, 0.000969252, -0.000969252, 0.000969252, -0.000969252, 0.000969252, -0.000969252, 0.000969252, -0.000969252, 0.000969252, -0.000969252, 0.000969252, -0.000969252, 0.000969252, -0.000969252, 0.000969252, -0.000969252, 0.000969252, -0.000969252, 0.000969252, -0.000969252, 0.000969251, -0.000969252, 0.000969251, -0.000969253, 0.000969248, -0.00096926, 0.000969233, -0.000969295, 0.000969154, -0.000969466, 0.000968788, -0.000970236, 0.0009672, -0.000973444, 0.000960846, -0.00098578, 0.000937376, -0.00102954, 0.000857435, -0.0011726, 0.000606697, -0.00160293, -0.000116352, -0.00279194, -0.00202938, -0.00580236, -0.00666092, -0.0127656, -0.0168853, -0.0274183, -0.0373644, -0.0553049, -0.0743171, -0.102882, -0.133719, -0.174611, -0.217185, -0.267714, -0.315935, -0.36598, -0.405406, -0.436423, -0.445289, -0.433919, -0.389613, -0.31688, -0.20719, -0.0705875, 0.0950312, 0.273003, 0.459465, 0.633322, 0.788572, 0.904779, 0.979549, 0.998722, 0.968176, 0.883041, 0.758358, 0.597178, 0.420292, 0.233735, 0.0583362, -0.102553, -0.232934, -0.335636, -0.401305, -0.439057, -0.444815, -0.431538, -0.397399, -0.356091, -0.305247, -0.257096, -0.207264, -0.165786, -0.126187, -0.0966855, -0.0693845, -0.0514966, -0.0345072, -0.0253321, -0.0154011, -0.0117358, -0.0059636, -0.00534119, -0.00173135, -0.00260364, 0, 0, 0, 0, 0, 0, 0, 0, 0, 0, 0, 0, 0, 0, 0, 0, 0, 0, 0, 0, 0, 0, 0, 0, 0, 0, 0, 0, 0, 0, 0, 0, 0, 0, 0, 0, 0, 0, 0, 0, 0, 0, 0, 0, 0, 0, 0, 0, 0, 0, 0, 0, 0, 0, 0, 0, 0, 0, 0, 0, 0
0.000969252, -0.000969252, 0.000969252, -0.000969252, 0.000969252, -0.000969252, 0.000969252, -0.000969252, 0.000969252, -0.000969252, 0.000969252, -0.000969252, 0.000969252, -0.000969252, 0.000969252, -0.000969252, 0.000969252, -0.000969252, 0.000969252, -0.000969252, 0.000969252, -0.000969252, 0.000969252, -0.000969252, 0.000969252, -0.000969252, 0.000969252, -0.000969252, 0.000969252, -0.000969252, 0.000969252, -0.000969252, 0.000969252, -0.000969252, 0.000969252, -0.000969252, 0.000969252, -0.000969252, 0.000969252, -0.000969252, 0.000969252, -0.000969252, 0.000969252, -0.000969252, 0.000969252, -0.000969252, 0.000969252, -0.000969252, 0.000969252, -0.000969252, 0.000969252, -0.000969252, 0.000969251, -0.000969252, 0.000969251, -0.000969253, 0.000969248, -0.00096926, 0.000969233, -0.000969295, 0.000969154, -0.000969466, 0.000968788, -0.000970236, 0.0009672, -0.000973444, 0.000960846, -0.00098578, 0.000937376, -0.00102954, 0.000857435, -0.0011726, 0.000606697, -0.00160293, -0.000116352, -0.00279194, -0.00202938, -0.00580236, -0.00666092, -0.0127656, -0.0168853, -0.0274183, -0.0373644, -0.0553049, -0.0743171, -0.102882, -0.133719, -0.174611, -0.217185, -0.267714, -0.315935, -0.36598, -0.405406, -0.436423, -0.445289, -0.433919, -0.389613, -0.31688, -0.20719, -0.0705875, 0.0950312, 0.273003, 0.459465, 0.633322, 0.788572, 0.904779, 0.979549, 0.998722, 0.968176, 0.883041, 0.758358, 0.597178, 0.420292, 0.233735, 0.0583362, -0.102553, -0.232934, -0.335636, -0.401305, -0.439057, -0.444815, -0.431538, -0.397399, -0.356091, -0.305247, -0.257096, -0.207264, -0.165786, -0.126187, -0.0966855, -0.0693845, -0.0514966, -0.0345072, -0.0253321, -0.0154011, -0.0117358, -0.0059636, -0.00534119, -0.00173135, -0.00260364, 0, 0, 0, 0, 0, 0, 0, 0, 0, 0, 0, 0, 0, 0, 0, 0, 0, 0, 0, 0, 0, 0, 0, 0, 0, 0, 0, 0, 0, 0, 0, 0, 0, 0, 0, 0, 0, 0, 0, 0, 0, 0, 0, 0, 0, 0, 0, 0, 0, 0, 0, 0, 0, 0, 0, 0, 0, 0, 0, 0
-0.000969252, 0.000969252, -0.000969252, 0.000969252, -0.000969252, 0.000969252, -0.000969252, 0.000969252, -0.000969252, 0.000969252, -0.000969252, 0.000969252, -0.000969252, 0.000969252, -0.000969252, 0.000969252, -0.000969252, 0.000969252, -0.000969252, 0.000969252, -0.000969252, 0.000969252, -0.000969252, 0.000969252, -0.000969252, 0.000969252, -0.000969252, 0.000969252, -0.000969252, 0.000969252, -0.000969252, 0.000969252, -0.000969252, 0.000969252, -0.000969252, 0.000969252, -0.000969252, 0.000969252, -0.000969252, 0.000969252, -0.000969252, 0.000969252, -0.000969252, 0.000969252, -0.000969252, 0.000969252, -0.000969252, 0.000969252, -0.000969252, 0.000969252, -0.000969252, 0.000969252, -0.000969252, 0.000969251, -0.000969252, 0.000969251, -0.000969253, 0.000969248, -0.00096926, 0.000969233, -0.000969295, 0.000969154, -0.000969466, 0.000968788, -0.000970236, 0.0009672, -0.000973444, 0.000960846, -0.00098578, 0.000937376, -0.00102954, 0.000857435, -0.0011726, 0.000606697, -0.00160293, -0.000116352, -0.00279194, -0.00202938, -0.00580236, -0.00666092, -0.0127656, -0.0168853, -0.0274183, -0.0373644, -0.0553049, -0.0743171, -0.102882, -0.133719, -0.174611, -0.217185, -0.267714, -0.315935, -0.36598, -0.405406, -0.436423, -0.445289, -0.433919, -0.389613, -0.31688, -0.20719, -0.0705875, 0.0950312, 0.273003, 0.459465, 0.633322, 0.788572, 0.904779, 0.979549, 0.998722, 0.968176, 0.883041, 0.758358, 0.597178, 0.420292, 0.233735, 0.0583362, -0.102553, -0.232934, -0.335636, -0.401305, -0.439057, -0.444815, -0.431538, -0.397399, -0.356091, -0.305247, -0.257096, -0.207264, -0.165786, -0.126187, -0.0966855, -0.0693845, -0.0514966, -0.0345072, -0.0253321, -0.0154011, -0.0117358, -0.0059636, -0.00534119, -0.00173135, -0.00260364, 0, 0, 0, 0, 0, 0, 0, 0, 0, 0, 0, 0, 0, 0, 0, 0, 0, 0, 0, 0, 0, 0, 0, 0, 0, 0, 0, 0, 0, 0, 0, 0, 0, 0, 0, 0, 0, 0, 0, 0, 0, 0, 0, 0, 0, 0, 0, 0, 0, 0, 0, 0, 0, 0, 0, 0, 0, 0, 0
0.000969252, -0.000969252, 0.000969252, -0.000969252, 0.000969252, -0.000969252, 0.000969252, -0.000969252, 0.000969252, -0.000969252, 0.000969252, -0.000969252, 0.000969252, -0.000969252, 0.000969252, -0.000969252, 0.000969252, -0.000969252, 0.000969252, -0.000969252, 0.000969252, -0.000969252, 0.000969252, -0.000969252, 0.000969252, -0.000969252, 0.000969252, -0.000969252, 0.000969252, -0.000969252, 0.000969252, -0.000969252, 0.000969252, -0.000969252, 0.000969252, -0.000969252, 0.000969252, -0.000969252, 0.000969252, -0.000969252, 0.000969252, -0.000969252, 0.000969252, -0.000969252, 0.000969252, -0.000969252, 0.000969252, -0.000969252, 0.000969252, -0.000969252, 0.000969252, -0.000969252, 0.000969252, -0.000969252, 0.000969251, -0.000969252, 0.000969251, -0.000969253, 0.000969248, -0.00096926, 0.000969233, -0.000969295, 0.000969154, -0.000969466, 0.000968788, -0.000970236, 0.0009672, -0.000973444, 0.000960846, -0.00098578, 0.000937376, -0.00102954, 0.000857435, -0.0011726, 0.000606697, -0.00160293, -0.000116352, -0.00279194, -0.00202938, -0.00580236, -0.00666092, -0.0127656, -0.0168853, -0.0274183, -0.0373644, -0.0553049, -0.0743171, -0.102882, -0.133719, -0.174611, -0.217185, -0.267714, -0.315935, -0.36598, -0.405406, -0.436423, -0.445289, -0.433919, -0.389613, -0.31688, -0.20719, -0.0705875, 0.0950312, 0.273003, 0.459465, 0.633322, 0.788572, 0.904779, 0.979549, 0.998722, 0.968176, 0.883041, 0.758358, 0.597178, 0.420292, 0.233735, 0.0583362, -0.102553, -0.232934, -0.335636, -0.401305, -0.439057, -0.444815, -0.431538, -0.397399, -0.356091, -0.305247, -0.257096, -0.207264, -0.165786, -0.126187, -0.0966855, -0.0693845, -0.0514966, -0.0345072, -0.0253321, -0.0154011, -0.0117358, -0.0059636, -0.00534119, -0.00173135, -0.00260364, 0, 0, 0, 0, 0, 0, 0, 0, 0, 0, 0, 0, 0, 0, 0, 0, 0, 0, 0, 0, 0, 0, 0, 0, 0, 0, 0, 0, 0, 0, 0, 0, 0, 0, 0, 0, 0, 0, 0, 0, 0, 0, 0, 0, 0, 0, 0, 0, 0, 0, 0, 0, 0, 0, 0, 0, 0, 0
-0.000969252, 0.000969252, -0.000969252, 0.000969252, -0.000969252, 0.000969252, -0.000969252, 0.000969252, -0.000969252, 0.000969252, -0.000969252, 0.000969252, -0.000969252, 0.000969252, -0.000969252, 0.000969252, -0.000969252, 0.000969252, -0.000969252, 0.000969252, -0.000969252, 0.000969252, -0.000969252, 0.000969252, -0.000969252, 0.000969252, -0.000969252, 0.000969252, -0.000969252, 0.000969252, -0.000969252, 0.000969252, -0.000969252, 0.000969252, -0.000969252, 0.000969252, -0.000969252, 0.000969252, -0.000969252, 0.000969252, -0.000969252, 0.000969252, -0.000969252, 0.000969252, -0.000969252, 0.000969252, -0.000969252, 0.000969252, -0.000969252, 0.000969252, -0.000969252, 0.000969252, -0.000969252, 0.000969252, -0.000969252, 0.000969251, -0.000969252, 0.000969251, -0.000969253, 0.000969248, -0.00096926, 0.000969233, -0.000969295, 0.000969154, -0.000969466, 0.000968788, -0.000970236, 0.0009672, -0.000973444, 0.000960846, -0.00098578, 0.000937376, -0.00102954, 0.000857435, -0.0011726, 0.000606697, -0.00160293, -0.000116352, -0.00279194, -0.00202938, -0.00580236, -0.00666092, -0.0127656, -0.0168853, -0.0274183, -0.0373644, -0.0553049, -0.0743171, -0.102882, -0.133719, -0.174611, -0.217185, -0.267714, -0.315935, -0.36598, -0.405406, -0.436423, -0.445289, -0.433919, -0.389613, -0.31688, -0.20719, -0.0705875, 0.0950312, 0.273003, 0.459465, 0.633322, 0.788572, 0.904779, 0.979549, 0.998722, 0.968176, 0.883041, 0.758358, 0.597178, 0.420292, 0.233735, 0.0583362, -0.102553, -0.232934, -0.335636, -0.401305, -0.439057, -0.444815, -0.431538, -0.397399, -0.356091, -0.305247, -0.257096, -0.207264, -0.165786, -0.126187, -0.0966855, -0.0693845, -0.0514966, -0.0345072, -0.0253321, -0.0154011, -0.0117358, -0.0059636, -0.00534119, -0.00173135, -0.00260364, 0, 0, 0, 0, 0, 0, 0, 0, 0, 0, 0, 0, 0, 0, 0, 0, 0, 0, 0, 0, 0, 0, 0, 0, 0, 0, 0, 0, 0, 0, 0, 0, 0, 0, 0, 0, 0, 0, 0, 0, 0, 0, 0, 0, 0, 0, 0, 0, 0, 0, 0, 0, 0, 0, 0, 0, 0
0.000969252, -0.000969252, 0.000969252, -0.000969252, 0.000969252, -0.000969252, 0.000969252, -0.000969252, 0.000969252, -0.000969252, 0.000969252, -0.000969252, 0.000969252, -0.000969252, 0.000969252, -0.000969252, 0.000969252, -0.000969252, 0.000969252, -0.000969252, 0.000969252, -0.000969252, 0.000969252, -0.000969252, 0.000969252, -0.000969252, 0.000969252, -0.000969252, 0.000969252, -0.000969252, 0.000969252, -0.000969252, 0.000969252, -0.000969252, 0.000969252, -0.000969252, 0.000969252, -0.000969252, 0.000969252, -0.000969252, 0.000969252, -0.000969252, 0.000969252, -0.000969252, 0.000969252, -0.000969252, 0.000969252, -0.000969252, 0.000969252, -0.000969252, 0.000969252, -0.000969252, 0.000969252, -0.000969252, 0.000969252, -0.000969252, 0.000969251, -0.000969252, 0.000969251, -0.000969253, 0.000969248, -0.00096926, 0.000969233, -0.000969295, 0.000969154, -0.000969466, 0.000968788, -0.000970236, 0.0009672, -0.000973444, 0.000960846, -0.00098578, 0.000937376, -0.00102954, 0.000857435, -0.0011726, 0.000606697, -0.00160293, -0.000116352, -0.00279194, -0.00202938, -0.00580236, -0.00666092, -0.0127656, -0.0168853, -0.0274183, -0.0373644, -0.0553049, -0.0743171, -0.102882, -0.133719, -0.174611, -0.217185, -0.267714, -0.315935, -0.36598, -0.405406, -0.436423, -0.445289, -0.433919, -0.389613, -0.31688, -0.20719, -0.0705875, 0.0950312, 0.273003, 0.459465, 0.633322, 0.788572, 0.904779, 0.979549, 0.998722, 0.968176, 0.883041, 0.758358, 0.597178, 0.420292, 0.233735, 0.0583362, -0.102553, -0.232934, -0.335636, -0.401305, -0.439057, -0.444815, -0.431538, -0.397399, -0.356091, -0.305247, -0.257096, -0.207264, -0.165786, -0.126187, -0.0966855, -0.0693845, -0.0514966, -0.0345072, -0.0253321, -0.0154011, -0.0117358, -0.0059636, -0.00534119, -0.00173135, -0.00260364, 0, 0, 0, 0, 0, 0, 0, 0, 0, 0, 0, 0, 0, 0, 0, 0, 0, 0, 0, 0, 0, 0, 0, 0, 0, 0, 0, 0, 0, 0, 0, 0, 0, 0, 0, 0, 0, 0, 0, 0, 0, 0, 0, 0, 0, 0, 0, 0, 0, 0, 0, 0, 0, 0, 0, 0
-0.000969252, 0.000969252, -0.000969252, 0.000969252, -0.000969252, 0.000969252, -0.000969252, 0.000969252, -0.000969252, 0.000969252, -0.000969252, 0.000969252, -0.000969252, 0.000969252, -0.000969252, 0.000969252, -0.000969252, 0.000969252, -0.000969252, 0.000969252, -0.000969252, 0.000969252, -0.000969252, 0.000969252, -0.000969252, 0.000969252, -0.000969252, 0.000969252, -0.000969252, 0.000969252, -0.000969252, 0.000969252, -0.000969252, 0.000969252, -0.000969252, 0.000969252, -0.000969252, 0.000969252, -0.000969252, 0.000969252, -0.000969252, 0.000969252, -0.000969252, 0.000969252, -0.000969252, 0.000969252, -0.000969252, 0.000969252, -0.000969252, 0.000969252, -0.000969252, 0.000969252, -0.000969252, 0.000969252, -0.000969252, 0.000969252, -0.000969252, 0.000969251, -0.000969252, 0.000969251, -0.000969253, 0.000969248, -0.00096926, 0.000969233, -0.000969295, 0.000969154, -0.000969466, 0.000968788, -0.000970236, 0.0009672, -0.000973444, 0.000960846, -0.00098578, 0.000937376, -0.00102954, 0.000857435, -0.0011726, 0.000606697, -0.00160293, -0.000116352, -0.00279194, -0.00202938, -0.00580236, -0.00666092, -0.0127656, -0.0168853, -0.0274183, -0.0373644, -0.0553049, -0.0743171, -0.102882, -0.133719, -0.174611, -0.217185, -0.267714, -0.315935, -0.36598, -0.405406, -0.436423, -0.445289, -0.433919, -0.389613, -0.31688, -0.20719, -0.0705875, 0.0950312, 0.273003, 0.459465, 0.633322, 0.788572, 0.904779, 0.979549, 0.998722, 0.968176, 0.883041, 0.758358, 0.597178, 0.420292, 0.233735, 0.0583362, -0.102553, -0.232934, -0.335636, -0.401305, -0.439057, -0.444815, -0.431538, -0.397399, -0.356091, -0.305247, -0.257096, -0.207264, -0.165786, -0.126187, -0.0966855, -0.0693845, -0.0514966, -0.0345072, -0.0253321, -0.0154011, -0.0117358, -0.0059636, -0.00534119, -0.00173135, -0.00260364, 0, 0, 0, 0, 0, 0, 0, 0, 0, 0, 0, 0, 0, 0, 0, 0, 0, 0, 0, 0, 0, 0, 0, 0, 0, 0, 0, 0, 0, 0, 0, 0, 0, 0, 0, 0, 0, 0, 0, 0, 0, 0, 0, 0, 0, 0, 0, 0, 0, 0, 0, 0, 0, 0, 0
0.000969252, -0.000969252, 0.000969252, -0.000969252, 0.000969252, -0.000969252, 0.000969252, -0.000969252, 0.000969252, -0.000969252, 0.000969252, -0.000969252, 0.000969252, -0.000969252, 0.000969252, -0.000969252, 0.000969252, -0.000969252, 0.000969252, -0.000969252, 0.000969252, -0.000969252, 0.000969252, -0.000969252, 0.000969252, -0.000969252, 0.000969252, -0.000969252, 0.000969252, -0.000969252, 0.000969252, -0.000969252, 0.000969252, -0.000969252, 0.000969252, -0.000969252, 0.000969252, -0.000969252, 0.000969252, -0.000969252, 0.000969252, -0.000969252, 0.000969252, -0.000969252, 0.000969252, -0.000969252, 0.000969252, -0.000969252, 0.000969252, -0.000969252, 0.000969252, -0.000969252, 0.000969252, -0.000969252, 0.000969252, -0.000969252, 0.000969252, -0.000969252, 0.000969251, -0.000969252, 0.000969251, -0.000969253, 0.000969248, -0.00096926, 0.000969233, -0.000969295, 0.000969154, -0.000969466, 0.000968788, -0.000970236, 0.0009672, -0.000973444, 0.000960846, -0.00098578, 0.000937376, -0.00102954, 0.000857435, -0.0011726, 0.000606697, -0.00160293, -0.000116352, -0.00279194, -0.00202938, -0.00580236, -0.00666092, -0.0127656, -0.0168853, -0.0274183, -0.0373644, -0.0553049, -0.0743171, -0.102882, -0.133719, -0.174611, -0.217185, -0.267714, -0.315935, -0.36598, -0.405406, -0.436423, -0.445289, -0.433919, -0.389613, -0.31688, -0.20719, -0.0705875, 0.0950312, 0.273003, 0.459465, 0.633322, 0.788572, 0.904779, 0.979549, 0.998722, 0.968176, 0.883041, 0.758358, 0.597178, 0.420292, 0.233735, 0.0583362, -0.102553, -0.232934, -0.335636, -0.401305, -0.439057, -0.444815, -0.431538, -0.397399, -0.356091, -0.305247, -0.257096, -0.207264, -0.165786, -0.126187, -0.0966855, -0.0693845, -0.0514966, -0.0345072, -0.0253321, -0.0154011, -0.0117358, -0.0059636, -0.00534119, -0.00173135, -0.00260364, 0, 0, 0, 0, 0, 0, 0, 0, 0, 0, 0, 0, 0, 0, 0, 0, 0, 0, 0, 0, 0, 0, 0, 0, 0, 0, 0, 0, 0, 0, 0, 0, 0, 0, 0, 0, 0, 0, 0, 0, 0, 0, 0, 0, 0, 0, 0, 0, 0, 0, 0, 0, 0, 0
-0.000969252, 0.000969252, -0.000969252, 0.000969252, -0.000969252, 0.000969252, -0.000969252, 0.000969252, -0.000969252, 0.000969252, -0.000969252, 0.000969252, -0.000969252, 0.000969252, -0.000969252, 0.000969252, -0.000969252, 0.000969252, -0.000969252, 0.000969252, -0.000969252, 0.000969252, -0.000969252, 0.000969252, -0.000969252, 0.000969252, -0.000969252, 0.000969252, -0.000969252, 0.000969252, -0.000969252, 0.000969252, -0.000969252, 0.000969252, -0.000969252, 0.000969252, -0.000969252, 0.000969252, -0.000969252, 0.000969252, -0.000969252, 0.000969252, -0.000969252, 0.000969252, -0.000969252, 0.000969252, -0.000969252, 0.000969252, -0.000969252, 0.000969252, -0.000969252, 0.000969252, -0.000969252, 0.000969252, -0.000969252, 0.000969252, -0.000969252, 0.000969252, -0.000969252, 0.000969251, -0.000969252, 0.000969251, -0.000969253, 0.000969248, -0.00096926, 0.000969233, -0.000969295, 0.000969154, -0.000969466, 0.000968788, -0.000970236, 0.0009672, -0.000973444, 0.000960846, -0.00098578, 0.000937376, -0.00102954, 0.000857435, -0.0011726, 0.000606697, -0.00160293, -0.000116352, -0.00279194, -0.00202938, -0.00580236, -0.00666092, -0.0127656, -0.0168853, -0.0274183, -0.0373644, -0.0553049, -0.0743171, -0.102882, -0.133719, -0.174611, -0.217185, -0.267714, -0.315935, -0.36598, -0.405406, -0.436423, -0.445289, -0.433919, -0.389613, -0.31688, -0.20719, -0.0705875, 0.0950312, 0.273003, 0.459465, 0.633322, 0.788572, 0.904779, 0.979549, 0.998722, 0.968176, 0.883041, 0.758358, 0.597178, 0.420292, 0.233735, 0.0583362, -0.102553, -0.232934, -0.335636, -0.401305, -0.439057, -0.444815, -0.431538, -0.397399, -0.356091, -0.305247, -0.257096, -0.207264, -0.165786, -0.126187, -0.0966855, -0.0693845, -0.0514966, -0.0345072, -0.0253321, -0.0154011, -0.0117358, -0.0059636, -0.00534119, -0.00173135, -0.00260364, 0, 0, 0, 0, 0, 0, 0, 0, 0, 0, 0, 0, 0, 0, 0, 0, 0, 0, 0, 0, 0, 0, 0, 0, 0, 0, 0, 0, 0, 0, 0, 0, 0, 0, 0, 0, 0, 0, 0, 0, 0, 0, 0, 0, 0, 0, 0, 0, 0, 0, 0, 0, 0
0.000969252, -0.000969252, 0.000969252, -0.000969252, 0.000969252, -0.000969252, 0.000969252, -0.000969252, 0.000969252, -0.000969252, 0.000969252, -0.000969252, 0.000969252, -0.000969252, 0.000969252, -0.000969252, 0.000969252, -0.000969252, 0.000969252, -0.000969252, 0.000969252, -0.000969252, 0.000969252, -0.000969252, 0.000969252, -0.000969252, 0.000969252, -0.000969252, 0.000969252, -0.000969252, 0.000969252, -0.000969252, 0.000969252, -0.000969252, 0.000969252, -0.000969252, 0.000969252, -0.000969252, 0.000969252, -0.000969252, 0.000969252, -0.000969252, 0.000969252, -0.000969252, 0.000969252, -0.000969252, 0.000969252, -0.000969252, 0.000969252, -0.000969252, 0.000969252, -0.000969252, 0.000969252, -0.000969252, 0.000969252, -0.000969252, 0.000969252, -0.000969252, 0.000969252, -0.000969252, 0.000969251, -0.000969252, 0.000969251, -0.000969253, 0.000969248, -0.00096926, 0.000969233, -0.000969295, 0.000969154, -0.000969466, 0.000968788, -0.000970236, 0.0009672, -0.000973444, 0.000960846, -0.00098578, 0.000937376, -0.00102954, 0.000857435, -0.0011726, 0.000606697, -0.00160293, -0.000116352, -0.00279194, -0.00202938, -0.00580236, -0.00666092, -0.0127656, -0.0168853, -0.0274183, -0.0373644, -0.0553049, -0.0743171, -0.102882, -0.133719, -0.174611, -0.217185, -0.267714, -0.315935, -0.36598, -0.405406, -0.436423, -0.445289, -0.433919, -0.389613, -0.31688, -0.20719, -0.0705875, 0.0950312, 0.273003, 0.459465, 0.633322, 0.788572, 0.904779, 0.979549, 0.998722, 0.968176, 0.883041, 0.758358, 0.597178, 0.420292, 0.233735, 0.0583362, -0.102553, -0.232934, -0.335636, -0.401305, -0.439057, -0.444815, -0.431538, -0.397399, -0.356091, -0.305247, -0.257096, -0.207264, -0.165786, -0.126187, -0.0966855, -0.0693845, -0.0514966, -0.0345072, -0.0253321, -0.0154011, -0.0117358, -0.0059636, -0.00534119, -0.00173135, -0.00260364, 0, 0, 0, 0, 0, 0, 0, 0, 0, 0, 0, 0, 0, 0, 0, 0, 0, 0, 0, 0, 0, 0, 0, 0, 0, 0, 0, 0, 0, 0, 0, 0, 0, 0, 0, 0, 0, 0, 0, 0, 0, 0, 0, 0, 0, 0, 0, 0, 0, 0, 0, 0
-0.000969252, 0.000969252, -0.000969252, 0.000969252, -0.000969252, 0.000969252, -0.000969252, 0.000969252, -0.000969252, 0.000969252, -0.000969252, 0.000969252, -0.000969252, 0.000969252, -0.000969252, 0.000969252, -0.000969252, 0.000969252, -0.000969252, 0.000969252, -0.000969252, 0.000969252, -0.000969252, 0.000969252, -0.000969252, 0.000969252, -0.000969252, 0.000969252, -0.000969252, 0.000969252, -0.000969252, 0.000969252, -0.000969252, 0.000969252, -0.000969252, 0.000969252, -0.000969252, 0.000969252, -0.000969252, 0.000969252, -0.000969252, 0.000969252, -0.000969252, 0.000969252, -0.000969252, 0.000969252, -0.000969252, 0.000969252, -0.000969252, 0.000969252, -0.000969252, 0.000969252, -0.000969252, 0.000969252, -0.000969252, 0.000969252, -0.000969252, 0.000969252, -0.000969252, 0.000969252, -0.000969252, 0.000969251, -0.000969252, 0.000969251, -0.000969253, 0.000969248, -0.00096926, 0.000969233, -0.000969295, 0.000969154, -0.000969466, 0.000968788, -0.000970236, 0.0009672, -0.000973444, 0.000960846, -0.00098578, 0.000937376, -0.00102954, 0.000857435, -0.0011726, 0.000606697, -0.00160293, -0.000116352, -0.00279194, -0.00202938, -0.00580236, -0.00666092, -0.0127656, -0.0168853, -0.0274183, -0.0373644, -0.0553049, -0.0743171, -0.102882, -0.133719, -0.174611, -0.217185, -0.267714, -0.315935, -0.36598, -0.405406, -0.436423, -0.445289, -0.433919, -0.389613, -0.31688, -0.20719, -0.0705875, 0.0950312, 0.273003, 0.459465, 0.633322, 0.788572, 0.904779, 0.979549, 0.998722, 0.968176, 0.883041, 0.758358, 0.597178, 0.420292, 0.233735, 0.0583362, -0.102553, -0.232934, -0.335636, -0.401305, -0.439057, -0.444815, -0.431538, -0.397399, -0.356091, -0.305247, -0.257096, -0.207264, -0.165786, -0.126187, -0.0966855, -0.0693845, -0.0514966, -0.0345072, -0.0253321, -0.0154011, -0.0117358, -0.0059636, -0.00534119, -0.00173135, -0.00260364, 0, 0, 0, 0, 0, 0, 0, 0, 0, 0, 0, 0, 0, 0, 0, 0, 0, 0, 0, 0, 0, 0, 0, 0, 0, 0, 0, 0, 0, 0, 0, 0, 0, 0, 0, 0, 0, 0, 0, 0, 0, 0, 0, 0, 0, 0, 0, 0, 0, 0, 0
0.000969252, -0.000969252, 0.000969252, -0.000969252, 0.000969252, -0.000969252, 0.000969252, -0.000969252, 0.000969252, -0.000969252, 0.000969252, -0.000969252, 0.000969252, -0.000969252, 0.000969252, -0.000969252, 0.000969252, -0.000969252, 0.000969252, -0.000969252, 0.000969252, -0.000969252, 0.000969252, -0.000969252, 0.000969252, -0.000969252, 0.000969252, -0.000969252, 0.000969252, -0.000969252, 0.000969252, -0.000969252, 0.000969252, -0.000969252, 0.000969252, -0.000969252, 0.000969252, -0.000969252, 0.000969252, -0.000969252, 0.000969252, -0.000969252, 0.000969252, -0.000969252, 0.000969252, -0.000969252, 0.000969252, -0.000969252, 0.000969252, -0.000969252, 0.000969252, -0.000969252, 0.000969252, -0.000969252, 0.000969252, -0.000969252, 0.000969252, -0.000969252, 0.000969252, -0.000969252, 0.000969252, -0.000969252, 0.000969251, -0.000969252, 0.000969251, -0.000969253, 0.000969248, -0.00096926, 0.000969233, -0.000969295, 0.000969154, -0.000969466, 0.000968788, -0.000970236, 0.0009672, -0.000973444, 0.000960846, -0.00098578, 0.000937376, -0.00102954, 0.000857435, -0.0011726, 0.000606697, -0.00160293, -0.000116352, -0.00279194, -0.00202938, -0.00580236, -0.00666092, -0.0127656, -0.0168853, -0.0274183, -0.0373644, -0.0553049, -0.0743171, -0.102882, -0.133719, -0.174611, -0.217185, -0.267714, -0.315935, -0.36598, -0.405406, -0.436423, -0.445289, -0.433919, -0.389613, -0.31688, -0.20719, -0.0705875, 0.0950312, 0.273003, 0.459465, 0.633322, 0.788572, 0.904779, 0.979549, 0.998722, 0.968176, 0.883041, 0.758358, 0.597178, 0.420292, 0.233735, 0.0583362, -0.102553, -0.232934, -0.335636, -0.401305, -0.439057, -0.444815, -0.431538, -0.397399, -0.356091, -0.305247, -0.257096, -0.207264, -0.165786, -0.126187, -0.0966855, -0.0693845, -0.0514966, -0.0345072, -0.0253321, -0.0154011, -0.0117358, -0.0059636, -0.00534119, -0.00173135, -0.00260364, 0, 0, 0, 0, 0, 0, 0, 0, 0, 0, 0, 0, 0, 0, 0, 0, 0, 0, 0, 0, 0, 0, 0, 0, 0, 0, 0, 0, 0, 0, 0, 0, 0, 0, 0, 0, 0, 0, 0, 0, 0, 0, 0, 0, 0, 0, 0, 0, 0, 0
-0.000969252, 0.000969252, -0.000969252, 0.000969252, -0.000969252, 0.000969252, -0.000969252, 0.000969252, -0.000969252, 0.000969252, -0.000969252, 0.000969252, -0.000969252, 0.000969252, -0.000969252, 0.000969252, -0.000969252, 0.000969252, -0.000969252, 0.000969252, -0.000969252, 0.000969252, -0.000969252, 0.000969252, -0.000969252, 0.000969252, -0.000969252, 0.000969252, -0.000969252, 0.000969252, -0.000969252, 0.000969252, -0.000969252, 0.000969252, -0.000969252, 0.000969252, -0.000969252, 0.000969252, -0.000969252, 0.000969252, -0.000969252, 0.000969252, -0.000969252, 0.000969252, -0.000969252, 0.000969252, -0.000969252, 0.000969252, -0.000969252, 0.000969252, -0.000969252, 0.000969252, -0.000969252, 0.000969252, -0.000969252, 0.000969252, -0.000969252, 0.000969252, -0.000969252, 0.000969252, -0.000969252, 0.000969252, -0.000969252, 0.000969251, -0.000969252, 0.000969251, -0.000969253, 0.000969248, -0.00096926, 0.000969233, -0.000969295, 0.000969154, -0.000969466, 0.000968788, -0.000970236, 0.0009672, -0.000973444, 0.000960846, -0.00098578, 0.000937376, -0.00102954, 0.000857435, -0.0011726, 0.000606697, -0.00160293, -0.000116352, -0.00279194, -0.00202938, -0.00580236, -0.00666092, -0.0127656, -0.0168853, -0.0274183, -0.0373644, -0.0553049, -0.0743171, -0.102882, -0.133719, -0.174611, -0.217185, -0.267714, -0.315935, -0.36598, -0.405406, -0.436423, -0.445289, -0.433919, -0.389613, -0.31688, -0.20719, -0.0705875, 0.0950312, 0.273003, 0.459465, 0.633322, 0.788572, 0.904779, 0.979549, 0.998722, 0.968176, 0.883041, 0.758358, 0.597178, 0.420292, 0.233735, 0.0583362, -0.102553, -0.232934, -0.335636, -0.401305, -0.439057, -0.444815, -0.431538, -0.397399, -0.356091, -0.305247, -0.257096, -0.207264, -0.165786, -0.126187, -0.0966855, -0.0693845, -0.0514966, -0.0345072, -0.0253321, -0.0154011, -0.0117358, -0.0059636, -0.00534119, -0.00173135, -0.00260364, 0, 0, 0, 0, 0, 0, 0, 0, 0, 0, 0, 0, 0, 0, 0, 0, 0, 0, 0, 0, 0, 0, 0, 0, 0, 0, 0, 0, 0, 0, 0, 0, 0, 0, 0, 0, 0, 0, 0, 0, 0, 0, 0, 0, 0, 0, 0, 0, 0
0.000969252, -0.000969252, 0.000969252, -0.000969252, 0.000969252, -0.000969252, 0.000969252, -0.000969252, 0.000969252, -0.000969252, 0.000969252, -0.000969252, 0.000969252, -0.000969252, 0.000969252, -0.000969252, 0.000969252, -0.000969252, 0.000969252, -0.000969252, 0.000969252, -0.000969252, 0.000969252, -0.000969252, 0.000969252, -0.000969252, 0.000969252, -0.000969252, 0.000969252, -0.000969252, 0.000969252, -0.000969252, 0.000969252, -0.000969252, 0.000969252, -0.000969252, 0.000969252, -0.000969252, 0.000969252, -0.000969252, 0.000969252, -0.000969252, 0.000969252, -0.000969252, 0.000969252, -0.000969252, 0.000969252, -0.000969252, 0.000969252, -0.000969252, 0.000969252, -0.000969252, 0.000969252, -0.000969252, 0.000969252, -0.000969252, 0.000969252, -0.000969252, 0.000969252, -0.000969252, 0.000969252, -0.000969252, 0.000969252, -0.000969252, 0.000969251, -0.000969252, 0.000969251, -0.000969253, 0.000969248, -0.00096926, 0.000969233, -0.000969295, 0.000969154, -0.000969466, 0.000968788, -0.000970236, 0.0009672, -0.000973444, 0.000960846, -0.00098578, 0.000937376, -0.00102954, 0.000857435, -0.0011726, 0.000606697, -0.00160293, -0.000116352, -0.00279194, -0.00202938, -0.00580236, -0.00666092, -0.0127656, -0.0168853, -0.0274183, -0.0373644, -0.0553049, -0.0743171, -0.102882, -0.133719, -0.174611, -0.217185, -0.267714, -0.315935, -0.36598, -0.405406, -0.436423, -0.445289, -0.433919, -0.389613, -0.31688, -0.20719, -0.0705875, 0.0950312, 0.273003, 0.459465, 0.633322, 0.788572, 0.904779, 0.979549, 0.998722, 0.968176, 0.883041, 0.758358, 0.597178, 0.420292, 0.233735, 0.0583362, -0.102553, -0.232934, -0.335636, -0.401305, -0.439057, -0.444815, -0.431538, -0.397399, -0.356091, -0.305247, -0.257096, -0.207264, -0.165786, -0.126187, -0.0966855, -0.0693845, -0.0514966, -0.0345072, -0.0253321, -0.0154011, -0.0117358, -0.0059636, -0.00534119, -0.00173135, -0.00260364, 0, 0, 0, 0, 0, 0, 0, 0, 0, 0, 0, 0, 0, 0, 0, 0, 0, 0, 0, 0, 0, 0, 0, 0, 0, 0, 0, 0, 0, 0, 0, 0, 0, 0, 0, 0, 0, 0, 0, 0, 0, 0, 0, 0, 0, 0, 0, 0
-0.000969252, 0.000969252, -0.000969252, 0.000969252, -0.000969252, 0.000969252, -0.000969252, 0.000969252, -0.000969252, 0.000969252, -0.000969252, 0.000969252, -0.000969252, 0.000969252, -0.000969252, 0.000969252, -0.000969252, 0.000969252, -0.000969252, 0.000969252, -0.000969252, 0.000969252, -0.000969252, 0.000969252, -0.000969252, 0.000969252, -0.000969252, 0.000969252, -0.000969252, 0.000969252, -0.000969252, 0.000969252, -0.000969252, 0.000969252, -0.000969252, 0.000969252, -0.000969252, 0.000969252, -0.000969252, 0.000969252, -0.000969252, 0.000969252, -0.000969252, 0.000969252, -0.000969252, 0.000969252, -0.000969252, 0.000969252, -0.000969252, 0.000969252, -0.000969252, 0.000969252, -0.000969252, 0.000969252, -0.000969252, 0.000969252, -0.000969252, 0.000969252, -0.000969252, 0.000969252, -0.000969252, 0.000969252, -0.000969252, 0.000969252, -0.000969252, 0.000969251, -0.000969252, 0.000969251, -0.000969253, 0.000969248, -0.00096926, 0.000969233, -0.000969295, 0.000969154, -0.000969466, 0.000968788, -0.000970236, 0.0009672, -0.000973444, 0.000960846, -0.00098578, 0.000937376, -0.00102954, 0.000857435, -0.0011726, 0.000606697, -0.00160293, -0.000116352, -0.00279194, -0.00202938, -0.00580236, -0.00666092, -0.0127656, -0.0168853, -0.0274183, -0.0373644, -0.0553049, -0.0743171, -0.102882, -0.133719, -0.174611, -0.217185, -0.267714, -0.315935, -0.36598, -0.405406, -0.436423, -0.445289, -0.433919, -0.389613, -0.31688, -0.20719, -0.0705875, 0.0950312, 0.273003, 0.459465, 0.633322, 0.788572, 0.904779, 0.979549, 0.998722, 0.968176, 0.883041, 0.758358, 0.597178, 0.420292, 0.233735, 0.0583362, -0.102553, -0.232934, -0.335636, -0.401305, -0.439057, -0.444815, -0.431538, -0.397399, -0.356091, -0.305247, -0.257096, -0.207264, -0.165786, -0.126187, -0.0966855, -0.0693845, -0.0514966, -0.0345072, -0.0253321, -0.0154011, -0.0117358, -0.0059636, -0.00534119, -0.00173135, -0.00260364, 0, 0, 0, 0, 0, 0, 0, 0, 0, 0, 0, 0, 0, 0, 0, 0, 0, 0, 0, 0, 0, 0, 0, 0, 0, 0, 0, 0, 0, 0, 0, 0, 0, 0, 0, 0, 0, 0, 0, 0, 0, 0, 0, 0, 0, 0, 0
0.000969252, -0.000969252, 0.000969252, -0.000969252, 0.000969252, -0.000969252, 0.000969252, -0.000969252, 0.000969252, -0.000969252, 0.000969252, -0.000969252, 0.000969252, -0.000969252, 0.000969252, -0.000969252, 0.000969252, -0.000969252, 0.000969252, -0.000969252, 0.000969252, -0.000969252, 0.000969252, -0.000969252, 0.000969252, -0.000969252, 0.000969252, -0.000969252, 0.000969252, -0.000969252, 0.000969252, -0.000969252, 0.000969252, -0.000969252, 0.000969252, -0.000969252, 0.000969252, -0.000969252, 0.000969252, -0.000969252, 0.000969252, -0.000969252, 0.000969252, -0.000969252, 0.000969252, -0.000969252, 0.000969252, -0.000969252, 0.000969252, -0.000969252, 0.000969252, -0.000969252, 0.000969252, -0.000969252, 0.000969252, -0.000969252, 0.000969252, -0.000969252, 0.000969252, -0.000969252, 0.000969252, -0.000969252, 0.000969252, -0.000969252, 0.000969252, -0.000969252, 0.000969251, -0.000969252, 0.000969251, -0.000969253, 0.000969248, -0.00096926, 0.000969233, -0.000969295, 0.000969154, -0.000969466, 0.000968788, -0.000970236, 0.0009672, -0.000973444, 0.000960846, -0.00098578, 0.000937376, -0.00102954, 0.000857435, -0.0011726, 0.000606697, -0.00160293, -0.000116352, -0.00279194, -0.00202938, -0.00580236, -0.00666092, -0.0127656, -0.0168853, -0.0274183, -0.0373644, -0.0553049, -0.0743171, -0.102882, -0.133719, -0.174611, -0.217185, -0.267714, -0.315935, -0.36598, -0.405406, -0.436423, -0.445289, -0.433919, -0.389613, -0.31688, -0.20719, -0.0705875, 0.0950312, 0.273003, 0.459465, 0.633322, 0.788572, 0.904779, 0.979549, 0.998722, 0.968176, 0.883041, 0.758358, 0.597178, 0.420292, 0.233735, 0.0583362, -0.102553, -0.232934, -0.335636, -0.401305, -0.439057, -0.444815, -0.431538, -0.397399, -0.356091, -0.305247, -0.257096, -0.207264, -0.165786, -0.126187, -0.0966855, -0.0693845, -0.0514966, -0.0345072, -0.0253321, -0.0154011, -0.0117358, -0.0059636, -0.00534119, -0.00173135, -0.00260364, 0, 0, 0, 0, 0, 0, 0, 0, 0, 0, 0, 0, 0, 0, 0, 0, 0, 0, 0, 0, 0, 0, 0, 0, 0, 0, 0, 0, 0, 0, 0, 0, 0, 0, 0, 0, 0, 0, 0, 0, 0, 0, 0, 0, 0, 0
-0.000969252, 0.000969252, -0.000969252, 0.000969252, -0.000969252, 0.000969252, -0.000969252, 0.000969252, -0.000969252, 0.000969252, -0.000969252, 0.000969252, -0.000969252, 0.000969252, -0.000969252, 0.000969252, -0.000969252, 0.000969252, -0.000969252, 0.000969252, -0.000969252, 0.000969252, -0.000969252, 0.000969252, -0.000969252, 0.000969252, -0.000969252, 0.000969252, -0.000969252, 0.000969252, -0.000969252, 0.000969252, -0.000969252, 0.000969252, -0.000969252, 0.000969252, -0.000969252, 0.000969252, -0.000969252, 0.000969252, -0.000969252, 0.000969252, -0.000969252, 0.000969252, -0.000969252, 0.000969252, -0.000969252, 0.000969252, -0.000969252, 0.000969252, -0.000969252, 0.000969252, -0.000969252, 0.000969252, -0.000969252, 0.000969252, -0.000969252, 0.000969252, -0.000969252, 0.000969252, -0.000969252, 0.000969252, -0.000969252, 0.000969252, -0.000969252, 0.000969252, -0.000969252, 0.000969251, -0.000969252, 0.000969251, -0.000969253, 0.000969248, -0.00096926, 0.000969233, -0.000969295, 0.000969154, -0.000969466, 0.000968788, -0.000970236, 0.0009672, -0.000973444, 0.000960846, -0.00098578, 0.000937376, -0.00102954, 0.000857435, -0.0011726, 0.000606697, -0.00160293, -0.000116352, -0.00279194, -0.00202938, -0.00580236, -0.00666092, -0.0127656, -0.0168853, -0.0274183, -0.0373644, -0.0553049, -0.0743171, -0.102882, -0.133719, -0.174611, -0.217185, -0.267714, -0.315935, -0.36598, -0.405406, -0.436423, -0.445289, -0.433919, -0.389613, -0.31688, -0.20719, -0.0705875, 0.0950312, 0.273003, 0.459465, 0.633322, 0.788572, 0.904779, 0.979549, 0.998722, 0.968176, 0.883041, 0.758358, 0.597178, 0.420292, 0.233735, 0.0583362, -0.102553, -0.232934, -0.335636, -0.401305, -0.439057, -0.444815, -0.431538, -0.397399, -0.356091, -0.305247, -0.257096, -0.207264, -0.165786, -0.126187, -0.0966855, -0.0693845, -0.0514966, -0.0345072, -0.0253321, -0.0154011, -0.0117358, -0.0059636, -0.00534119, -0.00173135, -0.00260364, 0, 0, 0, 0, 0, 0, 0, 0, 0, 0, 0, 0, 0, 0, 0, 0, 0, 0, 0, 0, 0, 0, 0, 0, 0, 0, 0, 0, 0, 0, 0, 0, 0, 0, 0, 0, 0, 0, 0, 0, 0, 0, 0, 0, 0
0.000969252, -0.000969252, 0.000969252, -0.000969252, 0.000969252, -0.000969252, 0.000969252, -0.000969252, 0.000969252, -0.000969252, 0.000969252, -0.000969252, 0.000969252, -0.000969252, 0.000969252, -0.000969252, 0.000969252, -0.000969252, 0.000969252, -0.000969252, 0.000969252, -0.000969252, 0.000969252, -0.000969252, 0.000969252, -0.000969252, 0.000969252, -0.000969252, 0.000969252, -0.000969252, 0.000969252, -0.000969252, 0.000969252, -0.000969252, 0.000969252, -0.000969252, 0.000969252, -0.000969252, 0.000969252, -0.000969252, 0.000969252, -0.000969252, 0.000969252, -0.000969252, 0.000969252, -0.000969252, 0.000969252, -0.000969252, 0.000969252, -0.000969252, 0.000969252, -0.000969252, 0.000969252, -0.000969252, 0.000969252, -0.000969252, 0.000969252, -0.000969252, 0.000969252, -0.000969252, 0.000969252, -0.000969252, 0.000969252, -0.000969252, 0.000969252, -0.000969252, 0.000969252, -0.000969252, 0.000969251, -0.000969252, 0.000969251, -0.000969253, 0.000969248, -0.00096926, 0.000969233, -0.000969295, 0.000969154, -0.000969466, 0.000968788, -0.000970236, 0.0009672, -0.000973444, 0.000960846, -0.00098578, 0.000937376, -0.00102954, 0.000857435, -0.0011726, 0.000606697, -0.00160293, -0.000116352, -0.00279194, -0.00202938, -0.00580236, -0.00666092, -0.0127656, -0.0168853, -0.0274183, -0.0373644, -0.0553049, -0.0743171, -0.102882, -0.133719, -0.174611, -0.217185, -0.267714, -0.315935, -0.36598, -0.405406, -0.436423, -0.445289, -0.433919, -0.389613, -0.31688, -0.20719, -0.0705875, 0.0950312, 0.273003, 0.459465, 0.633322, 0.788572, 0.904779, 0.979549, 0.998722, 0.968176, 0.883041, 0.758358, 0.597178, 0.420292, 0.233735, 0.0583362, -0.102553, -0.232934, -0.335636, -0.401305, -0.439057, -0.444815, -0.431538, -0.397399, -0.356091, -0.305247, -0.257096, -0.207264, -0.165786, -0.126187, -0.0966855, -0.0693845, -0.0514966, -0.0345072, -0.0253321, -0.0154011, -0.0117358, -0.0059636, -0.00534119, -0.00173135, -0.00260364, 0, 0, 0, 0, 0, 0, 0, 0, 0, 0, 0, 0, 0, 0, 0, 0, 0, 0, 0, 0, 0, 0, 0, 0, 0, 0, 0, 0, 0, 0, 0, 0, 0, 0, 0, 0, 0, 0, 0, 0, 0, 0, 0, 0
-0.000969252, 0.000969252, -0.000969252, 0.000969252, -0.000969252, 0.000969252, -0.000969252, 0.000969252, -0.000969252, 0.000969252, -0.000969252, 0.000969252, -0.000969252, 0.000969252, -0.000969252, 0.000969252, -0.000969252, 0.000969252, -0.000969252, 0.000969252, -0.000969252, 0.000969252, -0.000969252, 0.000969252, -0.000969252, 0.000969252, -0.000969252, 0.000969252, -0.000969252, 0.000969252, -0.000969252, 0.000969252, -0.000969252, 0.000969252, -0.000969252, 0.000969252, -0.000969252, 0.000969252, -0.000969252, 0.000969252, -0.000969252, 0.000969252, -0.000969252, 0.000969252, -0.000969252, 0.000969252, -0.000969252, 0.000969252, -0.000969252, 0.000969252, -0.000969252, 0.000969252, -0.000969252, 0.000969252, -0.000969252, 0.000969252, -0.000969252, 0.000969252, -0.000969252, 0.000969252, -0.000969252, 0.000969252, -0.000969252, 0.000969252, -0.000969252, 0.000969252, -0.000969252, 0.000969252, -0.000969252, 0.000969251, -0.000969252, 0.000969251, -0.000969253, 0.000969248, -0.00096926, 0.000969233, -0.000969295, 0.000969154, -0.000969466, 0.000968788, -0.000970236, 0.0009672, -0.000973444, 0.000960846, -0.00098578, 0.000937376, -0.00102954, 0.000857435, -0.0011726, 0.000606697, -0.00160293, -0.000116352, -0.00279194, -0.00202938, -0.00580236, -0.00666092, -0.0127656, -0.0168853, -0.0274183, -0.0373644, -0.0553049, -0.0743171, -0.102882, -0.133719, -0.174611, -0.217185, -0.267714, -0.315935, -0.36598, -0.405406, -0.436423, -0.445289, -0.433919, -0.389613, -0.31688, -0.20719, -0.0705875, 0.0950312, 0.273003, 0.459465, 0.633322, 0.788572, 0.904779, 0.979549, 0.998722, 0.968176, 0.883041, 0.758358, 0.597178, 0.420292, 0.233735, 0.0583362, -0.102553, -0.232934, -0.335636, -0.401305, -0.439057, -0.444815, -0.431538, -0.397399, -0.356091, -0.305247, -0.257096, -0.207264, -0.165786, -0.126187, -0.0966855, -0.0693845, -0.0514966, -0.0345072, -0.0253321, -0.0154011, -0.0117358, -0.0059636, -0.00534119, -0.00173135, -0.00260364, 0, 0, 0, 0, 0, 0, 0, 0, 0, 0, 0, 0, 0, 0, 0, 0, 0, 0, 0, 0, 0, 0, 0, 0, 0, 0, 0, 0, 0, 0, 0, 0, 0, 0, 0, 0, 0, 0, 0, 0, 0, 0, 0
0.000969252, -0.000969252, 0.000969252, -0.000969252, 0.000969252, -0.000969252, 0.000969252, -0.000969252, 0.000969252, -0.000969252, 0.000969252, -0.000969252, 0.000969252, -0.000969252, 0.000969252, -0.000969252, 0.000969252, -0.000969252, 0.000969252, -0.000969252, 0.000969252, -0.000969252, 0.000969252, -0.000969252, 0.000969252, -0.000969252, 0.000969252, -0.000969252, 0.000969252, -0.000969252, 0.000969252, -0.000969252, 0.000969252, -0.000969252, 0.000969252, -0.000969252, 0.000969252, -0.000969252, 0.000969252, -0.000969252, 0.000969252, -0.000969252, 0.000969252, -0.000969252, 0.000969252, -0.000969252, 0.000969252, -0.000969252, 0.000969252, -0.000969252, 0.000969252, -0.000969252, 0.000969252, -0.000969252, 0.000969252, -0.000969252, 0.000969252, -0.000969252, 0.000969252, -0.000969252, 0.000969252, -0.000969252, 0.000969252, -0.000969252, 0.000969252, -0.000969252, 0.000969252, -0.000969252, 0.000969252, -0.000969252, 0.000969251, -0.000969252, 0.000969251, -0.000969253, 0.000969248, -0.00096926, 0.000969233, -0.000969295, 0.000969154, -0.000969466, 0.000968788, -0.000970236, 0.0009672, -0.000973444, 0.000960846, -0.00098578, 0.000937376, -0.00102954, 0.000857435, -0.0011726, 0.000606697, -0.00160293, -0.000116352, -0.00279194, -0.00202938, -0.00580236, -0.00666092, -0.0127656, -0.0168853, -0.0274183, -0.0373644, -0.0553049, -0.0743171, -0.102882, -0.133719, -0.174611, -0.217185, -0.267714, -0.315935, -0.36598, -0.405406, -0.436423, -0.445289, -0.433919, -0.389613, -0.31688, -0.20719, -0.0705875, 0.0950312, 0.273003, 0.459465, 0.633322, 0.788572, 0.904779, 0.979549, 0.998722, 0.968176, 0.883041, 0.758358, 0.597178, 0.420292, 0.233735, 0.0583362, -0.102553, -0.232934, -0.335636, -0.401305, -0.439057, -0.444815, -0.431538, -0.397399, -0.356091, -0.305247, -0.257096, -0.207264, -0.165786, -0.126187, -0.0966855, -0.0693845, -0.0514966, -0.0345072, -0.0253321, -0.0154011, -0.0117358, -0.0059636, -0.00534119, -0.00173135, -0.00260364, 0, 0, 0, 0, 0, 0, 0, 0, 0, 0, 0, 0, 0, 0, 0, 0, 0, 0, 0, 0, 0, 0, 0, 0, 0, 0, 0, 0, 0, 0, 0, 0, 0, 0, 0, 0, 0, 0, 0, 0, 0, 0
-0.000969252, 0.000969252, -0.000969252, 0.000969252, -0.000969252, 0.000969252, -0.000969252, 0.000969252, -0.000969252, 0.000969252, -0.000969252, 0.000969252, -0.000969252, 0.000969252, -0.000969252, 0.000969252, -0.000969252, 0.000969252, -0.000969252, 0.000969252, -0.000969252, 0.000969252, -0.000969252, 0.000969252, -0.000969252, 0.000969252, -0.000969252, 0.000969252, -0.000969252, 0.000969252, -0.000969252, 0.000969252, -0.000969252, 0.000969252, -0.000969252, 0.000969252, -0.000969252, 0.000969252, -0.000969252, 0.000969252, -0.000969252, 0.000969252, -0.000969252, 0.000969252, -0.000969252, 0.000969252, -0.000969252, 0.000969252, -0.000969252, 0.000969252, -0.000969252, 0.000969252, -0.000969252, 0.000969252, -0.000969252, 0.000969252, -0.000969252, 0.000969252, -0.000969252, 0.000969252, -0.000969252, 0.000969252, -0.000969252, 0.000969252, -0.000969252, 0.000969252, -0.000969252, 0.000969252, -0.000969252, 0.000969252, -0.000969252, 0.000969251, -0.000969252, 0.000969251, -0.000969253, 0.000969248, -0.00096926, 0.000969233, -0.000969295, 0.000969154, -0.000969466, 0.000968788, -0.000970236, 0.0009672, -0.000973444, 0.000960846, -0.00098578, 0.000937376, -0.00102954, 0.000857435, -0.0011726, 0.000606697, -0.00160293, -0.000116352, -0.00279194, -0.00202938, -0.00580236, -0.00666092, -0.0127656, -0.0168853, -0.0274183, -0.0373644, -0.0553049, -0.0743171, -0.102882, -0.133719, -0.174611, -0.217185, -0.267714, -0.315935, -0.36598, -0.405406, -0.436423, -0.445289, -0.433919, -0.389613, -0.31688, -0.20719, -0.0705875, 0.0950312, 0.273003, 0.459465, 0.633322, 0.788572, 0.904779, 0.979549, 0.998722, 0.968176, 0.883041, 0.758358, 0.597178, 0.420292, 0.233735, 0.0583362, -0.102553, -0.232934, -0.335636, -0.401305, -0.439057, -0.444815, -0.431538, -0.397399, -0.356091, -0.305247, -0.257096, -0.207264, -0.165786, -0.126187, -0.0966855, -0.0693845, -0.0514966, -0.0345072, -0.0253321, -0.0154011, -0.0117358, -0.0059636, -0.00534119, -0.00173135, -0.00260364, 0, 0, 0, 0, 0, 0, 0, 0, 0, 0, 0, 0, 0, 0, 0, 0, 0, 0, 0, 0, 0, 0, 0, 0, 0, 0, 0, 0, 0, 0, 0, 0, 0, 0, 0, 0, 0, 0, 0, 0, 0
0.000969252, -0.000969252, 0.000969252, -0.000969252, 0.000969252, -0.000969252, 0.000969252, -0.000969252, 0.000969252, -0.000969252, 0.000969252, -0.000969252, 0.000969252, -0.000969252, 0.000969252, -0.000969252, 0.000969252, -0.000969252, 0.000969252, -0.000969252, 0.000969252, -0.000969252, 0.000969252, -0.000969252, 0.000969252, -0.000969252, 0.000969252, -0.000969252, 0.000969252, -0.000969252, 0.000969252, -0.000969252, 0.000969252, -0.000969252, 0.000969252, -0.000969252, 0.000969252, -0.000969252, 0.000969252, -0.000969252, 0.000969252, -0.000969252, 0.000969252, -0.000969252, 0.000969252, -0.000969252, 0.000969252, -0.000969252, 0.000969252, -0.000969252, 0.000969252, -0.000969252, 0.000969252, -0.000969252, 0.000969252, -0.000969252, 0.000969252, -0.000969252, 0.000969252, -0.000969252, 0.000969252, -0.000969252, 0.000969252, -0.000969252, 0.000969252, -0.000969252, 0.000969252, -0.000969252, 0.000969252, -0.000969252, 0.000969252, -0.000969252, 0.000969251, -0.000969252, 0.000969251, -0.000969253, 0.000969248, -0.00096926, 0.000969233, -0.000969295, 0.000969154, -0.000969466, 0.000968788, -0.000970236, 0.0009672, -0.000973444, 0.000960846, -0.00098578, 0.000937376, -0.00102954, 0.000857435, -0.0011726, 0.000606697, -0.00160293, -0.000116352, -0.00279194, -0.00202938, -0.00580236, -0.00666092, -0.0127656, -0.0168853, -0.0274183, -0.0373644, -0.0553049, -0.0743171, -0.102882, -0.133719, -0.174611, -0.217185, -0.267714, -0.315935, -0.36598, -0.405406, -0.436423, -0.445289, -0.433919, -0.389613, -0.31688, -0.20719, -0.0705875, 0.0950312, 0.273003, 0.459465, 0.633322, 0.788572, 0.904779, 0.979549, 0.998722, 0.968176, 0.883041, 0.758358, 0.597178, 0.420292, 0.233735, 0.0583362, -0.102553, -0.232934, -0.335636, -0.401305, -0.439057, -0.444815, -0.431538, -0.397399, -0.356091, -0.305247, -0.257096, -0.207264, -0.165786, -0.126187, -0.0966855, -0.0693845, -0.0514966, -0.0345072, -0.0253321, -0.0154011, -0.0117358, -0.0059636, -0.00534119, -0.00173135, -0.00260364, 0, 0, 0, 0, 0, 0, 0, 0, 0, 0, 0, 0, 0, 0, 0, 0, 0, 0, 0, 0, 0, 0, 0, 0, 0, 0, 0, 0, 0, 0, 0, 0, 0, 0, 0, 0, 0, 0, 0, 0
-0.000969252, 0.000969252, -0.000969252, 0.000969252, -0.000969252, 0.000969252, -0.000969252, 0.000969252, -0.000969252, 0.000969252, -0.000969252, 0.000969252, -0.000969252, 0.000969252, -0.000969252, 0.000969252, -0.000969252, 0.000969252, -0.000969252, 0.000969252, -0.000969252, 0.000969252, -0.000969252, 0.000969252, -0.000969252, 0.000969252, -0.000969252, 0.000969252, -0.000969252, 0.000969252, -0.000969252, 0.000969252, -0.000969252, 0.000969252, -0.000969252, 0.000969252, -0.000969252, 0.000969252, -0.000969252, 0.000969252, -0.000969252, 0.000969252, -0.000969252, 0.000969252, -0.000969252, 0.000969252, -0.000969252, 0.000969252, -0.000969252, 0.000969252, -0.000969252, 0.000969252, -0.000969252, 0.000969252, -0.000969252, 0.000969252, -0.000969252, 0.000969252, -0.000969252, 0.000969252, -0.000969252, 0.000969252, -0.000969252, 0.000969252, -0.000969252, 0.000969252, -0.000969252, 0.000969252, -0.000969252, 0.000969252, -0.000969252, 0.000969252, -0.000969252, 0.000969251, -0.000969252, 0.000969251, -0.000969253, 0.000969248, -0.00096926, 0.000969233, -0.000969295, 0.000969154, -0.000969466, 0.000968788, -0.000970236, 0.0009672, -0.000973444, 0.000960846, -0.00098578, 0.000937376, -0.00102954, 0.000857435, -0.0011726, 0.000606697, -0.00160293, -0.000116352, -0.00279194, -0.00202938, -0.00580236, -0.00666092, -0.0127656, -0.0168853, -0.0274183, -0.0373644, -0.0553049, -0.0743171, -0.102882, -0.133719, -0.174611, -0.217185, -0.267714, -0.315935, -0.36598, -0.405406, -0.436423, -0.445289, -0.433919, -0.389613, -0.31688, -0.20719, -0.0705875, 0.0950312, 0.273003, 0.459465, 0.633322, 0.788572, 0.904779, 0.979549, 0.998722, 0.968176, 0.883041, 0.758358, 0.597178, 0.420292, 0.233735, 0.0583362, -0.102553, -0.232934, -0.335636, -0.401305, -0.439057, -0.444815, -0.431538, -0.397399, -0.356091, -0.305247, -0.257096, -0.207264, -0.165786, -0.126187, -0.0966855, -0.0693845, -0.0514966, -0.0345072, -0.0253321, -0.0154011, -0.0117358, -0.0059636, -0.00534119, -0.00173135, -0.00260364, 0, 0, 0, 0, 0, 0, 0, 0, 0, 0, 0, 0, 0, 0, 0, 0, 0, 0, 0, 0, 0, 0, 0, 0, 0, 0, 0, 0, 0, 0, 0, 0, 0, 0, 0, 0, 0, 0, 0
0.000969252, -0.000969252, 0.000969252, -0.000969252, 0.000969252, -0.000969252, 0.000969252, -0.000969252, 0.000969252, -0.000969252, 0.000969252, -0.000969252, 0.000969252, -0.000969252, 0.000969252, -0.000969252, 0.000969252, -0.000969252, 0.000969252, -0.000969252, 0.000969252, -0.000969252, 0.000969252, -0.000969252, 0.000969252, -0.000969252, 0.000969252, -0.000969252, 0.000969252, -0.000969252, 0.000969252, -0.000969252, 0.000969252, -0.000969252, 0.000969252, -0.000969252, 0.000969252, -0.000969252, 0.000969252, -0.000969252, 0.000969252, -0.000969252, 0.000969252, -0.000969252, 0.000969252, -0.000969252, 0.000969252, -0.000969252, 0.000969252, -0.000969252, 0.000969252, -0.000969252, 0.000969252, -0.000969252, 0.000969252, -0.000969252, 0.000969252, -0.000969252, 0.000969252, -0.000969252, 0.000969252, -0.000969252, 0.000969252, -0.000969252, 0.000969252, -0.000969252, 0.000969252, -0.000969252, 0.000969252, -0.000969252, 0.000969252, -0.000969252, 0.000969252, -0.000969252, 0.000969251, -0.000969252, 0.000969251, -0.000969253, 0.000969248, -0.00096926, 0.000969233, -0.000969295, 0.000969154, -0.000969466, 0.000968788, -0.000970236, 0.0009672, -0.000973444, 0.000960846, -0.00098578, 0.000937376, -0.00102954, 0.000857435, -0.0011726, 0.000606697, -0.00160293, -0.000116352, -0.00279194, -0.00202938, -0.00580236, -0.00666092, -0.0127656, -0.0168853, -0.0274183, -0.0373644, -0.0553049, -0.0743171, -0.102882, -0.133719, -0.174611, -0.217185, -0.267714, -0.315935, -0.36598, -0.405406, -0.436423, -0.445289, -0.433919, -0.389613, -0.31688, -0.20719, -0.0705875, 0.0950312, 0.273003, 0.459465, 0.633322, 0.788572, 0.904779, 0.979549, 0.998722, 0.968176, 0.883041, 0.758358, 0.597178, 0.420292, 0.233735, 0.0583362, -0.102553, -0.232934, -0.335636, -0.401305, -0.439057, -0.444815, -0.431538, -0.397399, -0.356091, -0.305247, -0.257096, -0.207264, -0.165786, -0.126187, -0.0966855, -0.0693845, -0.0514966, -0.0345072, -0.0253321, -0.0154011, -0.0117358, -0.0059636, -0.00534119, -0.00173135, -0.00260364, 0, 0, 0, 0, 0, 0, 0, 0, 0, 0, 0, 0, 0, 0, 0, 0, 0, 0, 0, 0, 0, 0, 0, 0, 0, 0, 0, 0, 0, 0, 0, 0, 0, 0, 0, 0, 0, 0
-0.000969252, 0.000969252, -0.000969252, 0.000969252, -0.000969252, 0.000969252, -0.000969252, 0.000969252, -0.000969252, 0.000969252, -0.000969252, 0.000969252, -0.000969252, 0.000969252, -0.000969252, 0.000969252, -0.000969252, 0.000969252, -0.000969252, 0.000969252, -0.000969252, 0.000969252, -0.000969252, 0.000969252, -0.000969252, 0.000969252, -0.000969252, 0.000969252, -0.000969252, 0.000969252, -0.000969252, 0.000969252, -0.000969252, 0.000969252, -0.000969252, 0.000969252, -0.000969252, 0.000969252, -0.000969252, 0.000969252, -0.000969252, 0.000969252, -0.000969252, 0.000969252, -0.000969252, 0.000969252, -0.000969252, 0.000969252, -0.000969252, 0.000969252, -0.000969252, 0.000969252, -0.000969252, 0.000969252, -0.000969252, 0.000969252, -0.000969252, 0.000969252, -0.000969252, 0.000969252, -0.000969252, 0.000969252, -0.000969252, 0.000969252, -0.000969252, 0.000969252, -0.000969252, 0.000969252, -0.000969252, 0.000969252, -0.000969252, 0.000969252, -0.000969252, 0.000969252, -0.000969252, 0.000969251, -0.000969252, 0.000969251, -0.000969253, 0.000969248, -0.00096926, 0.000969233, -0.000969295, 0.000969154, -0.000969466, 0.000968788, -0.000970236, 0.0009672, -0.000973444, 0.000960846, -0.00098578, 0.000937376, -0.00102954, 0.000857435, -0.0011726, 0.000606697, -0.00160293, -0.000116352, -0.00279194, -0.00202938, -0.00580236, -0.00666092, -0.0127656, -0.0168853, -0.0274183, -0.0373644, -0.0553049, -0.0743171, -0.102882, -0.133719, -0.174611, -0.217185, -0.267714, -0.315935, -0.36598, -0.405406, -0.436423, -0.445289, -0.433919, -0.389613, -0.31688, -0.20719, -0.0705875, 0.0950312, 0.273003, 0.459465, 0.633322, 0.788572, 0.904779, 0.979549, 0.998722, 0.968176, 0.883041, 0.758358, 0.597178, 0.420292, 0.233735, 0.0583362, -0.102553, -0.232934, -0.335636, -0.401305, -0.439057, -0.444815, -0.431538, -0.397399, -0.356091, -0.305247, -0.257096, -0.207264, -0.165786, -0.126187, -0.0966855, -0.0693845, -0.0514966, -0.0345072, -0.0253321, -0.0154011, -0.0117358, -0.0059636, -0.00534119, -0.00173135, -0.00260364, 0, 0, 0, 0, 0, 0, 0, 0, 0, 0, 0, 0, 0, 0, 0, 0, 0, 0, 0, 0, 0, 0, 0, 0, 0, 0, 0, 0, 0, 0, 0, 0, 0, 0, 0, 0, 0
0.000969252, -0.000969252, 0.000969252, -0.000969252, 0.000969252, -0.000969252, 0.000969252, -0.000969252, 0.000969252, -0.000969252, 0.000969252, -0.000969252, 0.000969252, -0.000969252, 0.000969252, -0.000969252, 0.000969252, -0.000969252, 0.000969252, -0.000969252, 0.000969252, -0.000969252, 0.000969252, -0.000969252, 0.000969252, -0.000969252, 0.000969252, -0.000969252, 0.000969252, -0.000969252, 0.000969252, -0.000969252, 0.000969252, -0.000969252, 0.000969252, -0.000969252, 0.000969252, -0.000969252, 0.000969252, -0.000969252, 0.000969252, -0.000969252, 0.000969252, -0.000969252, 0.000969252, -0.000969252, 0.000969252, -0.000969252, 0.000969252, -0.000969252, 0.000969252, -0.000969252, 0.000969252, -0.000969252, 0.000969252, -0.000969252, 0.000969252, -0.000969252, 0.000969252, -0.000969252, 0.000969252, -0.000969252, 0.000969252, -0.000969252, 0.000969252, -0.000969252, 0.000969252, -0.000969252, 0.000969252, -0.000969252, 0.000969252, -0.000969252, 0.000969252, -0.000969252, 0.000969252, -0.000969252, 0.000969251, -0.000969252, 0.000969251, -0.000969253, 0.000969248, -0.00096926, 0.000969233, -0.000969295, 0.000969154, -0.000969466, 0.000968788, -0.000970236, 0.0009672, -0.000973444, 0.000960846, -0.00098578, 0.000937376, -0.00102954, 0.000857435, -0.0011726, 0.000606697, -0.00160293, -0.000116352, -0.00279194, -0.00202938, -0.00580236, -0.00666092, -0.0127656, -0.0168853, -0.0274183, -0.0373644, -0.0553049, -0.0743171, -0.102882, -0.133719, -0.174611, -0.217185, -0.267714, -0.315935, -0.36598, -0.405406, -0.436423, -0.445289, -0.433919, -0.389613, -0.31688, -0.20719, -0.0705875, 0.0950312, 0.273003, 0.459465, 0.633322, 0.788572, 0.904779, 0.979549, 0.998722, 0.968176, 0.883041, 0.758358, 0.597178, 0.420292, 0.233735, 0.0583362, -0.102553, -0.232934, -0.335636, -0.401305, -0.439057, -0.444815, -0.431538, -0.397399, -0.356091, -0.305247, -0.257096, -0.207264, -0.165786, -0.126187, -0.0966855, -0.0693845, -0.0514966, -0.0345072, -0.0253321, -0.0154011, -0.0117358, -0.0059636, -0.00534119, -0.00173135, -0.00260364, 0, 0, 0, 0, 0, 0, 0, 0, 0, 0, 0, 0, 0, 0, 0, 0, 0, 0, 0, 0, 0, 0, 0, 0, 0, 0, 0, 0, 0, 0, 0, 0, 0, 0, 0, 0
-0.000969252, 0.000969252, -0.000969252, 0.000969252, -0.000969252, 0.000969252, -0.000969252, 0.000969252, -0.000969252, 0.000969252, -0.000969252, 0.000969252, -0.000969252, 0.000969252, -0.000969252, 0.000969252, -0.000969252, 0.000969252, -0.000969252, 0.000969252, -0.000969252, 0.000969252, -0.000969252, 0.000969252, -0.000969252, 0.000969252, -0.000969252, 0.000969252, -0.000969252, 0.000969252, -0.000969252, 0.000969252, -0.000969252, 0.000969252, -0.000969252, 0.000969252, -0.000969252, 0.000969252, -0.000969252, 0.000969252, -0.000969252, 0.000969252, -0.000969252, 0.000969252, -0.000969252, 0.000969252, -0.000969252, 0.000969252, -0.000969252, 0.000969252, -0.000969252, 0.000969252, -0.000969252, 0.000969252, -0.000969252, 0.000969252, -0.000969252, 0.000969252, -0.000969252, 0.000969252, -0.000969252, 0.000969252, -0.000969252, 0.000969252, -0.000969252, 0.000969252, -0.000969252, 0.000969252, -0.000969252, 0.000969252, -0.000969252, 0.000969252, -0.000969252, 0.000969252, -0.000969252, 0.000969252, -0.000969252, 0.000969251, -0.000969252, 0.000969251, -0.000969253, 0.000969248, -0.00096926, 0.000969233, -0.000969295, 0.000969154, -0.000969466, 0.000968788, -0.000970236, 0.0009672, -0.000973444, 0.000960846, -0.00098578, 0.000937376, -0.00102954, 0.000857435, -0.0011726, 0.000606697, -0.00160293, -0.000116352, -0.00279194, -0.00202938, -0.00580236, -0.00666092, -0.0127656, -0.0168853, -0.0274183, -0.0373644, -0.0553049, -0.0743171, -0.102882, -0.133719, -0.174611, -0.217185, -0.267714, -0.315935, -0.36598, -0.405406, -0.436423, -0.445289, -0.433919, -0.389613, -0.31688, -0.20719, -0.0705875, 0.0950312, 0.273003, 0.459465, 0.633322, 0.788572, 0.904779, 0.979549, 0.998722, 0.968176, 0.883041, 0.758358, 0.597178, 0.420292, 0.233735, 0.0583362, -0.102553, -0.232934, -0.335636, -0.401305, -0.439057, -0.444815, -0.431538, -0.397399, -0.356091, -0.305247, -0.257096, -0.207264, -0.165786, -0.126187, -0.0966855, -0.0693845, -0.0514966, -0.0345072, -0.0253321, -0.0154011, -0.0117358, -0.0059636, -0.00534119, -0.00173135, -0.00260364, 0, 0, 0, 0, 0, 0, 0, 0, 0, 0, 0, 0, 0, 0, 0, 0, 0, 0, 0, 0, 0, 0, 0, 0, 0, 0, 0, 0, 0, 0, 0, 0, 0, 0, 0
0.000969252, -0.000969252, 0.000969252, -0.000969252, 0.000969252, -0.000969252, 0.000969252, -0.000969252, 0.000969252, -0.000969252, 0.000969252, -0.000969252, 0.000969252, -0.000969252, 0.000969252, -0.000969252, 0.000969252, -0.000969252, 0.000969252, -0.000969252, 0.000969252, -0.000969252, 0.000969252, -0.000969252, 0.000969252, -0.000969252, 0.000969252, -0.000969252, 0.000969252, -0.000969252, 0.000969252, -0.000969252, 0.000969252, -0.000969252, 0.000969252, -0.000969252, 0.000969252, -0.000969252, 0.000969252, -0.000969252, 0.000969252, -0.000969252, 0.000969252, -0.000969252, 0.000969252, -0.000969252, 0.000969252, -0.000969252, 0.000969252, -0.000969252, 0.000969252, -0.000969252, 0.000969252, -0.000969252, 0.000969252, -0.000969252, 0.000969252, -0.000969252, 0.000969252, -0.000969252, 0.000969252, -0.000969252, 0.000969252, -0.000969252, 0.000969252, -0.000969252, 0.000969252, -0.000969252, 0.000969252, -0.000969252, 0.000969252, -0.000969252, 0.000969252, -0.000969252, 0.000969252, -0.000969252, 0.000969252, -0.000969252, 0.000969251, -0.000969252, 0.000969251, -0.000969253, 0.000969248, -0.00096926, 0.000969233, -0.000969295, 0.000969154, -0.000969466, 0.000968788, -0.000970236, 0.0009672, -0.000973444, 0.000960846, -0.00098578, 0.000937376, -0.00102954, 0.000857435, -0.0011726, 0.000606697, -0.00160293, -0.000116352, -0.00279194, -0.00202938, -0.00580236, -0.00666092, -0.0127656, -0.0168853, -0.0274183, -0.0373644, -0.0553049, -0.0743171, -0.102882, -0.133719, -0.174611, -0.217185, -0.267714, -0.315935, -0.36598, -0.405406, -0.436423, -0.445289, -0.433919, -0.389613, -0.31688, -0.20719, -0.0705875, 0.0950312, 0.273003, 0.459465, 0.633322, 0.788572, 0.904779, 0.979549, 0.998722, 0.968176, 0.883041, 0.758358, 0.597178, 0.420292, 0.233735, 0.0583362, -0.102553, -0.232934, -0.335636, -0.401305, -0.439057, -0.444815, -0.431538, -0.397399, -0.356091, -0.305247, -0.257096, -0.207264, -0.165786, -0.126187, -0.0966855, -0.0693845, -0.0514966, -0.0345072, -0.0253321, -0.0154011, -0.0117358, -0.0059636, -0.00534119, -0.00173135, -0.00260364, 0, 0, 0, 0, 0, 0, 0, 0, 0, 0, 0, 0, 0, 0, 0, 0, 0, 0, 0, 0, 0, 0, 0, 0, 0, 0, 0, 0, 0, 0, 0, 0, 0, 0
-0.000969252, 0.000969252, -0.000969252, 0.000969252, -0.000969252, 0.000969252, -0.000969252, 0.000969252, -0.000969252, 0.000969252, -0.000969252, 0.000969252, -0.000969252, 0.000969252, -0.000969252, 0.000969252, -0.000969252, 0.000969252, -0.000969252, 0.000969252, -0.000969252, 0.000969252, -0.000969252, 0.000969252, -0.000969252, 0.000969252, -0.000969252, 0.000969252, -0.000969252, 0.000969252, -0.000969252, 0.000969252, -0.000969252, 0.000969252, -0.000969252, 0.000969252, -0.000969252, 0.000969252, -0.000969252, 0.000969252, -0.000969252, 0.000969252, -0.000969252, 0.000969252, -0.000969252, 0.000969252, -0.000969252, 0.000969252, -0.000969252, 0.000969252, -0.000969252, 0.000969252, -0.000969252, 0.000969252, -0.000969252, 0.000969252, -0.000969252, 0.000969252, -0.000969252, 0.000969252, -0.000969252, 0.000969252, -0.000969252, 0.000969252, -0.000969252, 0.000969252, -0.000969252, 0.000969252, -0.000969252, 0.000969252, -0.000969252, 0.000969252, -0.000969252, 0.000969252, -0.000969252, 0.000969252, -0.000969252, 0.000969252, -0.000969252, 0.000969251, -0.000969252, 0.000969251, -0.000969253, 0.000969248, -0.00096926, 0.000969233, -0.000969295, 0.000969154, -0.000969466, 0.000968788, -0.000970236, 0.0009672, -0.000973444, 0.000960846, -0.00098578, 0.000937376, -0.00102954, 0.000857435, -0.0011726, 0.000606697, -0.00160293, -0.000116352, -0.00279194, -0.00202938, -0.00580236, -0.00666092, -0.0127656, -0.0168853, -0.0274183, -0.0373644, -0.0553049, -0.0743171, -0.102882, -0.133719, -0.174611, -0.217185, -0.267714, -0.315935, -0.36598, -0.405406, -0.436423, -0.445289, -0.433919, -0.389613, -0.31688, -0.20719, -0.0705875, 0.0950312, 0.273003, 0.459465, 0.633322, 0.788572, 0.904779, 0.979549, 0.998722, 0.968176, 0.883041, 0.758358, 0.597178, 0.420292, 0.233735, 0.0583362, -0.102553, -0.232934, -0.335636, -0.401305, -0.439057, -0.444815, -0.431538, -0.397399, -0.356091, -0.305247, -0.257096, -0.207264, -0.165786, -0.126187, -0.0966855, -0.0693845, -0.0514966, -0.0345072, -0.0253321, -0.0154011, -0.0117358, -0.0059636, -0.00534119, -0.00173135, -0.00260364, 0, 0, 0, 0, 0, 0, 0, 0, 0, 0, 0, 0, 0, 0, 0, 0, 0, 0, 0, 0, 0, 0, 0, 0, 0, 0, 0, 0, 0, 0, 0, 0, 0
0.000969252, -0.000969252, 0.000969252, -0.000969252, 0.000969252, -0.000969252, 0.000969252, -0.000969252, 0.000969252, -0.000969252, 0.000969252, -0.000969252, 0.000969252, -0.000969252, 0.000969252, -0.000969252, 0.000969252, -0.000969252, 0.000969252, -0.000969252, 0.000969252, -0.000969252, 0.000969252, -0.000969252, 0.000969252, -0.000969252, 0.000969252, -0.000969252, 0.000969252, -0.000969252, 0.000969252, -0.000969252, 0.000969252, -0.000969252, 0.000969252, -0.000969252, 0.000969252, -0.000969252, 0.000969252, -0.000969252, 0.000969252, -0.000969252, 0.000969252, -0.000969252, 0.000969252, -0.000969252, 0.000969252, -0.000969252, 0.000969252, -0.000969252, 0.000969252, -0.000969252, 0.000969252, -0.000969252, 0.000969252, -0.000969252, 0.000969252, -0.000969252, 0.000969252, -0.000969252, 0.000969252, -0.000969252, 0.000969252, -0.000969252, 0.000969252, -0.000969252, 0.000969252, -0.000969252, 0.000969252, -0.000969252, 0.000969252, -0.000969252, 0.000969252, -0.000969252, 0.000969252, -0.000969252, 0.000969252, -0.000969252, 0.000969252, -0.000969252, 0.000969251, -0.000969252, 0.000969251, -0.000969253, 0.000969248, -0.00096926, 0.000969233, -0.000969295, 0.000969154, -0.000969466, 0.000968788, -0.000970236, 0.0009672, -0.000973444, 0.000960846, -0.00098578, 0.000937376, -0.00102954, 0.000857435, -0.0011726, 0.000606697, -0.00160293, -0.000116352, -0.00279194, -0.00202938, -0.00580236, -0.00666092, -0.0127656, -0.0168853, -0.0274183, -0.0373644, -0.0553049, -0.0743171, -0.102882, -0.133719, -0.174611, -0.217185, -0.267714, -0.315935, -0.36598, -0.405406, -0.436423, -0.445289, -0.433919, -0.389613, -0.31688, -0.20719, -0.0705875, 0.0950312, 0.273003, 0.459465, 0.633322, 0.788572, 0.904779, 0.979549, 0.998722, 0.968176, 0.883041, 0.758358, 0.597178, 0.420292, 0.233735, 0.0583362, -0.102553, -0.232934, -0.335636, -0.401305, -0.439057, -0.444815, -0.431538, -0.397399, -0.356091, -0.305247, -0.257096, -0.207264, -0.165786, -0.126187, -0.0966855, -0.0693845, -0.0514966, -0.0345072, -0.0253321, -0.0154011, -0.0117358, -0.0059636, -0.00534119, -0.00173135, -0.00260364, 0, 0, 0, 0, 0, 0, 0, 0, 0, 0, 0, 0, 0, 0, 0, 0, 0, 0, 0, 0, 0, 0, 0, 0, 0, 0, 0, 0, 0, 0, 0, 0
-0.000969252, 0.000969252, -0.000969252, 0.000969252, -0.000969252, 0.000969252, -0.000969252, 0.000969252, -0.000969252, 0.000969252, -0.000969252, 0.000969252, -0.000969252, 0.000969252, -0.000969252, 0.000969252, -0.000969252, 0.000969252, -0.000969252, 0.000969252, -0.000969252, 0.000969252, -0.000969252, 0.000969252, -0.000969252, 0.000969252, -0.000969252, 0.000969252, -0.000969252, 0.000969252, -0.000969252, 0.000969252, -0.000969252, 0.000969252, -0.000969252, 0.000969252, -0.000969252, 0.000969252, -0.000969252, 0.000969252, -0.000969252, 0.000969252, -0.000969252, 0.000969252, -0.000969252, 0.000969252, -0.000969252, 0.000969252, -0.000969252, 0.000969252, -0.000969252, 0.000969252, -0.000969252, 0.000969252, -0.000969252, 0.000969252, -0.000969252, 0.000969252, -0.000969252, 0.000969252, -0.000969252, 0.000969252, -0.000969252, 0.000969252, -0.000969252, 0.000969252, -0.000969252, 0.000969252, -0.000969252, 0.000969252, -0.000969252, 0.000969252, -0.000969252, 0.000969252, -0.000969252, 0.000969252, -0.000969252, 0.000969252, -0.000969252, 0.000969252, -0.000969252, 0.000969251, -0.000969252, 0.000969251, -0.000969253, 0.000969248, -0.00096926, 0.000969233, -0.000969295, 0.000969154, -0.000969466, 0.000968788, -0.000970236, 0.0009672, -0.000973444, 0.000960846, -0.00098578, 0.000937376, -0.00102954, 0.000857435, -0.0011726, 0.000606697, -0.00160293, -0.000116352, -0.00279194, -0.00202938, -0.00580236, -0.00666092, -0.0127656, -0.0168853, -0.0274183, -0.0373644, -0.0553049, -0.0743171, -0.102882, -0.133719, -0.174611, -0.217185, -0.267714, -0.315935, -0.36598, -0.405406, -0.436423, -0.445289, -0.433919, -0.389613, -0.31688, -0.20719, -0.0705875, 0.0950312, 0.273003, 0.459465, 0.633322, 0.788572, 0.904779, 0.979549, 0.998722, 0.968176, 0.883041, 0.758358, 0.597178, 0.420292, 0.233735, 0.0583362, -0.102553, -0.232934, -0.335636, -0.401305, -0.439057, -0.444815, -0.431538, -0.397399, -0.356091, -0.305247, -0.257096, -0.207264, -0.165786, -0.126187, -0.0966855, -0.0693845, -0.0514966, -0.0345072, -0.0253321, -0.0154011, -0.0117358, -0.0059636, -0.00534119, -0.00173135, -0.00260364, 0, 0, 0, 0, 0, 0, 0, 0, 0, 0, 0, 0, 0, 0, 0, 0, 0, 0, 0, 0, 0, 0, 0, 0, 0, 0, 0, 0, 0, 0, 0
0.000969252, -0.000969252, 0.000969252, -0.000969252, 0.000969252, -0.000969252, 0.000969252, -0.000969252, 0.000969252, -0.000969252, 0.000969252, -0.000969252, 0.000969252, -0.000969252, 0.000969252, -0.000969252, 0.000969252, -0.000969252, 0.000969252, -0.000969252, 0.000969252, -0.000969252, 0.000969252, -0.000969252, 0.000969252, -0.000969252, 0.000969252, -0.000969252, 0.000969252, -0.000969252, 0.000969252, -0.000969252, 0.000969252, -0.000969252, 0.000969252, -0.000969252, 0.000969252, -0.000969252, 0.000969252, -0.000969252, 0.000969252, -0.000969252, 0.000969252, -0.000969252, 0.000969252, -0.000969252, 0.000969252, -0.000969252, 0.000969252, -0.000969252, 0.000969252, -0.000969252, 0.000969252, -0.000969252, 0.000969252, -0.000969252, 0.000969252, -0.000969252, 0.000969252, -0.000969252, 0.000969252, -0.000969252, 0.000969252, -0.000969252, 0.000969252, -0.000969252, 0.000969252, -0.000969252, 0.000969252, -0.000969252, 0.000969252, -0.000969252, 0.000969252, -0.000969252, 0.000969252, -0.000969252, 0.000969252, -0.000969252, 0.000969252, -0.000969252, 0.000969252, -0.000969252, 0.000969251, -0.000969252, 0.000969251, -0.000969253, 0.000969248, -0.00096926, 0.000969233, -0.000969295, 0.000969154, -0.000969466, 0.000968788, -0.000970236, 0.0009672, -0.000973444, 0.000960846, -0.00098578, 0.000937376, -0.00102954, 0.000857435, -0.0011726, 0.000606697, -0.00160293, -0.000116352, -0.00279194, -0.00202938, -0.00580236, -0.00666092, -0.0127656, -0.0168853, -0.0274183, -0.0373644, -0.0553049, -0.0743171, -0.102882, -0.133719, -0.174611, -0.217185, -0.267714, -0.315935, -0.36598, -0.405406, -0.436423, -0.445289, -0.433919, -0.389613, -0.31688, -0.20719, -0.0705875, 0.0950312, 0.273003, 0.459465, 0.633322, 0.788572, 0.904779, 0.979549, 0.998722, 0.968176, 0.883041, 0.758358, 0.597178, 0.420292, 0.233735, 0.0583362, -0.102553, -0.232934, -0.335636, -0.401305, -0.439057, -0.444815, -0.431538, -0.397399, -0.356091, -0.305247, -0.257096, -0.207264, -0.165786, -0.126187, -0.0966855, -0.0693845, -0.0514966, -0.0345072, -0.0253321, -0.0154011, -0.0117358, -0.0059636, -0.00534119, -0.00173135, -0.00260364, 0, 0, 0, 0, 0, 0, 0, 0, 0, 0, 0, 0, 0, 0, 0, 0, 0, 0, 0, 0, 0, 0, 0, 0, 0, 0, 0, 0, 0, 0
-0.000969252, 0.000969252, -0.000969252, 0.000969252, -0.000969252, 0.000969252, -0.000969252, 0.000969252, -0.000969252, 0.000969252, -0.000969252, 0.000969252, -0.000969252, 0.000969252, -0.000969252, 0.000969252, -0.000969252, 0.000969252, -0.000969252, 0.000969252, -0.000969252, 0.000969252, -0.000969252, 0.000969252, -0.000969252, 0.000969252, -0.000969252, 0.000969252, -0.000969252, 0.000969252, -0.000969252, 0.000969252, -0.000969252, 0.000969252, -0.000969252, 0.000969252, -0.000969252, 0.000969252, -0.000969252, 0.000969252, -0.000969252, 0.000969252, -0.000969252, 0.000969252, -0.000969252, 0.000969252, -0.000969252, 0.000969252, -0.000969252, 0.000969252, -0.000969252, 0.000969252, -0.000969252, 0.000969252, -0.000969252, 0.000969252, -0.000969252, 0.000969252, -0.000969252, 0.000969252, -0.000969252, 0.000969252, -0.000969252, 0.000969252, -0.000969252, 0.000969252, -0.000969252, 0.000969252, -0.000969252, 0.000969252, -0.000969252, 0.000969252, -0.000969252, 0.000969252, -0.000969252, 0.000969252, -0.000969252, 0.000969252, -0.000969252, 0.000969252, -0.000969252, 0.000969252, -0.000969252, 0.000969251, -0.000969252, 0.000969251, -0.000969253, 0.000969248, -0.00096926, 0.000969233, -0.000969295, 0.000969154, -0.000969466, 0.000968788, -0.000970236, 0.0009672, -0.000973444, 0.000960846, -0.00098578, 0.000937376, -0.00102954, 0.000857435, -0.0011726, 0.000606697, -0.00160293, -0.000116352, -0.00279194, -0.00202938, -0.00580236, -0.00666092, -0.0127656, -0.0168853, -0.0274183, -0.0373644, -0.0553049, -0.0743171, -0.102882, -0.133719, -0.174611, -0.217185, -0.267714, -0.315935, -0.36598, -0.405406, -0.436423, -0.445289, -0.433919, -0.389613, -0.31688, -0.20719, -0.0705875, 0.0950312, 0.273003, 0.459465, 0.633322, 0.788572, 0.904779, 0.979549, 0.998722, 0.968176, 0.883041, 0.758358, 0.597178, 0.420292, 0.233735, 0.0583362, -0.102553, -0.232934, -0.335636, -0.401305, -0.439057, -0.444815, -0.431538, -0.397399, -0.356091, -0.305247, -0.257096, -0.207264, -0.165786, -0.126187, -0.0966855, -0.0693845, -0.0514966, -0.0345072, -0.0253321, -0.0154011, -0.0117358, -0.0059636, -0.00534119, -0.00173135, -0.00260364, 0, 0, 0, 0, 0, 0, 0, 0, 0, 0, 0, 0, 0, 0, 0, 0, 0, 0, 0, 0, 0, 0, 0, 0, 0, 0, 0, 0, 0
0.000969252, -0.000969252, 0.000969252, -0.000969252, 0.000969252, -0.000969252, 0.000969252, -0.000969252, 0.000969252, -0.000969252, 0.000969252, -0.000969252, 0.000969252, -0.000969252, 0.000969252, -0.000969252, 0.000969252, -0.000969252, 0.000969252, -0.000969252, 0.000969252, -0.000969252, 0.000969252, -0.000969252, 0.000969252, -0.000969252, 0.000969252, -0.000969252, 0.000969252, -0.000969252, 0.000969252, -0.000969252, 0.000969252, -0.000969252, 0.000969252, -0.000969252, 0.000969252, -0.000969252, 0.000969252, -0.000969252, 0.000969252, -0.000969252, 0.000969252, -0.000969252, 0.000969252, -0.000969252, 0.000969252, -0.000969252, 0.000969252, -0.000969252, 0.000969252, -0.000969252, 0.000969252, -0.000969252, 0.000969252, -0.000969252, 0.000969252, -0.000969252, 0.000969252, -0.000969252, 0.000969252, -0.000969252, 0.000969252, -0.000969252, 0.000969252, -0.000969252, 0.000969252, -0.000969252, 0.000969252, -0.000969252, 0.000969252, -0.000969252, 0.000969252, -0.000969252, 0.000969252, -0.000969252, 0.000969252, -0.000969252, 0.000969252, -0.000969252, 0.000969252, -0.000969252, 0.000969252, -0.000969252, 0.000969251, -0.000969252, 0.000969251, -0.000969253, 0.000969248, -0.00096926, 0.000969233, -0.000969295, 0.000969154, -0.000969466, 0.000968788, -0.000970236, 0.0009672, -0.000973444, 0.000960846, -0.00098578, 0.000937376, -0.00102954, 0.000857435, -0.0011726, 0.000606697, -0.00160293, -0.000116352, -0.00279194, -0.00202938, -0.00580236, -0.00666092, -0.0127656, -0.0168853, -0.0274183, -0.0373644, -0.0553049, -0.0743171, -0.102882, -0.133719, -0.174611, -0.217185, -0.267714, -0.315935, -0.36598, -0.405406, -0.436423, -0.445289, -0.433919, -0.389613, -0.31688, -0.20719, -0.0705875, 0.0950312, 0.273003, 0.459465, 0.633322, 0.788572, 0.904779, 0.979549, 0.998722, 0.968176, 0.883041, 0.758358, 0.597178, 0.420292, 0.233735, 0.0583362, -0.102553, -0.232934, -0.335636, -0.401305, -0.439057, -0.444815, -0.431538, -0.397399, -0.356091, -0.305247, -0.257096, -0.207264, -0.165786, -0.126187, -0.0966855, -0.0693845, -0.0514966, -0.0345072, -0.0253321, -0.0154011, -0.0117358, -0.0059636, -0.00534119, -0.00173135, -0.00260364, 0, 0, 0, 0, 0, 0, 0, 0, 0, 0, 0, 0, 0, 0, 0, 0, 0, 0, 0, 0, 0, 0, 0, 0, 0, 0, 0, 0
-0.000969252, 0.000969252, -0.000969252, 0.000969252, -0.000969252, 0.000969252, -0.000969252, 0.000969252, -0.000969252, 0.000969252, -0.000969252, 0.000969252, -0.000969252, 0.000969252, -0.000969252, 0.000969252, -0.000969252, 0.000969252, -0.000969252, 0.000969252, -0.000969252, 0.000969252, -0.000969252, 0.000969252, -0.000969252, 0.000969252, -0.000969252, 0.000969252, -0.000969252, 0.000969252, -0.000969252, 0.000969252, -0.000969252, 0.000969252, -0.000969252, 0.000969252, -0.000969252, 0.000969252, -0.000969252, 0.000969252, -0.000969252, 0.000969252, -0.000969252, 0.000969252, -0.000969252, 0.000969252, -0.000969252, 0.000969252, -0.000969252, 0.000969252, -0.000969252, 0.000969252, -0.000969252, 0.000969252, -0.000969252, 0.000969252, -0.000969252, 0.000969252, -0.000969252, 0.000969252, -0.000969252, 0.000969252, -0.000969252, 0.000969252, -0.000969252, 0.000969252, -0.000969252, 0.000969252, -0.000969252, 0.000969252, -0.000969252, 0.000969252, -0.000969252, 0.000969252, -0.000969252, 0.000969252, -0.000969252, 0.000969252, -0.000969252, 0.000969252, -0.000969252, 0.000969252, -0.000969252, 0.000969252, -0.000969252, 0.000969251, -0.000969252, 0.000969251, -0.000969253, 0.000969248, -0.00096926, 0.000969233, -0.000969295, 0.000969154, -0.000969466, 0.000968788, -0.000970236, 0.0009672, -0.000973444, 0.000960846, -0.00098578, 0.000937376, -0.00102954, 0.000857435, -0.0011726, 0.000606697, -0.00160293, -0.000116352, -0.00279194, -0.00202938, -0.00580236, -0.00666092, -0.0127656, -0.0168853, -0.0274183, -0.0373644, -0.0553049, -0.0743171, -0.102882, -0.133719, -0.174611, -0.217185, -0.267714, -0.315935, -0.36598, -0.405406, -0.436423, -0.445289, -0.433919, -0.389613, -0.31688, -0.20719, -0.0705875, 0.0950312, 0.273003, 0.459465, 0.633322, 0.788572, 0.904779, 0.979549, 0.998722, 0.968176, 0.883041, 0.758358, 0.597178, 0.420292, 0.233735, 0.0583362, -0.102553, -0.232934, -0.335636, -0.401305, -0.439057, -0.444815, -0.431538, -0.397399, -0.356091, -0.305247, -0.257096, -0.207264, -0.165786, -0.126187, -0.0966855, -0.0693845, -0.0514966, -0.0345072, -0.0253321, -0.0154011, -0.0117358, -0.0059636, -0.00534119, -0.00173135, -0.00260364, 0, 0, 0, 0, 0, 0, 0, 0, 0, 0, 0, 0, 0, 0, 0, 0, 0, 0, 0, 0, 0, 0, 0, 0, 0, 0, 0
0.000969252, -0.000969252, 0.000969252, -0.000969252, 0.000969252, -0.000969252, 0.000969252, -0.000969252, 0.000969252, -0.000969252, 0.000969252, -0.000969252, 0.000969252, -0.000969252, 0.000969252, -0.000969252, 0.000969252, -0.000969252, 0.000969252, -0.000969252, 0.000969252, -0.000969252, 0.000969252, -0.000969252, 0.000969252, -0.000969252, 0.000969252, -0.000969252, 0.000969252, -0.000969252, 0.000969252, -0.000969252, 0.000969252, -0.000969252, 0.000969252, -0.000969252, 0.000969252, -0.000969252, 0.000969252, -0.000969252, 0.000969252, -0.000969252, 0.000969252, -0.000969252, 0.000969252, -0.000969252, 0.000969252, -0.000969252, 0.000969252, -0.000969252, 0.000969252, -0.000969252, 0.000969252, -0.000969252, 0.000969252, -0.000969252, 0.000969252, -0.000969252, 0.000969252, -0.000969252, 0.000969252, -0.000969252, 0.000969252, -0.000969252, 0.000969252, -0.000969252, 0.000969252, -0.000969252, 0.000969252, -0.000969252, 0.000969252, -0.000969252, 0.000969252, -0.000969252, 0.000969252, -0.000969252, 0.000969252, -0.000969252, 0.000969252, -0.000969252, 0.000969252, -0.000969252, 0.000969252, -0.000969252, 0.000969252, -0.000969252, 0.000969251, -0.000969252, 0.000969251, -0.000969253, 0.000969248, -0.00096926, 0.000969233, -0.000969295, 0.000969154, -0.000969466, 0.000968788, -0.000970236, 0.0009672, -0.000973444, 0.000960846, -0.00098578, 0.000937376, -0.00102954, 0.000857435, -0.0011726, 0.000606697, -0.00160293, -0.000116352, -0.00279194, -0.00202938, -0.00580236, -0.00666092, -0.0127656, -0.0168853, -0.0274183, -0.0373644, -0.0553049, -0.0743171, -0.102882, -0.133719, -0.174611, -0.217185, -0.267714, -0.315935, -0.36598, -0.405406, -0.436423, -0.445289, -0.433919, -0.389613, -0.31688, -0.20719, -0.0705875, 0.0950312, 0.273003, 0.459465, 0.633322, 0.788572, 0.904779, 0.979549, 0.998722, 0.968176, 0.883041, 0.758358, 0.597178, 0.420292, 0.233735, 0.0583362, -0.102553, -0.232934, -0.335636, -0.401305, -0.439057, -0.444815, -0.431538, -0.397399, -0.356091, -0.305247, -0.257096, -0.207264, -0.165786, -0.126187, -0.0966855, -0.0693845, -0.0514966, -0.0345072, -0.0253321, -0.0154011, -0.0117358, -0.0059636, -0.00534119, -0.00173135, -0.00260364, 0, 0, 0, 0, 0, 0, 0, 0, 0, 0, 0, 0, 0, 0, 0, 0, 0, 0, 0, 0, 0, 0, 0, 0, 0, 0
-0.000969252, 0.000969252, -0.000969252, 0.000969252, -0.000969252, 0.000969252, -0.000969252, 0.000969252, -0.000969252, 0.000969252, -0.000969252, 0.000969252, -0.000969252, 0.000969252, -0.000969252, 0.000969252, -0.000969252, 0.000969252, -0.000969252, 0.000969252, -0.000969252, 0.000969252, -0.000969252, 0.000969252, -0.000969252, 0.000969252, -0.000969252, 0.000969252, -0.000969252, 0.000969252, -0.000969252, 0.000969252, -0.000969252, 0.000969252, -0.000969252, 0.000969252, -0.000969252, 0.000969252, -0.000969252, 0.000969252, -0.000969252, 0.000969252, -0.000969252, 0.000969252, -0.000969252, 0.000969252, -0.000969252, 0.000969252, -0.000969252, 0.000969252, -0.000969252, 0.000969252, -0.000969252, 0.000969252, -0.000969252, 0.000969252, -0.000969252, 0.000969252, -0.000969252, 0.000969252, -0.000969252, 0.000969252, -0.000969252, 0.000969252, -0.000969252, 0.000969252, -0.000969252, 0.000969252, -0.000969252, 0.000969252, -0.000969252, 0.000969252, -0.000969252, 0.000969252, -0.000969252, 0.000969252, -0.000969252, 0.000969252, -0.000969252, 0.000969252, -0.000969252, 0.000969252, -0.000969252, 0.000969252, -0.000969252, 0.000969252, -0.000969252, 0.000969251, -0.000969252, 0.000969251, -0.000969253, 0.000969248, -0.00096926, 0.000969233, -0.000969295, 0.000969154, -0.000969466, 0.000968788, -0.000970236, 0.0009672, -0.000973444, 0.000960846, -0.00098578, 0.000937376, -0.00102954, 0.000857435, -0.0011726, 0.000606697, -0.00160293, -0.000116352, -0.00279194, -0.00202938, -0.00580236, -0.00666092, -0.0127656, -0.0168853, -0.0274183, -0.0373644, -0.0553049, -0.0743171, -0.102882, -0.133719, -0.174611, -0.217185, -0.267714, -0.315935, -0.36598, -0.405406, -0.436423, -0.445289, -0.433919, -0.389613, -0.31688, -0.20719, -0.0705875, 0.0950312, 0.273003, 0.459465, 0.633322, 0.788572, 0.904779, 0.979549, 0.998722, 0.968176, 0.883041, 0.758358, 0.597178, 0.420292, 0.233735, 0.0583362, -0.102553, -0.232934, -0.335636, -0.401305, -0.439057, -0.444815, -0.431538, -0.397399, -0.356091, -0.305247, -0.257096, -0.207264, -0.165786, -0.126187, -0.0966855, -0.0693845, -0.0514966, -0.0345072, -0.0253321, -0.0154011, -0.0117358, -0.0059636, -0.00534119, -0.00173135, -0.00260364, 0, 0, 0, 0, 0, 0, 0, 0, 0, 0, 0, 0, 0, 0, 0, 0, 0, 0, 0, 0, 0, 0, 0, 0, 0
0.000969252, -0.000969252, 0.000969252, -0.000969252, 0.000969252, -0.000969252, 0.000969252, -0.000969252, 0.000969252, -0.000969252, 0.000969252, -0.000969252, 0.000969252, -0.000969252, 0.000969252, -0.000969252, 0.000969252, -0.000969252, 0.000969252, -0.000969252, 0.000969252, -0.000969252, 0.000969252, -0.000969252, 0.000969252, -0.000969252, 0.000969252, -0.000969252, 0.000969252, -0.000969252, 0.000969252, -0.000969252, 0.000969252, -0.000969252, 0.000969252, -0.000969252, 0.000969252, -0.000969252, 0.000969252, -0.000969252, 0.000969252, -0.000969252, 0.000969252, -0.000969252, 0.000969252, -0.000969252, 0.000969252, -0.000969252, 0.000969252, -0.000969252, 0.000969252, -0.000969252, 0.000969252, -0.000969252, 0.000969252, -0.000969252, 0.000969252, -0.000969252, 0.000969252, -0.000969252, 0.000969252, -0.000969252, 0.000969252, -0.000969252, 0.000969252, -0.000969252, 0.000969252, -0.000969252, 0.000969252, -0.000969252, 0.000969252, -0.000969252, 0.000969252, -0.000969252, 0.000969252, -0.000969252, 0.000969252, -0.000969252, 0.000969252, -0.000969252, 0.000969252, -0.000969252, 0.000969252, -0.000969252, 0.000969252, -0.000969252, 0.000969252, -0.000969252, 0.000969251, -0.000969252, 0.000969251, -0.000969253, 0.000969248, -0.00096926, 0.000969233, -0.000969295, 0.000969154, -0.000969466, 0.000968788, -0.000970236, 0.0009672, -0.000973444, 0.000960846, -0.00098578, 0.000937376, -0.00102954, 0.000857435, -0.0011726, 0.000606697, -0.00160293, -0.000116352, -0.00279194, -0.00202938, -0.00580236, -0.00666092, -0.0127656, -0.0168853, -0.0274183, -0.0373644, -0.0553049, -0.0743171, -0.102882, -0.133719, -0.174611, -0.217185, -0.267714, -0.315935, -0.36598, -0.405406, -0.436423, -0.445289, -0.433919, -0.389613, -0.31688, -0.20719, -0.0705875, 0.0950312, 0.273003, 0.459465, 0.633322, 0.788572, 0.904779, 0.979549, 0.998722, 0.968176, 0.883041, 0.758358, 0.597178, 0.420292, 0.233735, 0.0583362, -0.102553, -0.232934, -0.335636, -0.401305, -0.439057, -0.444815, -0.431538, -0.397399, -0.356091, -0.305247, -0.257096, -0.207264, -0.165786, -0.126187, -0.0966855, -0.0693845, -0.0514966, -0.0345072, -0.0253321, -0.0154011, -0.0117358, -0.0059636, -0.00534119, -0.00173135, -0.00260364, 0, 0, 0, 0, 0, 0, 0, 0, 0, 0, 0, 0, 0, 0, 0, 0, 0, 0, 0, 0, 0, 0, 0, 0
-0.000969252, 0.000969252, -0.000969252, 0.000969252, -0.000969252, 0.000969252, -0.000969252, 0.000969252, -0.000969252, 0.000969252, -0.000969252, 0.000969252, -0.000969252, 0.000969252, -0.000969252, 0.000969252, -0.000969252, 0.000969252, -0.000969252, 0.000969252, -0.000969252, 0.000969252, -0.000969252, 0.000969252, -0.000969252, 0.000969252, -0.000969252, 0.000969252, -0.000969252, 0.000969252, -0.000969252, 0.000969252, -0.000969252, 0.000969252, -0.000969252, 0.000969252, -0.000969252, 0.000969252, -0.000969252, 0.000969252, -0.000969252, 0.000969252, -0.000969252, 0.000969252, -0.000969252, 0.000969252, -0.000969252, 0.000969252, -0.000969252, 0.000969252, -0.000969252, 0.000969252, -0.000969252, 0.000969252, -0.000969252, 0.000969252, -0.000969252, 0.000969252, -0.000969252, 0.000969252, -0.000969252, 0.000969252, -0.000969252, 0.000969252, -0.000969252, 0.000969252, -0.000969252, 0.000969252, -0.000969252, 0.000969252, -0.000969252, 0.000969252, -0.000969252, 0.000969252, -0.000969252, 0.000969252, -0.000969252, 0.000969252, -0.000969252, 0.000969252, -0.000969252, 0.000969252, -0.000969252, 0.000969252, -0.000969252, 0.000969252, -0.000969252, 0.000969252, -0.000969252, 0.000969251, -0.000969252, 0.000969251, -0.000969253, 0.000969248, -0.00096926, 0.000969233, -0.000969295, 0.000969154, -0.000969466, 0.000968788, -0.000970236, 0.0009672, -0.000973444, 0.000960846, -0.00098578, 0.000937376, -0.00102954, 0.000857435, -0.0011726, 0.000606697, -0.00160293, -0.000116352, -0.00279194, -0.00202938, -0.00580236, -0.00666092, -0.0127656, -0.0168853, -0.0274183, -0.0373644, -0.0553049, -0.0743171, -0.102882, -0.133719, -0.174611, -0.217185, -0.267714, -0.315935, -0.36598, -0.405406, -0.436423, -0.445289, -0.433919, -0.389613, -0.31688, -0.20719, -0.0705875, 0.0950312, 0.273003, 0.459465, 0.633322, 0.788572, 0.904779, 0.979549, 0.998722, 0.968176, 0.883041, 0.758358, 0.597178, 0.420292, 0.233735, 0.0583362, -0.102553, -0.232934, -0.335636, -0.401305, -0.439057, -0.444815, -0.431538, -0.397399, -0.356091, -0.305247, -0.257096, -0.207264, -0.165786, -0.126187, -0.0966855, -0.0693845, -0.0514966, -0.0345072, -0.0253321, -0.0154011, -0.0117358, -0.0059636, -0.00534119, -0.00173135, -0.00260364, 0, 0, 0, 0, 0, 0, 0, 0, 0, 0, 0, 0, 0, 0, 0, 0, 0, 0, 0, 0, 0, 0, 0
0.000969252, -0.000969252, 0.000969252, -0.000969252, 0.000969252, -0.000969252, 0.000969252, -0.000969252, 0.000969252, -0.000969252, 0.000969252, -0.000969252, 0.000969252, -0.000969252, 0.000969252, -0.000969252, 0.000969252, -0.000969252, 0.000969252, -0.000969252, 0.000969252, -0.000969252, 0.000969252, -0.000969252, 0.000969252, -0.000969252, 0.000969252, -0.000969252, 0.000969252, -0.000969252, 0.000969252, -0.000969252, 0.000969252, -0.000969252, 0.000969252, -0.000969252, 0.000969252, -0.000969252, 0.000969252, -0.000969252, 0.000969252, -0.000969252, 0.000969252, -0.000969252, 0.000969252, -0.000969252, 0.000969252, -0.000969252, 0.000969252, -0.000969252, 0.000969252, -0.000969252, 0.000969252, -0.000969252, 0.000969252, -0.000969252, 0.000969252, -0.000969252, 0.000969252, -0.000969252, 0.000969252, -0.000969252, 0.000969252, -0.000969252, 0.000969252, -0.000969252, 0.000969252, -0.000969252, 0.000969252, -0.000969252, 0.000969252, -0.000969252, 0.000969252, -0.000969252, 0.000969252, -0.000969252, 0.000969252, -0.000969252, 0.000969252, -0.000969252, 0.000969252, -0.000969252, 0.000969252, -0.000969252, 0.000969252, -0.000969252, 0.000969252, -0.000969252, 0.000969252, -0.000969252, 0.000969251, -0.000969252, 0.000969251, -0.000969253, 0.000969248, -0.00096926, 0.000969233, -0.000969295, 0.000969154, -0.000969466, 0.000968788, -0.000970236, 0.0009672, -0.000973444, 0.000960846, -0.00098578, 0.000937376, -0.00102954, 0.000857435, -0.0011726, 0.000606697, -0.00160293, -0.000116352, -0.00279194, -0.00202938, -0.00580236, -0.00666092, -0.0127656, -0.0168853, -0.0274183, -0.0373644, -0.0553049, -0.0743171, -0.102882, -0.133719, -0.174611, -0.217185, -0.267714, -0.315935, -0.36598, -0.405406, -0.436423, -0.445289, -0.433919, -0.389613, -0.31688, -0.20719, -0.0705875, 0.0950312, 0.273003, 0.459465, 0.633322, 0.788572, 0.904779, 0.979549, 0.998722, 0.968176, 0.883041, 0.758358, 0.597178, 0.420292, 0.233735, 0.0583362, -0.102553, -0.232934, -0.335636, -0.401305, -0.439057, -0.444815, -0.431538, -0.397399, -0.356091, -0.305247, -0.257096, -0.207264, -0.165786, -0.126187, -0.0966855, -0.0693845, -0.0514966, -0.0345072, -0.0253321, -0.0154011, -0.0117358, -0.0059636, -0.00534119, -0.00173135, -0.00260364, 0, 0, 0, 0, 0, 0, 0, 0, 0, 0, 0, 0, 0, 0, 0, 0, 0, 0, 0, 0, 0, 0
-0.000969252, 0.000969252, -0.000969252, 0.000969252, -0.000969252, 0.000969252, -0.000969252, 0.000969252, -0.000969252, 0.000969252, -0.000969252, 0.000969252, -0.000969252, 0.000969252, -0.000969252, 0.000969252, -0.000969252, 0.000969252, -0.000969252, 0.000969252, -0.000969252, 0.000969252, -0.000969252, 0.000969252, -0.000969252, 0.000969252, -0.000969252, 0.000969252, -0.000969252, 0.000969252, -0.000969252, 0.000969252, -0.000969252, 0.000969252, -0.000969252, 0.000969252, -0.000969252, 0.000969252, -0.000969252, 0.000969252, -0.000969252, 0.000969252, -0.000969252, 0.000969252, -0.000969252, 0.000969252, -0.000969252, 0.000969252, -0.000969252, 0.000969252, -0.000969252, 0.000969252, -0.000969252, 0.000969252, -0.000969252, 0.000969252, -0.000969252, 0.000969252, -0.000969252, 0.000969252, -0.000969252, 0.000969252, -0.000969252, 0.000969252, -0.000969252, 0.000969252, -0.000969252, 0.000969252, -0.000969252, 0.000969252, -0.000969252, 0.000969252, -0.000969252, 0.000969252, -0.000969252, 0.000969252, -0.000969252, 0.000969252, -0.000969252, 0.000969252, -0.000969252, 0.000969252, -0.000969252, 0.000969252, -0.000969252, 0.000969252, -0.000969252, 0.000969252, -0.000969252, 0.000969252, -0.000969252, 0.000969251, -0.000969252, 0.000969251, -0.000969253, 0.000969248, -0.00096926, 0.000969233, -0.000969295, 0.000969154, -0.000969466, 0.000968788, -0.000970236, 0.0009672, -0.000973444, 0.000960846, -0.00098578, 0.000937376, -0.00102954, 0.000857435, -0.0011726, 0.000606697, -0.00160293, -0.000116352, -0.00279194, -0.00202938, -0.00580236, -0.00666092, -0.0127656, -0.0168853, -0.0274183, -0.0373644, -0.0553049, -0.0743171, -0.102882, -0.133719, -0.174611, -0.217185, -0.267714, -0.315935, -0.36598, -0.405406, -0.436423, -0.445289, -0.433919, -0.389613, -0.31688, -0.20719, -0.0705875, 0.0950312, 0.273003, 0.459465, 0.633322, 0.788572, 0.904779, 0.979549, 0.998722, 0.968176, 0.883041, 0.758358, 0.597178, 0.420292, 0.233735, 0.0583362, -0.102553, -0.232934, -0.335636, -0.401305, -0.439057, -0.444815, -0.431538, -0.397399, -0.356091, -0.305247, -0.257096, -0.207264, -0.165786, -0.126187, -0.0966855, -0.0693845, -0.0514966, -0.0345072, -0.0253321, -0.0154011, -0.0117358, -0.0059636, -0.00534119, -0.00173135, -0.00260364, 0, 0, 0, 0, 0, 0, 0, 0, 0, 0, 0, 0, 0, 0, 0, 0, 0, 0, 0, 0, 0
0.000969252, -0.000969252, 0.000969252, -0.000969252, 0.000969252, -0.000969252, 0.000969252, -0.000969252, 0.000969252, -0.000969252, 0.000969252, -0.000969252, 0.000969252, -0.000969252, 0.000969252, -0.000969252, 0.000969252, -0.000969252, 0.000969252, -0.000969252, 0.000969252, -0.000969252, 0.000969252, -0.000969252, 0.000969252, -0.000969252, 0.000969252, -0.000969252, 0.000969252, -0.000969252, 0.000969252, -0.000969252, 0.000969252, -0.000969252, 0.000969252, -0.000969252, 0.000969252, -0.000969252, 0.000969252, -0.000969252, 0.000969252, -0.000969252, 0.000969252, -0.000969252, 0.000969252, -0.000969252, 0.000969252, -0.000969252, 0.000969252, -0.000969252, 0.000969252, -0.000969252, 0.000969252, -0.000969252, 0.000969252, -0.000969252, 0.000969252, -0.000969252, 0.000969252, -0.000969252, 0.000969252, -0.000969252, 0.000969252, -0.000969252, 0.000969252, -0.000969252, 0.000969252, -0.000969252, 0.000969252, -0.000969252, 0.000969252, -0.000969252, 0.000969252, -0.000969252, 0.000969252, -0.000969252, 0.000969252, -0.000969252, 0.000969252, -0.000969252, 0.000969252, -0.000969252, 0.000969252, -0.000969252, 0.000969252, -0.000969252, 0.000969252, -0.000969252, 0.000969252, -0.000969252, 0.000969252, -0.000969252, 0.000969251, -0.000969252, 0.000969251, -0.000969253, 0.000969248, -0.00096926, 0.000969233, -0.000969295, 0.000969154, -0.000969466, 0.000968788, -0.000970236, 0.0009672, -0.000973444, 0.000960846, -0.00098578, 0.000937376, -0.00102954, 0.000857435, -0.0011726, 0.000606697, -0.00160293, -0.000116352, -0.00279194, -0.00202938, -0.00580236, -0.00666092, -0.0127656, -0.0168853, -0.0274183, -0.0373644, -0.0553049, -0.0743171, -0.102882, -0.133719, -0.174611, -0.217185, -0.267714, -0.315935, -0.36598, -0.405406, -0.436423, -0.445289, -0.433919, -0.389613, -0.31688, -0.20719, -0.0705875, 0.0950312, 0.273003, 0.459465, 0.633322, 0.788572, 0.904779, 0.979549, 0.998722, 0.968176, 0.883041, 0.758358, 0.597178, 0.420292, 0.233735, 0.0583362, -0.102553, -0.232934, -0.335636, -0.401305, -0.439057, -0.444815, -0.431538, -0.397399, -0.356091, -0.305247, -0.257096, -0.207264, -0.165786, -0.126187, -0.0966855, -0.0693845, -0.0514966, -0.0345072, -0.0253321, -0.0154011, -0.0117358, -0.0059636, -0.00534119, -0.00173135, -0.00260364, 0, 0, 0, 0, 0, 0, 0, 0, 0, 0, 0, 0, 0, 0, 0, 0, 0, 0, 0, 0
-0.000969252, 0.000969252, -0.000969252, 0.000969252, -0.000969252, 0.000969252, -0.000969252, 0.000969252, -0.000969252, 0.000969252, -0.000969252, 0.000969252, -0.000969252, 0.000969252, -0.000969252, 0.000969252, -0.000969252, 0.000969252, -0.000969252, 0.000969252, -0.000969252, 0.000969252, -0.000969252, 0.000969252, -0.000969252, 0.000969252, -0.000969252, 0.000969252, -0.000969252, 0.000969252, -0.000969252, 0.000969252, -0.000969252, 0.000969252, -0.000969252, 0.000969252, -0.000969252, 0.000969252, -0.000969252, 0.000969252, -0.000969252, 0.000969252, -0.000969252, 0.000969252, -0.000969252, 0.000969252, -0.000969252, 0.000969252, -0.000969252, 0.000969252, -0.000969252, 0.000969252, -0.000969252, 0.000969252, -0.000969252, 0.000969252, -0.000969252, 0.000969252, -0.000969252, 0.000969252, -0.000969252, 0.000969252, -0.000969252, 0.000969252, -0.000969252, 0.000969252, -0.000969252, 0.000969252, -0.000969252, 0.000969252, -0.000969252, 0.000969252, -0.000969252, 0.000969252, -0.000969252, 0.000969252, -0.000969252, 0.000969252, -0.000969252, 0.000969252, -0.000969252, 0.000969252, -0.000969252, 0.000969252, -0.000969252, 0.000969252, -0.000969252, 0.000969252, -0.000969252, 0.000969252, -0.000969252, 0.000969252, -0.000969252, 0.000969251, -0.000969252, 0.000969251, -0.000969253, 0.000969248, -0.00096926, 0.000969233, -0.000969295, 0.000969154, -0.000969466, 0.000968788, -0.000970236, 0.0009672, -0.000973444, 0.000960846, -0.00098578, 0.000937376, -0.00102954, 0.000857435, -0.0011726, 0.000606697, -0.00160293, -0.000116352, -0.00279194, -0.00202938, -0.00580236, -0.00666092, -0.0127656, -0.0168853, -0.0274183, -0.0373644, -0.0553049, -0.0743171, -0.102882, -0.133719, -0.174611, -0.217185, -0.267714, -0.315935, -0.36598, -0.405406, -0.436423, -0.445289, -0.433919, -0.389613, -0.31688, -0.20719, -0.0705875, 0.0950312, 0.273003, 0.459465, 0.633322, 0.788572, 0.904779, 0.979549, 0.998722, 0.968176, 0.883041, 0.758358, 0.597178, 0.420292, 0.233735, 0.0583362, -0.102553, -0.232934, -0.335636, -0.401305, -0.439057, -0.444815, -0.431538, -0.397399, -0.356091, -0.305247, -0.257096, -0.207264, -0.165786, -0.126187, -0.0966855, -0.0693845, -0.0514966, -0.0345072, -0.0253321, -0.0154011, -0.0117358, -0.0059636, -0.00534119, -0.00173135, -0.00260364, 0, 0, 0, 0, 0, 0, 0, 0, 0, 0, 0, 0, 0, 0, 0, 0, 0, 0, 0
0.000969252, -0.000969252, 0.000969252, -0.000969252, 0.000969252, -0.000969252, 0.000969252, -0.000969252, 0.000969252, -0.000969252, 0.000969252, -0.000969252, 0.000969252, -0.000969252, 0.000969252, -0.000969252, 0.000969252, -0.000969252, 0.000969252, -0.000969252, 0.000969252, -0.000969252, 0.000969252, -0.000969252, 0.000969252, -0.000969252, 0.000969252, -0.000969252, 0.000969252, -0.000969252, 0.000969252, -0.000969252, 0.000969252, -0.000969252, 0.000969252, -0.000969252, 0.000969252, -0.000969252, 0.000969252, -0.000969252, 0.000969252, -0.000969252, 0.000969252, -0.000969252, 0.000969252, -0.000969252, 0.000969252, -0.000969252, 0.000969252, -0.000969252, 0.000969252, -0.000969252, 0.000969252, -0.000969252, 0.000969252, -0.000969252, 0.000969252, -0.000969252, 0.000969252, -0.000969252, 0.000969252, -0.000969252, 0.000969252, -0.000969252, 0.000969252, -0.000969252, 0.000969252, -0.000969252, 0.000969252, -0.000969252, 0.000969252, -0.000969252, 0.000969252, -0.000969252, 0.000969252, -0.000969252, 0.000969252, -0.000969252, 0.000969252, -0.000969252, 0.000969252, -0.000969252, 0.000969252, -0.000969252, 0.000969252, -0.000969252, 0.000969252, -0.000969252, 0.000969252, -0.000969252, 0.000969252, -0.000969252, 0.000969252, -0.000969252, 0.000969251, -0.000969252, 0.000969251, -0.000969253, 0.000969248, -0.00096926, 0.000969233, -0.000969295, 0.000969154, -0.000969466, 0.000968788, -0.000970236, 0.0009672, -0.000973444, 0.000960846, -0.00098578, 0.000937376, -0.00102954, 0.000857435, -0.0011726, 0.000606697, -0.00160293, -0.000116352, -0.00279194, -0.00202938, -0.00580236, -0.00666092, -0.0127656, -0.0168853, -0.0274183, -0.0373644, -0.0553049, -0.0743171, -0.102882, -0.133719, -0.174611, -0.217185, -0.267714, -0.315935, -0.36598, -0.405406, -0.436423, -0.445289, -0.433919, -0.389613, -0.31688, -0.20719, -0.0705875, 0.0950312, 0.273003, 0.459465, 0.633322, 0.788572, 0.904779, 0.979549, 0.998722, 0.968176, 0.883041, 0.758358, 0.597178, 0.420292, 0.233735, 0.0583362, -0.102553, -0.232934, -0.335636, -0.401305, -0.439057, -0.444815, -0.431538, -0.397399, -0.356091, -0.305247, -0.257096, -0.207264, -0.165786, -0.126187, -0.0966855, -0.0693845, -0.0514966, -0.0345072, -0.0253321, -0.0154011, -0.0117358, -0.0059636, -0.00534119, -0.00173135, -0.00260364, 0, 0, 0, 0, 0, 0, 0, 0, 0, 0, 0, 0, 0, 0, 0, 0, 0, 0
-0.000969252, 0.000969252, -0.000969252, 0.000969252, -0.000969252, 0.000969252, -0.000969252, 0.000969252, -0.000969252, 0.000969252, -0.000969252, 0.000969252, -0.000969252, 0.000969252, -0.000969252, 0.000969252, -0.000969252, 0.000969252, -0.000969252, 0.000969252, -0.000969252, 0.000969252, -0.000969252, 0.000969252, -0.000969252, 0.000969252, -0.000969252, 0.000969252, -0.000969252, 0.000969252, -0.000969252, 0.000969252, -0.000969252, 0.000969252, -0.000969252, 0.000969252, -0.000969252, 0.000969252, -0.000969252, 0.000969252, -0.000969252, 0.000969252, -0.000969252, 0.000969252, -0.000969252, 0.000969252, -0.000969252, 0.000969252, -0.000969252, 0.000969252, -0.000969252, 0.000969252, -0.000969252, 0.000969252, -0.000969252, 0.000969252, -0.000969252, 0.000969252, -0.000969252, 0.000969252, -0.000969252, 0.000969252, -0.000969252, 0.000969252, -0.000969252, 0.000969252, -0.000969252, 0.000969252, -0.000969252, 0.000969252, -0.000969252, 0.000969252, -0.000969252, 0.000969252, -0.000969252, 0.000969252, -0.000969252, 0.000969252, -0.000969252, 0.000969252, -0.000969252, 0.000969252, -0.000969252, 0.000969252, -0.000969252, 0.000969252, -0.000969252, 0.000969252, -0.000969252, 0.000969252, -0.000969252, 0.000969252, -0.000969252, 0.000969252, -0.000969252, 0.000969251, -0.000969252, 0.000969251, -0.000969253, 0.000969248, -0.00096926, 0.000969233, -0.000969295, 0.000969154, -0.000969466, 0.000968788, -0.000970236, 0.0009672, -0.000973444, 0.000960846, -0.00098578, 0.000937376, -0.00102954, 0.000857435, -0.0011726, 0.000606697, -0.00160293, -0.000116352, -0.00279194, -0.00202938, -0.00580236, -0.00666092, -0.0127656, -0.0168853, -0.0274183, -0.0373644, -0.0553049, -0.0743171, -0.102882, -0.133719, -0.174611, -0.217185, -0.267714, -0.315935, -0.36598, -0.405406, -0.436423, -0.445289, -0.433919, -0.389613, -0.31688, -0.20719, -0.0705875, 0.0950312, 0.273003, 0.459465, 0.633322, 0.788572, 0.904779, 0.979549, 0.998722, 0.968176, 0.883041, 0.758358, 0.597178, 0.420292, 0.233735, 0.0583362, -0.102553, -0.232934, -0.335636, -0.401305, -0.439057, -0.444815, -0.431538, -0.397399, -0.356091, -0.305247, -0.257096, -0.207264, -0.165786, -0.126187, -0.0966855, -0.0693845, -0.0514966, -0.0345072, -0.0253321, -0.0154011, -0.0117358, -0.0059636, -0.00534119, -0.00173135, -0.00260364, 0, 0, 0, 0, 0, 0, 0, 0, 0, 0, 0, 0, 0, 0, 0, 0, 0
0.000969252, -0.000969252, 0.000969252, -0.000969252, 0.000969252, -0.000969252, 0.000969252, -0.000969252, 0.000969252, -0.000969252, 0.000969252, -0.000969252, 0.000969252, -0.000969252, 0.000969252, -0.000969252, 0.000969252, -0.000969252, 0.000969252, -0.000969252, 0.000969252, -0.000969252, 0.000969252, -0.000969252, 0.000969252, -0.000969252, 0.000969252, -0.000969252, 0.000969252, -0.000969252, 0.000969252, -0.000969252, 0.000969252, -0.000969252, 0.000969252, -0.000969252, 0.000969252, -0.000969252, 0.000969252, -0.000969252, 0.000969252, -0.000969252, 0.000969252, -0.000969252, 0.000969252, -0.000969252, 0.000969252, -0.000969252, 0.000969252, -0.000969252, 0.000969252, -0.000969252, 0.000969252, -0.000969252, 0.000969252, -0.000969252, 0.000969252, -0.000969252, 0.000969252, -0.000969252, 0.000969252, -0.000969252, 0.000969252, -0.000969252, 0.000969252, -0.000969252, 0.000969252, -0.000969252, 0.000969252, -0.000969252, 0.000969252, -0.000969252, 0.000969252, -0.000969252, 0.000969252, -0.000969252, 0.000969252, -0.000969252, 0.000969252, -0.000969252, 0.000969252, -0.000969252, 0.000969252, -0.000969252, 0.000969252, -0.000969252, 0.000969252, -0.000969252, 0.000969252, -0.000969252, 0.000969252, -0.000969252, 0.000969252, -0.000969252, 0.000969252, -0.000969252, 0.000969251, -0.000969252, 0.000969251, -0.000969253, 0.000969248, -0.00096926, 0.000969233, -0.000969295, 0.000969154, -0.000969466, 0.000968788, -0.000970236, 0.0009672, -0.000973444, 0.000960846, -0.00098578, 0.000937376, -0.00102954, 0.000857435, -0.0011726, 0.000606697, -0.00160293, -0.000116352, -0.00279194, -0.00202938, -0.00580236, -0.00666092, -0.0127656, -0.0168853, -0.0274183, -0.0373644, -0.0553049, -0.0743171, -0.102882, -0.133719, -0.174611, -0.217185, -0.267714, -0.315935, -0.36598, -0.405406, -0.436423, -0.445289, -0.433919, -0.389613, -0.31688, -0.20719, -0.0705875, 0.0950312, 0.273003, 0.459465, 0.633322, 0.788572, 0.904779, 0.979549, 0.998722, 0.968176, 0.883041, 0.758358, 0.597178, 0.420292, 0.233735, 0.0583362, -0.102553, -0.232934, -0.335636, -0.401305, -0.439057, -0.444815, -0.431538, -0.397399, -0.356091, -0.305247, -0.257096, -0.207264, -0.165786, -0.126187, -0.0966855, -0.0693845, -0.0514966, -0.0345072, -0.0253321, -0.0154011, -0.0117358, -0.0059636, -0.00534119, -0.00173135, -0.00260364, 0, 0, 0, 0, 0, 0, 0, 0, 0, 0, 0, 0, 0, 0, 0, 0
-0.000969252, 0.000969252, -0.000969252, 0.000969252, -0.000969252, 0.000969252, -0.000969252, 0.000969252, -0.000969252, 0.000969252, -0.000969252, 0.000969252, -0.000969252, 0.000969252, -0.000969252, 0.000969252, -0.000969252, 0.000969252, -0.000969252, 0.000969252, -0.000969252, 0.000969252, -0.000969252, 0.000969252, -0.000969252, 0.000969252, -0.000969252, 0.000969252, -0.000969252, 0.000969252, -0.000969252, 0.000969252, -0.000969252, 0.000969252, -0.000969252, 0.000969252, -0.000969252, 0.000969252, -0.000969252, 0.000969252, -0.000969252, 0.000969252, -0.000969252, 0.000969252, -0.000969252, 0.000969252, -0.000969252, 0.000969252, -0.000969252, 0.000969252, -0.000969252, 0.000969252, -0.000969252, 0.000969252, -0.000969252, 0.000969252, -0.000969252, 0.000969252, -0.000969252, 0.000969252, -0.000969252, 0.000969252, -0.000969252, 0.000969252, -0.000969252, 0.000969252, -0.000969252, 0.000969252, -0.000969252, 0.000969252, -0.000969252, 0.000969252, -0.000969252, 0.000969252, -0.000969252, 0.000969252, -0.000969252, 0.000969252, -0.000969252, 0.000969252, -0.000969252, 0.000969252, -0.000969252, 0.000969252, -0.000969252, 0.000969252, -0.000969252, 0.000969252, -0.000969252, 0.000969252, -0.000969252, 0.000969252, -0.000969252, 0.000969252, -0.000969252, 0.000969252, -0.000969252, 0.000969251, -0.000969252, 0.000969251, -0.000969253, 0.000969248, -0.00096926, 0.000969233, -0.000969295, 0.000969154, -0.000969466, 0.000968788, -0.000970236, 0.0009672, -0.000973444, 0.000960846, -0.00098578, 0.000937376, -0.00102954, 0.000857435, -0.0011726, 0.000606697, -0.00160293, -0.000116352, -0.00279194, -0.00202938, -0.00580236, -0.00666092, -0.0127656, -0.0168853, -0.0274183, -0.0373644, -0.0553049, -0.0743171, -0.102882, -0.133719, -0.174611, -0.217185, -0.267714, -0.315935, -0.36598, -0.405406, -0.436423, -0.445289, -0.433919, -0.389613, -0.31688, -0.20719, -0.0705875, 0.0950312, 0.273003, 0.459465, 0.633322, 0.788572, 0.904779, 0.979549, 0.998722, 0.968176, 0.883041, 0.758358, 0.597178, 0.420292, 0.233735, 0.0583362, -0.102553, -0.232934, -0.335636, -0.401305, -0.439057, -0.444815, -0.431538, -0.397399, -0.356091, -0.305247, -0.257096, -0.207264, -0.165786, -0.126187, -0.0966855, -0.0693845, -0.0514966, -0.0345072, -0.0253321, -0.0154011, -0.0117358, -0.0059636, -0.00534119, -0.00173135, -0.00260364, 0, 0, 0, 0, 0, 0, 0, 0, 0, 0, 0, 0, 0, 0, 0
0.000969252, -0.000969252, 0.000969252, -0.000969252, 0.000969252, -0.000969252, 0.000969252, -0.000969252, 0.000969252, -0.000969252, 0.000969252, -0.000969252, 0.000969252, -0.000969252, 0.000969252, -0.000969252, 0.000969252, -0.000969252, 0.000969252, -0.000969252, 0.000969252, -0.000969252, 0.000969252, -0.000969252, 0.000969252, -0.000969252, 0.000969252, -0.000969252, 0.000969252, -0.000969252, 0.000969252, -0.000969252, 0.000969252, -0.000969252, 0.000969252, -0.000969252, 0.000969252, -0.000969252, 0.000969252, -0.000969252, 0.000969252, -0.000969252, 0.000969252, -0.000969252, 0.000969252, -0.000969252, 0.000969252, -0.000969252, 0.000969252, -0.000969252, 0.000969252, -0.000969252, 0.000969252, -0.000969252, 0.000969252, -0.000969252, 0.000969252, -0.000969252, 0.000969252, -0.000969252, 0.000969252, -0.000969252, 0.000969252, -0.000969252, 0.000969252, -0.000969252, 0.000969252, -0.000969252, 0.000969252, -0.000969252, 0.000969252, -0.000969252, 0.000969252, -0.000969252, 0.000969252, -0.000969252, 0.000969252, -0.000969252, 0.000969252, -0.000969252, 0.000969252, -0.000969252, 0.000969252, -0.000969252, 0.000969252, -0.000969252, 0.000969252, -0.000969252, 0.000969252, -0.000969252, 0.000969252, -0.000969252, 0.000969252, -0.000969252, 0.000969252, -0.000969252, 0.000969252, -0.000969252, 0.000969251, -0.000969252, 0.000969251, -0.000969253, 0.000969248, -0.00096926, 0.000969233, -0.000969295, 0.000969154, -0.000969466, 0.000968788, -0.000970236, 0.0009672, -0.000973444, 0.000960846, -0.00098578, 0.000937376, -0.00102954, 0.000857435, -0.0011726, 0.000606697, -0.00160293, -0.000116352, -0.00279194, -0.00202938, -0.00580236, -0.00666092, -0.0127656, -0.0168853, -0.0274183, -0.0373644, -0.0553049, -0.0743171, -0.102882, -0.133719, -0.174611, -0.217185, -0.267714, -0.315935, -0.36598, -0.405406, -0.436423, -0.445289, -0.433919, -0.389613, -0.31688, -0.20719, -0.0705875, 0.0950312, 0.273003, 0.459465, 0.633322, 0.788572, 0.904779, 0.979549, 0.998722, 0.968176, 0.883041, 0.758358, 0.597178, 0.420292, 0.233735, 0.0583362, -0.102553, -0.232934, -0.335636, -0.401305, -0.439057, -0.444815, -0.431538, -0.397399, -0.356091, -0.305247, -0.257096, -0.207264, -0.165786, -0.126187, -0.0966855, -0.0693845, -0.0514966, -0.0345072, -0.0253321, -0.0154011, -0.0117358, -0.0059636, -0.00534119, -0.00173135, -0.00260364, 0, 0, 0, 0, 0, 0, 0, 0, 0, 0, 0, 0, 0, 0
-0.000969252, 0.000969252, -0.000969252, 0.000969252, -0.000969252, 0.000969252, -0.000969252, 0.000969252, -0.000969252, 0.000969252, -0.000969252, 0.000969252, -0.000969252, 0.000969252, -0.000969252, 0.000969252, -0.000969252, 0.000969252, -0.000969252, 0.000969252, -0.000969252, 0.000969252, -0.000969252, 0.000969252, -0.000969252, 0.000969252, -0.000969252, 0.000969252, -0.000969252, 0.000969252, -0.000969252, 0.000969252, -0.000969252, 0.000969252, -0.000969252, 0.000969252, -0.000969252, 0.000969252, -0.000969252, 0.000969252, -0.000969252, 0.000969252, -0.000969252, 0.000969252, -0.000969252, 0.000969252, -0.000969252, 0.000969252, -0.000969252, 0.000969252, -0.000969252, 0.000969252, -0.000969252, 0.000969252, -0.000969252, 0.000969252, -0.000969252, 0.000969252, -0.000969252, 0.000969252, -0.000969252, 0.000969252, -0.000969252, 0.000969252, -0.000969252, 0.000969252, -0.000969252, 0.000969252, -0.000969252, 0.000969252, -0.000969252, 0.000969252, -0.000969252, 0.000969252, -0.000969252, 0.000969252, -0.000969252, 0.000969252, -0.000969252, 0.000969252, -0.000969252, 0.000969252, -0.000969252, 0.000969252, -0.000969252, 0.000969252, -0.000969252, 0.000969252, -0.000969252, 0.000969252, -0.000969252, 0.000969252, -0.000969252, 0.000969252, -0.000969252, 0.000969252, -0.000969252, 0.000969252, -0.000969252, 0.000969251, -0.000969252, 0.000969251, -0.000969253, 0.000969248, -0.00096926, 0.000969233, -0.000969295, 0.000969154, -0.000969466, 0.000968788, -0.000970236, 0.0009672, -0.000973444, 0.000960846, -0.00098578, 0.000937376, -0.00102954, 0.000857435, -0.0011726, 0.000606697, -0.00160293, -0.000116352, -0.00279194, -0.00202938, -0.00580236, -0.00666092, -0.0127656, -0.0168853, -0.0274183, -0.0373644, -0.0553049, -0.0743171, -0.102882, -0.133719, -0.174611, -0.217185, -0.267714, -0.315935, -0.36598, -0.405406, -0.436423, -0.445289, -0.433919, -0.389613, -0.31688, -0.20719, -0.0705875, 0.0950312, 0.273003, 0.459465, 0.633322, 0.788572, 0.904779, 0.979549, 0.998722, 0.968176, 0.883041, 0.758358, 0.597178, 0.420292, 0.233735, 0.0583362, -0.102553, -0.232934, -0.335636, -0.401305, -0.439057, -0.444815, -0.431538, -0.397399, -0.356091, -0.305247, -0.257096, -0.207264, -0.165786, -0.126187, -0.0966855, -0.0693845, -0.0514966, -0.0345072, -0.0253321, -0.0154011, -0.0117358, -0.0059636, -0.00534119, -0.00173135, -0.00260364, 0, 0, 0, 0, 0, 0, 0, 0, 0, 0, 0, 0, 0
0.000969252, -0.000969252, 0.000969252, -0.000969252, 0.000969252, -0.000969252, 0.000969252, -0.000969252, 0.000969252, -0.000969252, 0.000969252, -0.000969252, 0.000969252, -0.000969252, 0.000969252, -0.000969252, 0.000969252, -0.000969252, 0.000969252, -0.000969252, 0.000969252, -0.000969252, 0.000969252, -0.000969252, 0.000969252, -0.000969252, 0.000969252, -0.000969252, 0.000969252, -0.000969252, 0.000969252, -0.000969252, 0.000969252, -0.000969252, 0.000969252, -0.000969252, 0.000969252, -0.000969252, 0.000969252, -0.000969252, 0.000969252, -0.000969252, 0.000969252, -0.000969252, 0.000969252, -0.000969252, 0.000969252, -0.000969252, 0.000969252, -0.000969252, 0.000969252, -0.000969252, 0.000969252, -0.000969252, 0.000969252, -0.000969252, 0.000969252, -0.000969252, 0.000969252, -0.000969252, 0.000969252, -0.000969252, 0.000969252, -0.000969252, 0.000969252, -0.000969252, 0.000969252, -0.000969252, 0.000969252, -0.000969252, 0.000969252, -0.000969252, 0.000969252, -0.000969252, 0.000969252, -0.000969252, 0.000969252, -0.000969252, 0.000969252, -0.000969252, 0.000969252, -0.000969252, 0.000969252, -0.000969252, 0.000969252, -0.000969252, 0.000969252, -0.000969252, 0.000969252, -0.000969252, 0.000969252, -0.000969252, 0.000969252, -0.000969252, 0.000969252, -0.000969252, 0.000969252, -0.000969252, 0.000969252, -0.000969252, 0.000969251, -0.000969252, 0.000969251, -0.000969253, 0.000969248, -0.00096926, 0.000969233, -0.000969295, 0.000969154, -0.000969466, 0.000968788, -0.000970236, 0.0009672, -0.000973444, 0.000960846, -0.00098578, 0.000937376, -0.00102954, 0.000857435, -0.0011726, 0.000606697, -0.00160293, -0.000116352, -0.00279194, -0.00202938, -0.00580236, -0.00666092, -0.0127656, -0.0168853, -0.0274183, -0.0373644, -0.0553049, -0.0743171, -0.102882, -0.133719, -0.174611, -0.217185, -0.267714, -0.315935, -0.36598, -0.405406, -0.436423, -0.445289, -0.433919, -0.389613, -0.31688, -0.20719, -0.0705875, 0.0950312, 0.273003, 0.459465, 0.633322, 0.788572, 0.904779, 0.979549, 0.998722, 0.968176, 0.883041, 0.758358, 0.597178, 0.420292, 0.233735, 0.0583362, -0.102553, -0.232934, -0.335636, -0.401305, -0.439057, -0.444815, -0.431538, -0.397399, -0.356091, -0.305247, -0.257096, -0.207264, -0.165786, -0.126187, -0.0966855, -0.0693845, -0.0514966, -0.0345072, -0.0253321, -0.0154011, -0.0117358, -0.0059636, -0.00534119, -0.00173135, -0.00260364, 0, 0, 0, 0, 0, 0, 0, 0, 0, 0, 0, 0
-0.000969252, 0.000969252, -0.000969252, 0.000969252, -0.000969252, 0.000969252, -0.000969252, 0.000969252, -0.000969252, 0.000969252, -0.000969252, 0.000969252, -0.000969252, 0.000969252, -0.000969252, 0.000969252, -0.000969252, 0.000969252, -0.000969252, 0.000969252, -0.000969252, 0.000969252, -0.000969252, 0.000969252, -0.000969252, 0.000969252, -0.000969252, 0.000969252, -0.000969252, 0.000969252, -0.000969252, 0.000969252, -0.000969252, 0.000969252, -0.000969252, 0.000969252, -0.000969252, 0.000969252, -0.000969252, 0.000969252, -0.000969252, 0.000969252, -0.000969252, 0.000969252, -0.000969252, 0.000969252, -0.000969252, 0.000969252, -0.000969252, 0.000969252, -0.000969252, 0.000969252, -0.000969252, 0.000969252, -0.000969252, 0.000969252, -0.000969252, 0.000969252, -0.000969252, 0.000969252, -0.000969252, 0.000969252, -0.000969252, 0.000969252, -0.000969252, 0.000969252, -0.000969252, 0.000969252, -0.000969252, 0.000969252, -0.000969252, 0.000969252, -0.000969252, 0.000969252, -0.000969252, 0.000969252, -0.000969252, 0.000969252, -0.000969252, 0.000969252, -0.000969252, 0.000969252, -0.000969252, 0.000969252, -0.000969252, 0.000969252, -0.000969252, 0.000969252, -0.000969252, 0.000969252, -0.000969252, 0.000969252, -0.000969252, 0.000969252, -0.000969252, 0.000969252, -0.000969252, 0.000969252, -0.000969252, 0.000969252, -0.000969252, 0.000969251, -0.000969252, 0.000969251, -0.000969253, 0.000969248, -0.00096926, 0.000969233, -0.000969295, 0.000969154, -0.000969466, 0.000968788, -0.000970236, 0.0009672, -0.000973444, 0.000960846, -0.00098578, 0.000937376, -0.00102954, 0.000857435, -0.0011726, 0.000606697, -0.00160293, -0.000116352, -0.00279194, -0.00202938, -0.00580236, -0.00666092, -0.0127656, -0.0168853, -0.0274183, -0.0373644, -0.0553049, -0.0743171, -0.102882, -0.133719, -0.174611, -0.217185, -0.267714, -0.315935, -0.36598, -0.405406, -0.436423, -0.445289, -0.433919, -0.389613, -0.31688, -0.20719, -0.0705875, 0.0950312, 0.273003, 0.459465, 0.633322, 0.788572, 0.904779, 0.979549, 0.998722, 0.968176, 0.883041, 0.758358, 0.597178, 0.420292, 0.233735, 0.0583362, -0.102553, -0.232934, -0.335636, -0.401305, -0.439057, -0.444815, -0.431538, -0.397399, -0.356091, -0.305247, -0.257096, -0.207264, -0.165786, -0.126187, -0.0966855, -0.0693845, -0.0514966, -0.0345072, -0.0253321, -0.0154011, -0.0117358, -0.0059636, -0.00534119, -0.00173135, -0.00260364, 0, 0, 0, 0, 0, 0, 0, 0, 0, 0, 0
0.000969252, -0.000969252, 0.000969252, -0.000969252, 0.000969252, -0.000969252, 0.000969252, -0.000969252, 0.000969252, -0.000969252, 0.000969252, -0.000969252, 0.000969252, -0.000969252, 0.000969252, -0.000969252, 0.000969252, -0.000969252, 0.000969252, -0.000969252, 0.000969252, -0.000969252, 0.000969252, -0.000969252, 0.000969252, -0.000969252, 0.000969252, -0.000969252, 0.000969252, -0.000969252, 0.000969252, -0.000969252, 0.000969252, -0.000969252, 0.000969252, -0.000969252, 0.000969252, -0.000969252, 0.000969252, -0.000969252, 0.000969252, -0.000969252, 0.000969252, -0.000969252, 0.000969252, -0.000969252, 0.000969252, -0.000969252, 0.000969252, -0.000969252, 0.000969252, -0.000969252, 0.000969252, -0.000969252, 0.000969252, -0.000969252, 0.000969252, -0.000969252, 0.000969252, -0.000969252, 0.000969252, -0.000969252, 0.000969252, -0.000969252, 0.000969252, -0.000969252, 0.000969252, -0.000969252, 0.000969252, -0.000969252, 0.000969252, -0.000969252, 0.000969252, -0.000969252, 0.000969252, -0.000969252, 0.000969252, -0.000969252, 0.000969252, -0.000969252, 0.000969252, -0.000969252, 0.000969252, -0.000969252, 0.000969252, -0.000969252, 0.000969252, -0.000969252, 0.000969252, -0.000969252, 0.000969252, -0.000969252, 0.000969252, -0.000969252, 0.000969252, -0.000969252, 0.000969252, -0.000969252, 0.000969252, -0.000969252, 0.000969252, -0.000969252, 0.000969251, -0.000969252, 0.000969251, -0.000969253, 0.000969248, -0.00096926, 0.000969233, -0.000969295, 0.000969154, -0.000969466, 0.000968788, -0.000970236, 0.0009672, -0.000973444, 0.000960846, -0.00098578, 0.000937376, -0.00102954, 0.000857435, -0.0011726, 0.000606697, -0.00160293, -0.000116352, -0.00279194, -0.00202938, -0.00580236, -0.00666092, -0.0127656, -0.0168853, -0.0274183, -0.0373644, -0.0553049, -0.0743171, -0.102882, -0.133719, -0.174611, -0.217185, -0.267714, -0.315935, -0.36598, -0.405406, -0.436423, -0.445289, -0.433919, -0.389613, -0.31688, -0.20719, -0.0705875, 0.0950312, 0.273003, 0.459465, 0.633322, 0.788572, 0.904779, 0.979549, 0.998722, 0.968176, 0.883041, 0.758358, 0.597178, 0.420292, 0.233735, 0.0583362, -0.102553, -0.232934, -0.335636, -0.401305, -0.439057, -0.444815, -0.431538, -0.397399, -0.356091, -0.305247, -0.257096, -0.207264, -0.165786, -0.126187, -0.0966855, -0.0693845, -0.0514966, -0.0345072, -0.0253321, -0.0154011, -0.0117358, -0.0059636, -0.00534119, -0.00173135, -0.00260364, 0, 0, 0, 0, 0, 0, 0, 0, 0, 0
-0.000969252, 0.000969252, -0.000969252, 0.000969252, -0.000969252, 0.000969252, -0.000969252, 0.000969252, -0.000969252, 0.000969252, -0.000969252, 0.000969252, -0.000969252, 0.000969252, -0.000969252, 0.000969252, -0.000969252, 0.000969252, -0.000969252, 0.000969252, -0.000969252, 0.000969252, -0.000969252, 0.000969252, -0.000969252, 0.000969252, -0.000969252, 0.000969252, -0.000969252, 0.000969252, -0.000969252, 0.000969252, -0.000969252, 0.000969252, -0.000969252, 0.000969252, -0.000969252, 0.000969252, -0.000969252, 0.000969252, -0.000969252, 0.000969252, -0.000969252, 0.000969252, -0.000969252, 0.000969252, -0.000969252, 0.000969252, -0.000969252, 0.000969252, -0.000969252, 0.000969252, -0.000969252, 0.000969252, -0.000969252, 0.000969252, -0.000969252, 0.000969252, -0.000969252, 0.000969252, -0.000969252, 0.000969252, -0.000969252, 0.000969252, -0.000969252, 0.000969252, -0.000969252, 0.000969252, -0.000969252, 0.000969252, -0.000969252, 0.000969252, -0.000969252, 0.000969252, -0.000969252, 0.000969252, -0.000969252, 0.000969252, -0.000969252, 0.000969252, -0.000969252, 0.000969252, -0.000969252, 0.000969252, -0.000969252, 0.000969252, -0.000969252, 0.000969252, -0.000969252, 0.000969252, -0.000969252, 0.000969252, -0.000969252, 0.000969252, -0.000969252, 0.000969252, -0.000969252, 0.000969252, -0.000969252, 0.000969252, -0.000969252, 0.000969252, -0.000969252, 0.000969251, -0.000969252, 0.000969251, -0.000969253, 0.000969248, -0.00096926, 0.000969233, -0.000969295, 0.000969154, -0.000969466, 0.000968788, -0.000970236, 0.0009672, -0.000973444, 0.000960846, -0.00098578, 0.000937376, -0.00102954, 0.000857435, -0.0011726, 0.000606697, -0.00160293, -0.000116352, -0.00279194, -0.00202938, -0.00580236, -0.00666092, -0.0127656, -0.0168853, -0.0274183, -0.0373644, -0.0553049, -0.0743171, -0.102882, -0.133719, -0.174611, -0.217185, -0.267714, -0.315935, -0.36598, -0.405406, -0.436423, -0.445289, -0.433919, -0.389613, -0.31688, -0.20719, -0.0705875, 0.0950312, 0.273003, 0.459465, 0.633322, 0.788572, 0.904779, 0.979549, 0.998722, 0.968176, 0.883041, 0.758358, 0.597178, 0.420292, 0.233735, 0.0583362, -0.102553, -0.232934, -0.335636, -0.401305, -0.439057, -0.444815, -0.431538, -0.397399, -0.356091, -0.305247, -0.257096, -0.207264, -0.165786, -0.126187, -0.0966855, -0.0693845, -0.0514966, -0.0345072, -0.0253321, -0.0154011, -0.0117358, -0.0059636, -0.00534119, -0.00173135, -0.00260364, 0, 0, 0, 0, 0, 0, 0, 0, 0
0.000969252, -0.000969252, 0.000969252, -0.000969252, 0.000969252, -0.000969252, 0.000969252, -0.000969252, 0.000969252, -0.000969252, 0.000969252, -0.000969252, 0.000969252, -0.000969252, 0.000969252, -0.000969252, 0.000969252, -0.000969252, 0.000969252, -0.000969252, 0.000969252, -0.000969252, 0.000969252, -0.000969252, 0.000969252, -0.000969252, 0.000969252, -0.000969252, 0.000969252, -0.000969252, 0.000969252, -0.000969252, 0.000969252, -0.000969252, 0.000969252, -0.000969252, 0.000969252, -0.000969252, 0.000969252, -0.000969252, 0.000969252, -0.000969252, 0.000969252, -0.000969252, 0.000969252, -0.000969252, 0.000969252, -0.000969252, 0.000969252, -0.000969252, 0.000969252, -0.000969252, 0.000969252, -0.000969252, 0.000969252, -0.000969252, 0.000969252, -0.000969252, 0.000969252, -0.000969252, 0.000969252, -0.000969252, 0.000969252, -0.000969252, 0.000969252, -0.000969252, 0.000969252, -0.000969252, 0.000969252, -0.000969252, 0.000969252, -0.000969252, 0.000969252, -0.000969252, 0.000969252, -0.000969252, 0.000969252, -0.000969252, 0.000969252, -0.000969252, 0.000969252, -0.000969252, 0.000969252, -0.000969252, 0.000969252, -0.000969252, 0.000969252, -0.000969252, 0.000969252, -0.000969252, 0.000969252, -0.000969252, 0.000969252, -0.000969252, 0.000969252, -0.000969252, 0.000969252, -0.000969252, 0.000969252, -0.000969252, 0.000969252, -0.000969252, 0.000969252, -0.000969252, 0.000969251, -0.000969252, 0.000969251, -0.000969253, 0.000969248, -0.00096926, 0.000969233, -0.000969295, 0.000969154, -0.000969466, 0.000968788, -0.000970236, 0.0009672, -0.000973444, 0.000960846, -0.00098578, 0.000937376, -0.00102954, 0.000857435, -0.0011726, 0.000606697, -0.00160293, -0.000116352, -0.00279194, -0.00202938, -0.00580236, -0.00666092, -0.0127656, -0.0168853, -0.0274183, -0.0373644, -0.0553049, -0.0743171, -0.102882, -0.133719, -0.174611, -0.217185, -0.267714, -0.315935, -0.36598, -0.405406, -0.436423, -0.445289, -0.433919, -0.389613, -0.31688, -0.20719, -0.0705875, 0.0950312, 0.273003, 0.459465, 0.633322, 0.788572, 0.904779, 0.979549, 0.998722, 0.968176, 0.883041, 0.758358, 0.597178, 0.420292, 0.233735, 0.0583362, -0.102553, -0.232934, -0.335636, -0.401305, -0.439057, -0.444815, -0.431538, -0.397399, -0.356091, -0.305247, -0.257096, -0.207264, -0.165786, -0.126187, -0.0966855, -0.0693845, -0.0514966, -0.0345072, -0.0253321, -0.0154011, -0.0117358, -0.0059636, -0.00534119, -0.00173135, -0.00260364, 0, 0, 0, 0, 0, 0, 0, 0
-0.000969252, 0.000969252, -0.000969252, 0.000969252, -0.000969252, 0.000969252, -0.000969252, 0.000969252, -0.000969252, 0.000969252, -0.000969252, 0.000969252, -0.000969252, 0.000969252, -0.000969252, 0.000969252, -0.000969252, 0.000969252, -0.000969252, 0.000969252, -0.000969252, 0.000969252, -0.000969252, 0.000969252, -0.000969252, 0.000969252, -0.000969252, 0.000969252, -0.000969252, 0.000969252, -0.000969252, 0.000969252, -0.000969252, 0.000969252, -0.000969252, 0.000969252, -0.000969252, 0.000969252, -0.000969252, 0.000969252, -0.000969252, 0.000969252, -0.000969252, 0.000969252, -0.000969252, 0.000969252, -0.000969252, 0.000969252, -0.000969252, 0.000969252, -0.000969252, 0.000969252, -0.000969252, 0.000969252, -0.000969252, 0.000969252, -0.000969252, 0.000969252, -0.000969252, 0.000969252, -0.000969252, 0.000969252, -0.000969252, 0.000969252, -0.000969252, 0.000969252, -0.000969252, 0.000969252, -0.000969252, 0.000969252, -0.000969252, 0.000969252, -0.000969252, 0.000969252, -0.000969252, 0.000969252, -0.000969252, 0.000969252, -0.000969252, 0.000969252, -0.000969252, 0.000969252, -0.000969252, 0.000969252, -0.000969252, 0.000969252, -0.000969252, 0.000969252, -0.000969252, 0.000969252, -0.000969252, 0.000969252, -0.000969252, 0.000969252, -0.000969252, 0.000969252, -0.000969252, 0.000969252, -0.000969252, 0.000969252, -0.000969252, 0.000969252, -0.000969252, 0.000969252, -0.000969252, 0.000969251, -0.000969252, 0.000969251, -0.000969253, 0.000969248, -0.00096926, 0.000969233, -0.000969295, 0.000969154, -0.000969466, 0.000968788, -0.000970236, 0.0009672, -0.000973444, 0.000960846, -0.00098578, 0.000937376, -0.00102954, 0.000857435, -0.0011726, 0.000606697, -0.00160293, -0.000116352, -0.00279194, -0.00202938, -0.00580236, -0.00666092, -0.0127656, -0.0168853, -0.0274183, -0.0373644, -0.0553049, -0.0743171, -0.102882, -0.133719, -0.174611, -0.217185, -0.267714, -0.315935, -0.36598, -0.405406, -0.436423, -0.445289, -0.433919, -0.389613, -0.31688, -0.20719, -0.0705875, 0.0950312, 0.273003, 0.459465, 0.633322, 0.788572, 0.904779, 0.979549, 0.998722, 0.968176, 0.883041, 0.758358, 0.597178, 0.420292, 0.233735, 0.0583362, -0.102553, -0.232934, -0.335636, -0.401305, -0.439057, -0.444815, -0.431538, -0.397399, -0.356091, -0.305247, -0.257096, -0.207264, -0.165786, -0.126187, -0.0966855, -0.0693845, -0.0514966, -0.0345072, -0.0253321, -0.0154011, -0.0117358, -0.0059636, -0.00534119, -0.00173135, -0.00260364, 0, 0, 0, 0, 0, 0, 0
0.000969252, -0.000969252, 0.000969252, -0.000969252, 0.000969252, -0.000969252, 0.000969252, -0.000969252, 0.000969252, -0.000969252, 0.000969252, -0.000969252, 0.000969252, -0.000969252, 0.000969252, -0.000969252, 0.000969252, -0.000969252, 0.000969252, -0.000969252, 0.000969252, -0.000969252, 0.000969252, -0.000969252, 0.000969252, -0.000969252, 0.000969252, -0.000969252, 0.000969252, -0.000969252, 0.000969252, -0.000969252, 0.000969252, -0.000969252, 0.000969252, -0.000969252, 0.000969252, -0.000969252, 0.000969252, -0.000969252, 0.000969252, -0.000969252, 0.000969252, -0.000969252, 0.000969252, -0.000969252, 0.000969252, -0.000969252, 0.000969252, -0.000969252, 0.000969252, -0.000969252, 0.000969252, -0.000969252, 0.000969252, -0.000969252, 0.000969252, -0.000969252, 0.000969252, -0.000969252, 0.000969252, -0.000969252, 0.000969252, -0.000969252, 0.000969252, -0.000969252, 0.000969252, -0.000969252, 0.000969252, -0.000969252, 0.000969252, -0.000969252, 0.000969252, -0.000969252, 0.000969252, -0.000969252, 0.000969252, -0.000969252, 0.000969252, -0.000969252, 0.000969252, -0.000969252, 0.000969252, -0.000969252, 0.000969252, -0.000969252, 0.000969252, -0.000969252, 0.000969252, -0.000969252, 0.000969252, -0.000969252, 0.000969252, -0.000969252, 0.000969252, -0.000969252, 0.000969252, -0.000969252, 0.000969252, -0.000969252, 0.000969252, -0.000969252, 0.000969252, -0.000969252, 0.000969252, -0.000969252, 0.000969251, -0.000969252, 0.000969251, -0.000969253, 0.000969248, -0.00096926, 0.000969233, -0.000969295, 0.000969154, -0.000969466, 0.000968788, -0.000970236, 0.0009672, -0.000973444, 0.000960846, -0.00098578, 0.000937376, -0.00102954, 0.000857435, -0.0011726, 0.000606697, -0.00160293, -0.000116352, -0.00279194, -0.00202938, -0.00580236, -0.00666092, -0.0127656, -0.0168853, -0.0274183, -0.0373644, -0.0553049, -0.0743171, -0.102882, -0.133719, -0.174611, -0.217185, -0.267714, -0.315935, -0.36598, -0.405406, -0.436423, -0.445289, -0.433919, -0.389613, -0.31688, -0.20719, -0.0705875, 0.0950312, 0.273003, 0.459465, 0.633322, 0.788572, 0.904779, 0.979549, 0.998722, 0.968176, 0.883041, 0.758358, 0.597178, 0.420292, 0.233735, 0.0583362, -0.102553, -0.232934, -0.335636, -0.401305, -0.439057, -0.444815, -0.431538, -0.397399, -0.356091, -0.305247, -0.257096, -0.207264, -0.165786, -0.126187, -0.0966855, -0.0693845, -0.0514966, -0.0345072, -0.0253321, -0.0154011, -0.0117358, -0.0059636, -0.00534119, -0.00173135, -0.00260364, 0, 0, 0, 0, 0, 0
-0.000969252, 0.000969252, -0.000969252, 0.000969252, -0.000969252, 0.000969252, -0.000969252, 0.000969252, -0.000969252, 0.000969252, -0.000969252, 0.000969252, -0.000969252, 0.000969252, -0.000969252, 0.000969252, -0.000969252, 0.000969252, -0.000969252, 0.000969252, -0.000969252, 0.000969252, -0.000969252, 0.000969252, -0.000969252, 0.000969252, -0.000969252, 0.000969252, -0.000969252, 0.000969252, -0.000969252, 0.000969252, -0.000969252, 0.000969252, -0.000969252, 0.000969252, -0.000969252, 0.000969252, -0.000969252, 0.000969252, -0.000969252, 0.000969252, -0.000969252, 0.000969252, -0.000969252, 0.000969252, -0.000969252, 0.000969252, -0.000969252, 0.000969252, -0.000969252, 0.000969252, -0.000969252, 0.000969252, -0.000969252, 0.000969252, -0.000969252, 0.000969252, -0.000969252, 0.000969252, -0.000969252, 0.000969252, -0.000969252, 0.000969252, -0.000969252, 0.000969252, -0.000969252, 0.000969252, -0.000969252, 0.000969252, -0.000969252, 0.000969252, -0.000969252, 0.000969252, -0.000969252, 0.000969252, -0.000969252, 0.000969252, -0.000969252, 0.000969252, -0.000969252, 0.000969252, -0.000969252, 0.000969252, -0.000969252, 0.000969252, -0.000969252, 0.000969252, -0.000969252, 0.000969252, -0.000969252, 0.000969252, -0.000969252, 0.000969252, -0.000969252, 0.000969252, -0.000969252, 0.000969252, -0.000969252, 0.000969252, -0.000969252, 0.000969252, -0.000969252, 0.000969252, -0.000969252, 0.000969252, -0.000969252, 0.000969251, -0.000969252, 0.000969251, -0.000969253, 0.000969248, -0.00096926, 0.000969233, -0.000969295, 0.000969154, -0.000969466, 0.000968788, -0.000970236, 0.0009672, -0.000973444, 0.000960846, -0.00098578, 0.000937376, -0.00102954, 0.000857435, -0.0011726, 0.000606697, -0.00160293, -0.000116352, -0.00279194, -0.00202938, -0.00580236, -0.00666092, -0.0127656, -0.0168853, -0.0274183, -0.0373644, -0.0553049, -0.0743171, -0.102882, -0.133719, -0.174611, -0.217185, -0.267714, -0.315935, -0.36598, -0.405406, -0.436423, -0.445289, -0.433919, -0.389613, -0.31688, -0.20719, -0.0705875, 0.0950312, 0.273003, 0.459465, 0.633322, 0.788572, 0.904779, 0.979549, 0.998722, 0.968176, 0.883041, 0.758358, 0.597178, 0.420292, 0.233735, 0.0583362, -0.102553, -0.232934, -0.335636, -0.401305, -0.439057, -0.444815, -0.431538, -0.397399, -0.356091, -0.305247, -0.257096, -0.207264, -0.165786, -0.126187, -0.0966855, -0.0693845, -0.0514966, -0.0345072, -0.0253321, -0.0154011, -0.0117358, -0.0059636, -0.00534119, -0.00173135, -0.00260364, 0, 0, 0, 0, 0
0.000969252, -0.000969252, 0.000969252, -0.000969252, 0.000969252, -0.000969252, 0.000969252, -0.000969252, 0.000969252, -0.000969252, 0.000969252, -0.000969252, 0.000969252, -0.000969252, 0.000969252, -0.000969252, 0.000969252, -0.000969252, 0.000969252, -0.000969252, 0.000969252, -0.000969252, 0.000969252, -0.000969252, 0.000969252, -0.000969252, 0.000969252, -0.000969252, 0.000969252, -0.000969252, 0.000969252, -0.000969252, 0.000969252, -0.000969252, 0.000969252, -0.000969252, 0.000969252, -0.000969252, 0.000969252, -0.000969252, 0.000969252, -0.000969252, 0.000969252, -0.000969252, 0.000969252, -0.000969252, 0.000969252, -0.000969252, 0.000969252, -0.000969252, 0.000969252, -0.000969252, 0.000969252, -0.000969252, 0.000969252, -0.000969252, 0.000969252, -0.000969252, 0.000969252, -0.000969252, 0.000969252, -0.000969252, 0.000969252, -0.000969252, 0.000969252, -0.000969252, 0.000969252, -0.000969252, 0.000969252, -0.000969252, 0.000969252, -0.000969252, 0.000969252, -0.000969252, 0.000969252, -0.000969252, 0.000969252, -0.000969252, 0.000969252, -0.000969252, 0.000969252, -0.000969252, 0.000969252, -0.000969252, 0.000969252, -0.000969252, 0.000969252, -0.000969252, 0.000969252, -0.000969252, 0.000969252, -0.000969252, 0.000969252, -0.000969252, 0.000969252, -0.000969252, 0.000969252, -0.000969252, 0.000969252, -0.000969252, 0.000969252, -0.000969252, 0.000969252, -0.000969252, 0.000969252, -0.000969252, 0.000969252, -0.000969252, 0.000969251, -0.000969252, 0.000969251, -0.000969253, 0.000969248, -0.00096926, 0.000969233, -0.000969295, 0.000969154, -0.000969466, 0.000968788, -0.000970236, 0.0009672, -0.000973444, 0.000960846, -0.00098578, 0.000937376, -0.00102954, 0.000857435, -0.0011726, 0.000606697, -0.00160293, -0.000116352, -0.00279194, -0.00202938, -0.00580236, -0.00666092, -0.0127656, -0.0168853, -0.0274183, -0.0373644, -0.0553049, -0.0743171, -0.102882, -0.133719, -0.174611, -0.217185, -0.267714, -0.315935, -0.36598, -0.405406, -0.436423, -0.445289, -0.433919, -0.389613, -0.31688, -0.20719, -0.0705875, 0.0950312, 0.273003, 0.459465, 0.633322, 0.788572, 0.904779, 0.979549, 0.998722, 0.968176, 0.883041, 0.758358, 0.597178, 0.420292, 0.233735, 0.0583362, -0.102553, -0.232934, -0.335636, -0.401305, -0.439057, -0.444815, -0.431538, -0.397399, -0.356091, -0.305247, -0.257096, -0.207264, -0.165786, -0.126187, -0.0966855, -0.0693845, -0.0514966, -0.0345072, -0.0253321, -0.0154011, -0.0117358, -0.0059636, -0.00534119, -0.00173135, -0.00260364, 0, 0, 0, 0
-0.000969252, 0.000969252, -0.000969252, 0.000969252, -0.000969252, 0.000969252, -0.000969252, 0.000969252, -0.000969252, 0.000969252, -0.000969252, 0.000969252, -0.000969252, 0.000969252, -0.000969252, 0.000969252, -0.000969252, 0.000969252, -0.000969252, 0.000969252, -0.000969252, 0.000969252, -0.000969252, 0.000969252, -0.000969252, 0.000969252, -0.000969252, 0.000969252, -0.000969252, 0.000969252, -0.000969252, 0.000969252, -0.000969252, 0.000969252, -0.000969252, 0.000969252, -0.000969252, 0.000969252, -0.000969252, 0.000969252, -0.000969252, 0.000969252, -0.000969252, 0.000969252, -0.000969252, 0.000969252, -0.000969252, 0.000969252, -0.000969252, 0.000969252, -0.000969252, 0.000969252, -0.000969252, 0.000969252, -0.000969252, 0.000969252, -0.000969252, 0.000969252, -0.000969252, 0.000969252, -0.000969252, 0.000969252, -0.000969252, 0.000969252, -0.000969252, 0.000969252, -0.000969252, 0.000969252, -0.000969252, 0.000969252, -0.000969252, 0.000969252, -0.000969252, 0.000969252, -0.000969252, 0.000969252, -0.000969252, 0.000969252, -0.000969252, 0.000969252, -0.000969252, 0.000969252, -0.000969252, 0.000969252, -0.000969252, 0.000969252, -0.000969252, 0.000969252, -0.000969252, 0.000969252, -0.000969252, 0.000969252, -0.000969252, 0.000969252, -0.000969252, 0.000969252, -0.000969252, 0.000969252, -0.000969252, 0.000969252, -0.000969252, 0.000969252, -0.000969252, 0.000969252, -0.000969252, 0.000969252, -0.000969252, 0.000969252, -0.000969252, 0.000969251, -0.000969252, 0.000969251, -0.000969253, 0.000969248, -0.00096926, 0.000969233, -0.000969295, 0.000969154, -0.000969466, 0.000968788, -0.000970236, 0.0009672, -0.000973444, 0.000960846, -0.00098578, 0.000937376, -0.00102954, 0.000857435, -0.0011726, 0.000606697, -0.00160293, -0.000116352, -0.00279194, -0.00202938, -0.00580236, -0.00666092, -0.0127656, -0.0168853, -0.0274183, -0.0373644, -0.0553049, -0.0743171, -0.102882, -0.133719, -0.174611, -0.217185, -0.267714, -0.315935, -0.36598, -0.405406, -0.436423, -0.445289, -0.433919, -0.389613, -0.31688, -0.20719, -0.0705875, 0.0950312, 0.273003, 0.459465, 0.633322, 0.788572, 0.904779, 0.979549, 0.998722, 0.968176, 0.883041, 0.758358, 0.597178, 0.420292, 0.233735, 0.0583362, -0.102553, -0.232934, -0.335636, -0.401305, -0.439057, -0.444815, -0.431538, -0.397399, -0.356091, -0.305247, -0.257096, -0.207264, -0.165786, -0.126187, -0.0966855, -0.0693845, -0.0514966, -0.0345072, -0.0253321, -0.0154011, -0.0117358, -0.0059636, -0.00534119, -0.00173135, -0.00260364, 0, 0, 0
0.000969252, -0.000969252, 0.000969252, -0.000969252, 0.000969252, -0.000969252, 0.000969252, -0.000969252, 0.000969252, -0.000969252, 0.000969252, -0.000969252, 0.000969252, -0.000969252, 0.000969252, -0.000969252, 0.000969252, -0.000969252, 0.000969252, -0.000969252, 0.000969252, -0.000969252, 0.000969252, -0.000969252, 0.000969252, -0.000969252, 0.000969252, -0.000969252, 0.000969252, -0.000969252, 0.000969252, -0.000969252, 0.000969252, -0.000969252, 0.000969252, -0.000969252, 0.000969252, -0.000969252, 0.000969252, -0.000969252, 0.000969252, -0.000969252, 0.000969252, -0.000969252, 0.000969252, -0.000969252, 0.000969252, -0.000969252, 0.000969252, -0.000969252, 0.000969252, -0.000969252, 0.000969252, -0.000969252, 0.000969252, -0.000969252, 0.000969252, -0.000969252, 0.000969252, -0.000969252, 0.000969252, -0.000969252, 0.000969252, -0.000969252, 0.000969252, -0.000969252, 0.000969252, -0.000969252, 0.000969252, -0.000969252, 0.000969252, -0.000969252, 0.000969252, -0.000969252, 0.000969252, -0.000969252, 0.000969252, -0.000969252, 0.000969252, -0.000969252, 0.000969252, -0.000969252, 0.000969252, -0.000969252, 0.000969252, -0.000969252, 0.000969252, -0.000969252, 0.000969252, -0.000969252, 0.000969252, -0.000969252, 0.000969252, -0.000969252, 0.000969252, -0.000969252, 0.000969252, -0.000969252, 0.000969252, -0.000969252, 0.000969252, -0.000969252, 0.000969252, -0.000969252, 0.000969252, -0.000969252, 0.000969252, -0.000969252, 0.000969252, -0.000969252, 0.000969251, -0.000969252, 0.000969251, -0.000969253, 0.000969248, -0.00096926, 0.000969233, -0.000969295, 0.000969154, -0.000969466, 0.000968788, -0.000970236, 0.0009672, -0.000973444, 0.000960846, -0.00098578, 0.000937376, -0.00102954, 0.000857435, -0.0011726, 0.000606697, -0.00160293, -0.000116352, -0.00279194, -0.00202938, -0.00580236, -0.00666092, -0.0127656, -0.0168853, -0.0274183, -0.0373644, -0.0553049, -0.0743171, -0.102882, -0.133719, -0.174611, -0.217185, -0.267714, -0.315935, -0.36598, -0.405406, -0.436423, -0.445289, -0.433919, -0.389613, -0.31688, -0.20719, -0.0705875, 0.0950312, 0.273003, 0.459465, 0.633322, 0.788572, 0.904779, 0.979549, 0.998722, 0.968176, 0.883041, 0.758358, 0.597178, 0.420292, 0.233735, 0.0583362, -0.102553, -0.232934, -0.335636, -0.401305, -0.439057, -0.444815, -0.431538, -0.397399, -0.356091, -0.305247, -0.257096, -0.207264, -0.165786, -0.126187, -0.0966855, -0.0693845, -0.0514966, -0.0345072, -0.0253321, -0.0154011, -0.0117358, -0.0059636, -0.00534119, -0.00173135, -0.00260364, 0, 0
-0.000969252, 0.000969252, -0.000969252, 0.000969252, -0.000969252, 0.000969252, -0.000969252, 0.000969252, -0.000969252, 0.000969252, -0.000969252, 0.000969252, -0.000969252, 0.000969252, -0.000969252, 0.000969252, -0.000969252, 0.000969252, -0.000969252, 0.000969252, -0.000969252, 0.000969252, -0.000969252, 0.000969252, -0.000969252, 0.000969252, -0.000969252, 0.000969252, -0.000969252, 0.000969252, -0.000969252, 0.000969252, -0.000969252, 0.000969252, -0.000969252, 0.000969252, -0.000969252, 0.000969252, -0.000969252, 0.000969252, -0.000969252, 0.000969252, -0.000969252, 0.000969252, -0.000969252, 0.000969252, -0.000969252, 0.000969252, -0.000969252, 0.000969252, -0.000969252, 0.000969252, -0.000969252, 0.000969252, -0.000969252, 0.000969252, -0.000969252, 0.000969252, -0.000969252, 0.000969252, -0.000969252, 0.000969252, -0.000969252, 0.000969252, -0.000969252, 0.000969252, -0.000969252, 0.000969252, -0.000969252, 0.000969252, -0.000969252, 0.000969252, -0.000969252, 0.000969252, -0.000969252, 0.000969252, -0.000969252, 0.000969252, -0.000969252, 0.000969252, -0.000969252, 0.000969252, -0.000969252, 0.000969252, -0.000969252, 0.000969252, -0.000969252, 0.000969252, -0.000969252, 0.000969252, -0.000969252, 0.000969252, -0.000969252, 0.000969252, -0.000969252, 0.000969252, -0.000969252, 0.000969252, -0.000969252, 0.000969252, -0.000969252, 0.000969252, -0.000969252, 0.000969252, -0.000969252, 0.000969252, -0.000969252, 0.000969252, -0.000969252, 0.000969252, -0.000969252, 0.000969251, -0.000969252, 0.000969251, -0.000969253, 0.000969248, -0.00096926, 0.000969233, -0.000969295, 0.000969154, -0.000969466, 0.000968788, -0.000970236, 0.0009672, -0.000973444, 0.000960846, -0.00098578, 0.000937376, -0.00102954, 0.000857435, -0.0011726, 0.000606697, -0.00160293, -0.000116352, -0.00279194, -0.00202938, -0.00580236, -0.00666092, -0.0127656, -0.0168853, -0.0274183, -0.0373644, -0.0553049, -0.0743171, -0.102882, -0.133719, -0.174611, -0.217185, -0.267714, -0.315935, -0.36598, -0.405406, -0.436423, -0.445289, -0.433919, -0.389613, -0.31688, -0.20719, -0.0705875, 0.0950312, 0.273003, 0.459465, 0.633322, 0.788572, 0.904779, 0.979549, 0.998722, 0.968176, 0.883041, 0.758358, 0.597178, 0.420292, 0.233735, 0.0583362, -0.102553, -0.232934, -0.335636, -0.401305, -0.439057, -0.444815, -0.431538, -0.397399, -0.356091, -0.305247, -0.257096, -0.207264, -0.165786, -0.126187, -0.0966855, -0.0693845, -0.0514966, -0.0345072, -0.0253321, -0.0154011, -0.0117358, -0.0059636, -0.00534119, -0.00173135, -0.00260364, 0
0.000969252, -0.000969252, 0.000969252, -0.000969252, 0.000969252, -0.000969252, 0.000969252, -0.000969252, 0.000969252, -0.000969252, 0.000969252, -0.000969252, 0.000969252, -0.000969252, 0.000969252, -0.000969252, 0.000969252, -0.000969252, 0.000969252, -0.000969252, 0.000969252, -0.000969252, 0.000969252, -0.000969252, 0.000969252, -0.000969252, 0.000969252, -0.000969252, 0.000969252, -0.000969252, 0.000969252, -0.000969252, 0.000969252, -0.000969252, 0.000969252, -0.000969252, 0.000969252, -0.000969252, 0.000969252, -0.000969252, 0.000969252, -0.000969252, 0.000969252, -0.000969252, 0.000969252, -0.000969252, 0.000969252, -0.000969252, 0.000969252, -0.000969252, 0.000969252, -0.000969252, 0.000969252, -0.000969252, 0.000969252, -0.000969252, 0.000969252, -0.000969252, 0.000969252, -0.000969252, 0.000969252, -0.000969252, 0.000969252, -0.000969252, 0.000969252, -0.000969252, 0.000969252, -0.000969252, 0.000969252, -0.000969252, 0.000969252, -0.000969252, 0.000969252, -0.000969252, 0.000969252, -0.000969252, 0.000969252, -0.000969252, 0.000969252, -0.000969252, 0.000969252, -0.000969252, 0.000969252, -0.000969252, 0.000969252, -0.000969252, 0.000969252, -0.000969252, 0.000969252, -0.000969252, 0.000969252, -0.000969252, 0.000969252, -0.000969252, 0.000969252, -0.000969252, 0.000969252, -0.000969252, 0.000969252, -0.000969252, 0.000969252, -0.000969252, 0.000969252, -0.000969252, 0.000969252, -0.000969252, 0.000969252, -0.000969252, 0.000969252, -0.000969252, 0.000969252, -0.000969252, 0.000969251, -0.000969252, 0.000969251, -0.000969253, 0.000969248, -0.00096926, 0.000969233, -0.000969295, 0.000969154, -0.000969466, 0.000968788, -0.000970236, 0.0009672, -0.000973444, 0.000960846, -0.00098578, 0.000937376, -0.00102954, 0.000857435, -0.0011726, 0.000606697, -0.00160293, -0.000116352, -0.00279194, -0.00202938, -0.00580236, -0.00666092, -0.0127656, -0.0168853, -0.0274183, -0.0373644, -0.0553049, -0.0743171, -0.102882, -0.133719, -0.174611, -0.217185, -0.267714, -0.315935, -0.36598, -0.405406, -0.436423, -0.445289, -0.433919, -0.389613, -0.31688, -0.20719, -0.0705875, 0.0950312, 0.273003, 0.459465, 0.633322, 0.788572, 0.904779, 0.979549, 0.998722, 0.968176, 0.883041, 0.758358, 0.597178, 0.420292, 0.233735, 0.0583362, -0.102553, -0.232934, -0.335636, -0.401305, -0.439057, -0.444815, -0.431538, -0.397399, -0.356091, -0.305247, -0.257096, -0.207264, -0.165786, -0.126187, -0.0966855, -0.0693845, -0.0514966, -0.0345072, -0.0253321, -0.0154011, -0.0117358, -0.0059636, -0.00534119, -0.00173135, -0.00260364
-0.000969252, 0.000969252, -0.000969252, 0.000969252, -0.000969252, 0.000969252, -0.000969252, 0.000969252, -0.000969252, 0.000969252, -0.000969252, 0.000969252, -0.000969252, 0.000969252, -0.000969252, 0.000969252, -0.000969252, 0.000969252, -0.000969252, 0.000969252, -0.000969252, 0.000969252, -0.000969252, 0.000969252, -0.000969252, 0.000969252, -0.000969252, 0.000969252, -0.000969252, 0.000969252, -0.000969252, 0.000969252, -0.000969252, 0.000969252, -0.000969252, 0.000969252, -0.000969252, 0.000969252, -0.000969252, 0.000969252, -0.000969252, 0.000969252, -0.000969252, 0.000969252, -0.000969252, 0.000969252, -0.000969252, 0.000969252, -0.000969252, 0.000969252, -0.000969252, 0.000969252, -0.000969252, 0.000969252, -0.000969252, 0.000969252, -0.000969252, 0.000969252, -0.000969252, 0.000969252, -0.000969252, 0.000969252, -0.000969252, 0.000969252, -0.000969252, 0.000969252, -0.000969252, 0.000969252, -0.000969252, 0.000969252, -0.000969252, 0.000969252, -0.000969252, 0.000969252, -0.000969252, 0.000969252, -0.000969252, 0.000969252, -0.000969252, 0.000969252, -0.000969252, 0.000969252, -0.000969252, 0.000969252, -0.000969252, 0.000969252, -0.000969252, 0.000969252, -0.000969252, 0.000969252, -0.000969252, 0.000969252, -0.000969252, 0.000969252, -0.000969252, 0.000969252, -0.000969252, 0.000969252, -0.000969252, 0.000969252, -0.000969252, 0.000969252, -0.000969252, 0.000969252, -0.000969252, 0.000969252, -0.000969252, 0.000969252, -0.000969252, 0.000969252, -0.000969252, 0.000969252, -0.000969252, 0.000969251, -0.000969252, 0.000969251, -0.000969253, 0.000969248, -0.00096926, 0.000969233, -0.000969295, 0.000969154, -0.000969466, 0.000968788, -0.000970236, 0.0009672, -0.000973444, 0.000960846, -0.00098578, 0.000937376, -0.00102954, 0.000857435, -0.0011726, 0.000606697, -0.00160293, -0.000116352, -0.00279194, -0.00202938, -0.00580236, -0.00666092, -0.0127656, -0.0168853, -0.0274183, -0.0373644, -0.0553049, -0.0743171, -0.102882, -0.133719, -0.174611, -0.217185, -0.267714, -0.315935, -0.36598, -0.405406, -0.436423, -0.445289, -0.433919, -0.389613, -0.31688, -0.20719, -0.0705875, 0.0950312, 0.273003, 0.459465, 0.633322, 0.788572, 0.904779, 0.979549, 0.998722, 0.968176, 0.883041, 0.758358, 0.597178, 0.420292, 0.233735, 0.0583362, -0.102553, -0.232934, -0.335636, -0.401305, -0.439057, -0.444815, -0.431538, -0.397399, -0.356091, -0.305247, -0.257096, -0.207264, -0.165786, -0.126187, -0.0966855, -0.0693845, -0.0514966, -0.0345072, -0.0253321, -0.0154011, -0.0117358, -0.0059636, -0.00534119, -0.00173135
0.000969252, -0.000969252, 0.000969252, -0.000969252, 0.000969252, -0.000969252, 0.000969252, -0.000969252, 0.000969252, -0.000969252, 0.000969252, -0.000969252, 0.000969252, -0.000969252, 0.000969252, -0.000969252, 0.000969252, -0.000969252, 0.000969252, -0.000969252, 0.000969252, -0.000969252, 0.000969252, -0.000969252, 0.000969252, -0.000969252, 0.000969252, -0.000969252, 0.000969252, -0.000969252, 0.000969252, -0.000969252, 0.000969252, -0.000969252, 0.000969252, -0.000969252, 0.000969252, -0.000969252, 0.000969252, -0.000969252, 0.000969252, -0.000969252, 0.000969252, -0.000969252, 0.000969252, -0.000969252, 0.000969252, -0.000969252, 0.000969252, -0.000969252, 0.000969252, -0.000969252, 0.000969252, -0.000969252, 0.000969252, -0.000969252, 0.000969252, -0.000969252, 0.000969252, -0.000969252, 0.000969252, -0.000969252, 0.000969252, -0.000969252, 0.000969252, -0.000969252, 0.000969252, -0.000969252, 0.000969252, -0.000969252, 0.000969252, -0.000969252, 0.000969252, -0.000969252, 0.000969252, -0.000969252, 0.000969252, -0.000969252, 0.000969252, -0.000969252, 0.000969252, -0.000969252, 0.000969252, -0.000969252, 0.000969252, -0.000969252, 0.000969252, -0.000969252, 0.000969252, -0.000969252, 0.000969252, -0.000969252, 0.000969252, -0.000969252, 0.000969252, -0.000969252, 0.000969252, -0.000969252, 0.000969252, -0.000969252, 0.000969252, -0.000969252, 0.000969252, -0.000969252, 0.000969252, -0.000969252, 0.000969252, -0.000969252, 0.000969252, -0.000969252, 0.000969252, -0.000969252, 0.000969252, -0.000969252, 0.000969251, -0.000969252, 0.000969251, -0.000969253, 0.000969248, -0.00096926, 0.000969233, -0.000969295, 0.000969154, -0.000969466, 0.000968788, -0.000970236, 0.0009672, -0.000973444, 0.000960846, -0.00098578, 0.000937376, -0.00102954, 0.000857435, -0.0011726, 0.000606697, -0.00160293, -0.000116352, -0.00279194, -0.00202938, -0.00580236, -0.00666092, -0.0127656, -0.0168853, -0.0274183, -0.0373644, -0.0553049, -0.0743171, -0.102882, -0.133719, -0.174611, -0.217185, -0.267714, -0.315935, -0.36598, -0.405406, -0.436423, -0.445289, -0.433919, -0.389613, -0.31688, -0.20719, -0.0705875, 0.0950312, 0.273003, 0.459465, 0.633322, 0.788572, 0.904779, 0.979549, 0.998722, 0.968176, 0.883041, 0.758358, 0.597178, 0.420292, 0.233735, 0.0583362, -0.102553, -0.232934, -0.335636, -0.401305, -0.439057, -0.444815, -0.431538, -0.397399, -0.356091, -0.305247, -0.257096, -0.207264, -0.165786, -0.126187, -0.0966855, -0.0693845, -0.0514966, -0.0345072, -0.0253321, -0.0154011, -0.0117358, -0.0059636, -0.00534119
-0.000969252, 0.000969252, -0.000969252, 0.000969252, -0.000969252, 0.000969252, -0.000969252, 0.000969252, -0.000969252, 0.000969252, -0.000969252, 0.000969252, -0.000969252, 0.000969252, -0.000969252, 0.000969252, -0.000969252, 0.000969252, -0.000969252, 0.000969252, -0.000969252, 0.000969252, -0.000969252, 0.000969252, -0.000969252, 0.000969252, -0.000969252, 0.000969252, -0.000969252, 0.000969252, -0.000969252, 0.000969252, -0.000969252, 0.000969252, -0.000969252, 0.000969252, -0.000969252, 0.000969252, -0.000969252, 0.000969252, -0.000969252, 0.000969252, -0.000969252, 0.000969252, -0.000969252, 0.000969252, -0.000969252, 0.000969252, -0.000969252, 0.000969252, -0.000969252, 0.000969252, -0.000969252, 0.000969252, -0.000969252, 0.000969252, -0.000969252, 0.000969252, -0.000969252, 0.000969252, -0.000969252, 0.000969252, -0.000969252, 0.000969252, -0.000969252, 0.000969252, -0.000969252, 0.000969252, -0.000969252, 0.000969252, -0.000969252, 0.000969252, -0.000969252, 0.000969252, -0.000969252, 0.000969252, -0.000969252, 0.000969252, -0.000969252, 0.000969252, -0.000969252, 0.000969252, -0.000969252, 0.000969252, -0.000969252, 0.000969252, -0.000969252, 0.000969252, -0.000969252, 0.000969252, -0.000969252, 0.000969252, -0.000969252, 0.000969252, -0.000969252, 0.000969252, -0.000969252, 0.000969252, -0.000969252, 0.000969252, -0.000969252, 0.000969252, -0.000969252, 0.000969252, -0.000969252, 0.000969252, -0.000969252, 0.000969252, -0.000969252, 0.000969252, -0.000969252, 0.000969252, -0.000969252, 0.000969252, -0.000969252, 0.000969251, -0.000969252, 0.000969251, -0.000969253, 0.000969248, -0.00096926, 0.000969233, -0.000969295, 0.000969154, -0.000969466, 0.000968788, -0.000970236, 0.0009672, -0.000973444, 0.000960846, -0.00098578, 0.000937376, -0.00102954, 0.000857435, -0.0011726, 0.000606697, -0.00160293, -0.000116352, -0.00279194, -0.00202938, -0.00580236, -0.00666092, -0.0127656, -0.0168853, -0.0274183, -0.0373644, -0.0553049, -0.0743171, -0.102882, -0.133719, -0.174611, -0.217185, -0.267714, -0.315935, -0.36598, -0.405406, -0.436423, -0.445289, -0.433919, -0.389613, -0.31688, -0.20719, -0.0705875, 0.0950312, 0.273003, 0.459465, 0.633322, 0.788572, 0.904779, 0.979549, 0.998722, 0.968176, 0.883041, 0.758358, 0.597178, 0.420292, 0.233735, 0.0583362, -0.102553, -0.232934, -0.335636, -0.401305, -0.439057, -0.444815, -0.431538, -0.397399, -0.356091, -0.305247, -0.257096, -0.207264, -0.165786, -0.126187, -0.0966855, -0.0693845, -0.0514966, -0.0345072, -0.0253321, -0.0154011, -0.0117358, -0.0059636
0.000969252, -0.000969252, 0.000969252, -0.000969252, 0.000969252, -0.000969252, 0.000969252, -0.000969252, 0.000969252, -0.000969252, 0.000969252, -0.000969252, 0.000969252, -0.000969252, 0.000969252, -0.000969252, 0.000969252, -0.000969252, 0.000969252, -0.000969252, 0.000969252, -0.000969252, 0.000969252, -0.000969252, 0.000969252, -0.000969252, 0.000969252, -0.000969252, 0.000969252, -0.000969252, 0.000969252, -0.000969252, 0.000969252, -0.000969252, 0.000969252, -0.000969252, 0.000969252, -0.000969252, 0.000969252, -0.000969252, 0.000969252, -0.000969252, 0.000969252, -0.000969252, 0.000969252, -0.000969252, 0.000969252, -0.000969252, 0.000969252, -0.000969252, 0.000969252, -0.000969252, 0.000969252, -0.000969252, 0.000969252, -0.000969252, 0.000969252, -0.000969252, 0.000969252, -0.000969252, 0.000969252, -0.000969252, 0.000969252, -0.000969252, 0.000969252, -0.000969252, 0.000969252, -0.000969252, 0.000969252, -0.000969252, 0.000969252, -0.000969252, 0.000969252, -0.000969252, 0.000969252, -0.000969252, 0.000969252, -0.000969252, 0.000969252, -0.000969252, 0.000969252, -0.000969252, 0.000969252, -0.000969252, 0.000969252, -0.000969252, 0.000969252, -0.000969252, 0.000969252, -0.000969252, 0.000969252, -0.000969252, 0.000969252, -0.000969252, 0.000969252, -0.000969252, 0.000969252, -0.000969252, 0.000969252, -0.000969252, 0.000969252, -0.000969252, 0.000969252, -0.000969252, 0.000969252, -0.000969252, 0.000969252, -0.000969252, 0.000969252, -0.000969252, 0.000969252, -0.000969252, 0.000969252, -0.000969252, 0.000969252, -0.000969252, 0.000969251, -0.000969252, 0.000969251, -0.000969253, 0.000969248, -0.00096926, 0.000969233, -0.000969295, 0.000969154, -0.000969466, 0.000968788, -0.000970236, 0.0009672, -0.000973444, 0.000960846, -0.00098578, 0.000937376, -0.00102954, 0.000857435, -0.0011726, 0.000606697, -0.00160293, -0.000116352, -0.00279194, -0.00202938, -0.00580236, -0.00666092, -0.0127656, -0.0168853, -0.0274183, -0.0373644, -0.0553049, -0.0743171, -0.102882, -0.133719, -0.174611, -0.217185, -0.267714, -0.315935, -0.36598, -0.405406, -0.436423, -0.445289, -0.433919, -0.389613, -0.31688, -0.20719, -0.0705875, 0.0950312, 0.273003, 0.459465, 0.633322, 0.788572, 0.904779, 0.979549, 0.998722, 0.968176, 0.883041, 0.758358, 0.597178, 0.420292, 0.233735, 0.0583362, -0.102553, -0.232934, -0.335636, -0.401305, -0.439057, -0.444815, -0.431538, -0.397399, -0.356091, -0.305247, -0.257096, -0.207264, -0.165786, -0.126187, -0.0966855, -0.0693845, -0.0514966, -0.0345072, -0.0253321, -0.0154011, -0.0117358
-0.000969252, 0.000969252, -0.000969252, 0.000969252, -0.000969252, 0.000969252, -0.000969252, 0.000969252, -0.000969252, 0.000969252, -0.000969252, 0.000969252, -0.000969252, 0.000969252, -0.000969252, 0.000969252, -0.000969252, 0.000969252, -0.000969252, 0.000969252, -0.000969252, 0.000969252, -0.000969252, 0.000969252, -0.000969252, 0.000969252, -0.000969252, 0.000969252, -0.000969252, 0.000969252, -0.000969252, 0.000969252, -0.000969252, 0.000969252, -0.000969252, 0.000969252, -0.000969252, 0.000969252, -0.000969252, 0.000969252, -0.000969252, 0.000969252, -0.000969252, 0.000969252, -0.000969252, 0.000969252, -0.000969252, 0.000969252, -0.000969252, 0.000969252, -0.000969252, 0.000969252, -0.000969252, 0.000969252, -0.000969252, 0.000969252, -0.000969252, 0.000969252, -0.000969252, 0.000969252, -0.000969252, 0.000969252, -0.000969252, 0.000969252, -0.000969252, 0.000969252, -0.000969252, 0.000969252, -0.000969252, 0.000969252, -0.000969252, 0.000969252, -0.000969252, 0.000969252, -0.000969252, 0.000969252, -0.000969252, 0.000969252, -0.000969252, 0.000969252, -0.000969252, 0.000969252, -0.000969252, 0.000969252, -0.000969252, 0.000969252, -0.000969252, 0.000969252, -0.000969252, 0.000969252, -0.000969252, 0.000969252, -0.000969252, 0.000969252, -0.000969252, 0.000969252, -0.000969252, 0.000969252, -0.000969252, 0.000969252, -0.000969252, 0.000969252, -0.000969252, 0.000969252, -0.000969252, 0.000969252, -0.000969252, 0.000969252, -0.000969252, 0.000969252, -0.000969252, 0.000969252, -0.000969252, 0.000969252, -0.000969252, 0.000969252, -0.000969252, 0.000969251, -0.000969252, 0.000969251, -0.000969253, 0.000969248, -0.00096926, 0.000969233, -0.000969295, 0.000969154, -0.000969466, 0.000968788, -0.000970236, 0.0009672, -0.000973444, 0.000960846, -0.00098578, 0.000937376, -0.00102954, 0.000857435, -0.0011726, 0.000606697, -0.00160293, -0.000116352, -0.00279194, -0.00202938, -0.00580236, -0.00666092, -0.0127656, -0.0168853, -0.0274183, -0.0373644, -0.0553049, -0.0743171, -0.102882, -0.133719, -0.174611, -0.217185, -0.267714, -0.315935, -0.36598, -0.405406, -0.436423, -0.445289, -0.433919, -0.389613, -0.31688, -0.20719, -0.0705875, 0.0950312, 0.273003, 0.459465, 0.633322, 0.788572, 0.904779, 0.979549, 0.998722, 0.968176, 0.883041, 0.758358, 0.597178, 0.420292, 0.233735, 0.0583362, -0.102553, -0.232934, -0.335636, -0.401305, -0.439057, -0.444815, -0.431538, -0.397399, -0.356091, -0.305247, -0.257096, -0.207264, -0.165786, -0.126187, -0.0966855, -0.0693845, -0.0514966, -0.0345072, -0.0253321, -0.0154011
0.000969252, -0.000969252, 0.000969252, -0.000969252, 0.000969252, -0.000969252, 0.000969252, -0.000969252, 0.000969252, -0.000969252, 0.000969252, -0.000969252, 0.000969252, -0.000969252, 0.000969252, -0.000969252, 0.000969252, -0.000969252, 0.000969252, -0.000969252, 0.000969252, -0.000969252, 0.000969252, -0.000969252, 0.000969252, -0.000969252, 0.000969252, -0.000969252, 0.000969252, -0.000969252, 0.000969252, -0.000969252, 0.000969252, -0.000969252, 0.000969252, -0.000969252, 0.000969252, -0.000969252, 0.000969252, -0.000969252, 0.000969252, -0.000969252, 0.000969252, -0.000969252, 0.000969252, -0.000969252, 0.000969252, -0.000969252, 0.000969252, -0.000969252, 0.000969252, -0.000969252, 0.000969252, -0.000969252, 0.000969252, -0.000969252, 0.000969252, -0.000969252, 0.000969252, -0.000969252, 0.000969252, -0.000969252, 0.000969252, -0.000969252, 0.000969252, -0.000969252, 0.000969252, -0.000969252, 0.000969252, -0.000969252, 0.000969252, -0.000969252, 0.000969252, -0.000969252, 0.000969252, -0.000969252, 0.000969252, -0.000969252, 0.000969252, -0.000969252, 0.000969252, -0.000969252, 0.000969252, -0.000969252, 0.000969252, -0.000969252, 0.000969252, -0.000969252, 0.000969252, -0.000969252, 0.000969252, -0.000969252, 0.000969252, -0.000969252, 0.000969252, -0.000969252, 0.000969252, -0.000969252, 0.000969252, -0.000969252, 0.000969252, -0.000969252, 0.000969252, -0.000969252, 0.000969252, -0.000969252, 0.000969252, -0.000969252, 0.000969252, -0.000969252, 0.000969252, -0.000969252, 0.000969252, -0.000969252, 0.000969252, -0.000969252, 0.000969252, -0.000969252, 0.000969251, -0.000969252, 0.000969251, -0.000969253, 0.000969248, -0.00096926, 0.000969233, -0.000969295, 0.000969154, -0.000969466, 0.000968788, -0.000970236, 0.0009672, -0.000973444, 0.000960846, -0.00098578, 0.000937376, -0.00102954, 0.000857435, -0.0011726, 0.000606697, -0.00160293, -0.000116352, -0.00279194, -0.00202938, -0.00580236, -0.00666092, -0.0127656, -0.0168853, -0.0274183, -0.0373644, -0.0553049, -0.0743171, -0.102882, -0.133719, -0.174611, -0.217185, -0.267714, -0.315935, -0.36598, -0.405406, -0.436423, -0.445289, -0.433919, -0.389613, -0.31688, -0.20719, -0.0705875, 0.0950312, 0.273003, 0.459465, 0.633322, 0.788572, 0.904779, 0.979549, 0.998722, 0.968176, 0.883041, 0.758358, 0.597178, 0.420292, 0.233735, 0.0583362, -0.102553, -0.232934, -0.335636, -0.401305, -0.439057, -0.444815, -0.431538, -0.397399, -0.356091, -0.305247, -0.257096, -0.207264, -0.165786, -0.126187, -0.0966855, -0.0693845, -0.0514966, -0.0345072, -0.0253321
-0.000969252, 0.000969252, -0.000969252, 0.000969252, -0.000969252, 0.000969252, -0.000969252, 0.000969252, -0.000969252, 0.000969252, -0.000969252, 0.000969252, -0.000969252, 0.000969252, -0.000969252, 0.000969252, -0.000969252, 0.000969252, -0.000969252, 0.000969252, -0.000969252, 0.000969252, -0.000969252, 0.000969252, -0.000969252, 0.000969252, -0.000969252, 0.000969252, -0.000969252, 0.000969252, -0.000969252, 0.000969252, -0.000969252, 0.000969252, -0.000969252, 0.000969252, -0.000969252, 0.000969252, -0.000969252, 0.000969252, -0.000969252, 0.000969252, -0.000969252, 0.000969252, -0.000969252, 0.000969252, -0.000969252, 0.000969252, -0.000969252, 0.000969252, -0.000969252, 0.000969252, -0.000969252, 0.000969252, -0.000969252, 0.000969252, -0.000969252, 0.000969252, -0.000969252, 0.000969252, -0.000969252, 0.000969252, -0.000969252, 0.000969252, -0.000969252, 0.000969252, -0.000969252, 0.000969252, -0.000969252, 0.000969252, -0.000969252, 0.000969252, -0.000969252, 0.000969252, -0.000969252, 0.000969252, -0.000969252, 0.000969252, -0.000969252, 0.000969252, -0.000969252, 0.000969252, -0.000969252, 0.000969252, -0.000969252, 0.000969252, -0.000969252, 0.000969252, -0.000969252, 0.000969252, -0.000969252, 0.000969252, -0.000969252, 0.000969252, -0.000969252, 0.000969252, -0.000969252, 0.000969252, -0.000969252, 0.000969252, -0.000969252, 0.000969252, -0.000969252, 0.000969252, -0.000969252, 0.000969252, -0.000969252, 0.000969252, -0.000969252, 0.000969252, -0.000969252, 0.000969252, -0.000969252, 0.000969252, -0.000969252, 0.000969252, -0.000969252, 0.000969252, -0.000969252, 0.000969251, -0.000969252, 0.000969251, -0.000969253, 0.000969248, -0.00096926, 0.000969233, -0.000969295, 0.000969154, -0.000969466, 0.000968788, -0.000970236, 0.0009672, -0.000973444, 0.000960846, -0.00098578, 0.000937376, -0.00102954, 0.000857435, -0.0011726, 0.000606697, -0.00160293, -0.000116352, -0.00279194, -0.00202938, -0.00580236, -0.00666092, -0.0127656, -0.0168853, -0.0274183, -0.0373644, -0.0553049, -0.0743171, -0.102882, -0.133719, -0.174611, -0.217185, -0.267714, -0.315935, -0.36598, -0.405406, -0.436423, -0.445289, -0.433919, -0.389613, -0.31688, -0.20719, -0.0705875, 0.0950312, 0.273003, 0.459465, 0.633322, 0.788572, 0.904779, 0.979549, 0.998722, 0.968176, 0.883041, 0.758358, 0.597178, 0.420292, 0.233735, 0.0583362, -0.102553, -0.232934, -0.335636, -0.401305, -0.439057, -0.444815, -0.431538, -0.397399, -0.356091, -0.305247, -0.257096, -0.207264, -0.165786, -0.126187, -0.0966855, -0.0693845, -0.0514966, -0.0345072
0.000969252, -0.000969252, 0.000969252, -0.000969252, 0.000969252, -0.000969252, 0.000969252, -0.000969252, 0.000969252, -0.000969252, 0.000969252, -0.000969252, 0.000969252, -0.000969252, 0.000969252, -0.000969252, 0.000969252, -0.000969252, 0.000969252, -0.000969252, 0.000969252, -0.000969252, 0.000969252, -0.000969252, 0.000969252, -0.000969252, 0.000969252, -0.000969252, 0.000969252, -0.000969252, 0.000969252, -0.000969252, 0.000969252, -0.000969252, 0.000969252, -0.000969252, 0.000969252, -0.000969252, 0.000969252, -0.000969252, 0.000969252, -0.000969252, 0.000969252, -0.000969252, 0.000969252, -0.000969252, 0.000969252, -0.000969252, 0.000969252, -0.000969252, 0.000969252, -0.000969252, 0.000969252, -0.000969252, 0.000969252, -0.000969252, 0.000969252, -0.000969252, 0.000969252, -0.000969252, 0.000969252, -0.000969252, 0.000969252, -0.000969252, 0.000969252, -0.000969252, 0.000969252, -0.000969252, 0.000969252, -0.000969252, 0.000969252, -0.000969252, 0.000969252, -0.000969252, 0.000969252, -0.000969252, 0.000969252, -0.000969252, 0.000969252, -0.000969252, 0.000969252, -0.000969252, 0.000969252, -0.000969252, 0.000969252, -0.000969252, 0.000969252, -0.000969252, 0.000969252, -0.000969252, 0.000969252, -0.000969252, 0.000969252, -0.000969252, 0.000969252, -0.000969252, 0.000969252, -0.000969252, 0.000969252, -0.000969252, 0.000969252, -0.000969252, 0.000969252, -0.000969252, 0.000969252, -0.000969252, 0.000969252, -0.000969252, 0.000969252, -0.000969252, 0.000969252, -0.000969252, 0.000969252, -0.000969252, 0.000969252, -0.000969252, 0.000969252, -0.000969252, 0.000969252, -0.000969252, 0.000969251, -0.000969252, 0.000969251, -0.000969253, 0.000969248, -0.00096926, 0.000969233, -0.000969295, 0.000969154, -0.000969466, 0.000968788, -0.000970236, 0.0009672, -0.000973444, 0.000960846, -0.00098578, 0.000937376, -0.00102954, 0.000857435, -0.0011726, 0.000606697, -0.00160293, -0.000116352, -0.00279194, -0.00202938, -0.00580236, -0.00666092, -0.0127656, -0.0168853, -0.0274183, -0.0373644, -0.0553049, -0.0743171, -0.102882, -0.133719, -0.174611, -0.217185, -0.267714, -0.315935, -0.36598, -0.405406, -0.436423, -0.445289, -0.433919, -0.389613, -0.31688, -0.20719, -0.0705875, 0.0950312, 0.273003, 0.459465, 0.633322, 0.788572, 0.904779, 0.979549, 0.998722, 0.968176, 0.883041, 0.758358, 0.597178, 0.420292, 0.233735, 0.0583362, -0.102553, -0.232934, -0.335636, -0.401305, -0.439057, -0.444815, -0.431538, -0.397399, -0.356091, -0.305247, -0.257096, -0.207264, -0.165786, -0.126187, -0.0966855, -0.0693845, -0.0514966
-0.000969252, 0.000969252, -0.000969252, 0.000969252, -0.000969252, 0.000969252, -0.000969252, 0.000969252, -0.000969252, 0.000969252, -0.000969252, 0.000969252, -0.000969252, 0.000969252, -0.000969252, 0.000969252, -0.000969252, 0.000969252, -0.000969252, 0.000969252, -0.000969252, 0.000969252, -0.000969252, 0.000969252, -0.000969252, 0.000969252, -0.000969252, 0.000969252, -0.000969252, 0.000969252, -0.000969252, 0.000969252, -0.000969252, 0.000969252, -0.000969252, 0.000969252, -0.000969252, 0.000969252, -0.000969252, 0.000969252, -0.000969252, 0.000969252, -0.000969252, 0.000969252, -0.000969252, 0.000969252, -0.000969252, 0.000969252, -0.000969252, 0.000969252, -0.000969252, 0.000969252, -0.000969252, 0.000969252, -0.000969252, 0.000969252, -0.000969252, 0.000969252, -0.000969252, 0.000969252, -0.000969252, 0.000969252, -0.000969252, 0.000969252, -0.000969252, 0.000969252, -0.000969252, 0.000969252, -0.000969252, 0.000969252, -0.000969252, 0.000969252, -0.000969252, 0.000969252, -0.000969252, 0.000969252, -0.000969252, 0.000969252, -0.000969252, 0.000969252, -0.000969252, 0.000969252, -0.000969252, 0.000969252, -0.000969252, 0.000969252, -0.000969252, 0.000969252, -0.000969252, 0.000969252, -0.000969252, 0.000969252, -0.000969252, 0.000969252, -0.000969252, 0.000969252, -0.000969252, 0.000969252, -0.000969252, 0.000969252, -0.000969252, 0.000969252, -0.000969252, 0.000969252, -0.000969252, 0.000969252, -0.000969252, 0.000969252, -0.000969252, 0.000969252, -0.000969252, 0.000969252, -0.000969252, 0.000969252, -0.000969252, 0.000969252, -0.000969252, 0.000969252, -0.000969252, 0.000969252, -0.000969252, 0.000969251, -0.000969252, 0.000969251, -0.000969253, 0.000969248, -0.00096926, 0.000969233, -0.000969295, 0.000969154, -0.000969466, 0.000968788, -0.000970236, 0.0009672, -0.000973444, 0.000960846, -0.00098578, 0.000937376, -0.00102954, 0.000857435, -0.0011726, 0.000606697, -0.00160293, -0.000116352, -0.00279194, -0.00202938, -0.00580236, -0.00666092, -0.0127656, -0.0168853, -0.0274183, -0.0373644, -0.0553049, -0.0743171, -0.102882, -0.133719, -0.174611, -0.217185, -0.267714, -0.315935, -0.36598, -0.405406, -0.436423, -0.445289, -0.433919, -0.389613, -0.31688, -0.20719, -0.0705875, 0.0950312, 0.273003, 0.459465, 0.633322, 0.788572, 0.904779, 0.979549, 0.998722, 0.968176, 0.883041, 0.758358, 0.597178, 0.420292, 0.233735, 0.0583362, -0.102553, -0.232934, -0.335636, -0.401305, -0.439057, -0.444815, -0.431538, -0.397399, -0.356091, -0.305247, -0.257096, -0.207264, -0.165786, -0.126187, -0.0966855, -0.0693845
0.000969252, -0.000969252, 0.000969252, -0.000969252, 0.000969252, -0.000969252, 0.000969252, -0.000969252, 0.000969252, -0.000969252, 0.000969252, -0.000969252, 0.000969252, -0.000969252, 0.000969252, -0.000969252, 0.000969252, -0.000969252, 0.000969252, -0.000969252, 0.000969252, -0.000969252, 0.000969252, -0.000969252, 0.000969252, -0.000969252, 0.000969252, -0.000969252, 0.000969252, -0.000969252, 0.000969252, -0.000969252, 0.000969252, -0.000969252, 0.000969252, -0.000969252, 0.000969252, -0.000969252, 0.000969252, -0.000969252, 0.000969252, -0.000969252, 0.000969252, -0.000969252, 0.000969252, -0.000969252, 0.000969252, -0.000969252, 0.000969252, -0.000969252, 0.000969252, -0.000969252, 0.000969252, -0.000969252, 0.000969252, -0.000969252, 0.000969252, -0.000969252, 0.000969252, -0.000969252, 0.000969252, -0.000969252, 0.000969252, -0.000969252, 0.000969252, -0.000969252, 0.000969252, -0.000969252, 0.000969252, -0.000969252, 0.000969252, -0.000969252, 0.000969252, -0.000969252, 0.000969252, -0.000969252, 0.000969252, -0.000969252, 0.000969252, -0.000969252, 0.000969252, -0.000969252, 0.000969252, -0.000969252, 0.000969252, -0.000969252, 0.000969252, -0.000969252, 0.000969252, -0.000969252, 0.000969252, -0.000969252, 0.000969252, -0.000969252, 0.000969252, -0.000969252, 0.000969252, -0.000969252, 0.000969252, -0.000969252, 0.000969252, -0.000969252, 0.000969252, -0.000969252, 0.000969252, -0.000969252, 0.000969252, -0.000969252, 0.000969252, -0.000969252, 0.000969252, -0.000969252, 0.000969252, -0.000969252, 0.000969252, -0.000969252, 0.000969252, -0.000969252, 0.000969252, -0.000969252, 0.000969252, -0.000969252, 0.000969251, -0.000969252, 0.000969251, -0.000969253, 0.000969248, -0.00096926, 0.000969233, -0.000969295, 0.000969154, -0.000969466, 0.000968788, -0.000970236, 0.0009672, -0.000973444, 0.000960846, -0.00098578, 0.000937376, -0.00102954, 0.000857435, -0.0011726, 0.000606697, -0.00160293, -0.000116352, -0.00279194, -0.00202938, -0.00580236, -0.00666092, -0.0127656, -0.0168853, -0.0274183, -0.0373644, -0.0553049, -0.0743171, -0.102882, -0.133719, -0.174611, -0.217185, -0.267714, -0.315935, -0.36598, -0.405406, -0.436423, -0.445289, -0.433919, -0.389613, -0.31688, -0.20719, -0.0705875, 0.0950312, 0.273003, 0.459465, 0.633322, 0.788572, 0.904779, 0.979549, 0.998722, 0.968176, 0.883041, 0.758358, 0.597178, 0.420292, 0.233735, 0.0583362, -0.102553, -0.232934, -0.335636, -0.401305, -0.439057, -0.444815, -0.431538, -0.397399, -0.356091, -0.305247, -0.257096, -0.207264, -0.165786, -0.126187, -0.0966855
-0.000969252, 0.000969252, -0.000969252, 0.000969252, -0.000969252, 0.000969252, -0.000969252, 0.000969252, -0.000969252, 0.000969252, -0.000969252, 0.000969252, -0.000969252, 0.000969252, -0.000969252, 0.000969252, -0.000969252, 0.000969252, -0.000969252, 0.000969252, -0.000969252, 0.000969252, -0.000969252, 0.000969252, -0.000969252, 0.000969252, -0.000969252, 0.000969252, -0.000969252, 0.000969252, -0.000969252, 0.000969252, -0.000969252, 0.000969252, -0.000969252, 0.000969252, -0.000969252, 0.000969252, -0.000969252, 0.000969252, -0.000969252, 0.000969252, -0.000969252, 0.000969252, -0.000969252, 0.000969252, -0.000969252, 0.000969252, -0.000969252, 0.000969252, -0.000969252, 0.000969252, -0.000969252, 0.000969252, -0.000969252, 0.000969252, -0.000969252, 0.000969252, -0.000969252, 0.000969252, -0.000969252, 0.000969252, -0.000969252, 0.000969252, -0.000969252, 0.000969252, -0.000969252, 0.000969252, -0.000969252, 0.000969252, -0.000969252, 0.000969252, -0.000969252, 0.000969252, -0.000969252, 0.000969252, -0.000969252, 0.000969252, -0.000969252, 0.000969252, -0.000969252, 0.000969252, -0.000969252, 0.000969252, -0.000969252, 0.000969252, -0.000969252, 0.000969252, -0.000969252, 0.000969252, -0.000969252, 0.000969252, -0.000969252, 0.000969252, -0.000969252, 0.000969252, -0.000969252, 0.000969252, -0.000969252, 0.000969252, -0.000969252, 0.000969252, -0.000969252, 0.000969252, -0.000969252, 0.000969252, -0.000969252, 0.000969252, -0.000969252, 0.000969252, -0.000969252, 0.000969252, -0.000969252, 0.000969252, -0.000969252, 0.000969252, -0.000969252, 0.000969252, -0.000969252, 0.000969252, -0.000969252, 0.000969252, -0.000969252, 0.000969251, -0.000969252, 0.000969251, -0.000969253, 0.000969248, -0.00096926, 0.000969233, -0.000969295, 0.000969154, -0.000969466, 0.000968788, -0.000970236, 0.0009672, -0.000973444, 0.000960846, -0.00098578, 0.000937376, -0.00102954, 0.000857435, -0.0011726, 0.000606697, -0.00160293, -0.000116352, -0.00279194, -0.00202938, -0.00580236, -0.00666092, -0.0127656, -0.0168853, -0.0274183, -0.0373644, -0.0553049, -0.0743171, -0.102882, -0.133719, -0.174611, -0.217185, -0.267714, -0.315935, -0.36598, -0.405406, -0.436423, -0.445289, -0.433919, -0.389613, -0.31688, -0.20719, -0.0705875, 0.0950312, 0.273003, 0.459465, 0.633322, 0.788572, 0.904779, 0.979549, 0.998722, 0.968176, 0.883041, 0.758358, 0.597178, 0.420292, 0.233735, 0.0583362, -0.102553, -0.232934, -0.335636, -0.401305, -0.439057, -0.444815, -0.431538, -0.397399, -0.356091, -0.305247, -0.257096, -0.207264, -0.165786, -0.126187
0.000969252, -0.000969252, 0.000969252, -0.000969252, 0.000969252, -0.000969252, 0.000969252, -0.000969252, 0.000969252, -0.000969252, 0.000969252, -0.000969252, 0.000969252, -0.000969252, 0.000969252, -0.000969252, 0.000969252, -0.000969252, 0.000969252, -0.000969252, 0.000969252, -0.000969252, 0.000969252, -0.000969252, 0.000969252, -0.000969252, 0.000969252, -0.000969252, 0.000969252, -0.000969252, 0.000969252, -0.000969252, 0.000969252, -0.000969252, 0.000969252, -0.000969252, 0.000969252, -0.000969252, 0.000969252, -0.000969252, 0.000969252, -0.000969252, 0.000969252, -0.000969252, 0.000969252, -0.000969252, 0.000969252, -0.000969252, 0.000969252, -0.000969252, 0.000969252, -0.000969252, 0.000969252, -0.000969252, 0.000969252, -0.000969252, 0.000969252, -0.000969252, 0.000969252, -0.000969252, 0.000969252, -0.000969252, 0.000969252, -0.000969252, 0.000969252, -0.000969252, 0.000969252, -0.000969252, 0.000969252, -0.000969252, 0.000969252, -0.000969252, 0.000969252, -0.000969252, 0.000969252, -0.000969252, 0.000969252, -0.000969252, 0.000969252, -0.000969252, 0.000969252, -0.000969252, 0.000969252, -0.000969252, 0.000969252, -0.000969252, 0.000969252, -0.000969252, 0.000969252, -0.000969252, 0.000969252, -0.000969252, 0.000969252, -0.000969252, 0.000969252, -0.000969252, 0.000969252, -0.000969252, 0.000969252, -0.000969252, 0.000969252, -0.000969252, 0.000969252, -0.000969252, 0.000969252, -0.000969252, 0.000969252, -0.000969252, 0.000969252, -0.000969252, 0.000969252, -0.000969252, 0.000969252, -0.000969252, 0.000969252, -0.000969252, 0.000969252, -0.000969252, 0.000969252, -0.000969252, 0.000969252, -0.000969252, 0.000969252, -0.000969252, 0.000969251, -0.000969252, 0.000969251, -0.000969253, 0.000969248, -0.00096926, 0.000969233, -0.000969295, 0.000969154, -0.000969466, 0.000968788, -0.000970236, 0.0009672, -0.000973444, 0.000960846, -0.00098578, 0.000937376, -0.00102954, 0.000857435, -0.0011726, 0.000606697, -0.00160293, -0.000116352, -0.00279194, -0.00202938, -0.00580236, -0.00666092, -0.0127656, -0.0168853, -0.0274183, -0.0373644, -0.0553049, -0.0743171, -0.102882, -0.133719, -0.174611, -0.217185, -0.267714, -0.315935, -0.36598, -0.405406, -0.436423, -0.445289, -0.433919, -0.389613, -0.31688, -0.20719, -0.0705875, 0.0950312, 0.273003, 0.459465, 0.633322, 0.788572, 0.904779, 0.979549, 0.998722, 0.968176, 0.883041, 0.758358, 0.597178, 0.420292, 0.233735, 0.0583362, -0.102553, -0.232934, -0.335636, -0.401305, -0.439057, -0.444815, -0.431538, -0.397399, -0.356091, -0.305247, -0.257096, -0.207264, -0.165786
-0.000969252, 0.000969252, -0.000969252, 0.000969252, -0.000969252, 0.000969252, -0.000969252, 0.000969252, -0.000969252, 0.000969252, -0.000969252, 0.000969252, -0.000969252, 0.000969252, -0.000969252, 0.000969252, -0.000969252, 0.000969252, -0.000969252, 0.000969252, -0.000969252, 0.000969252, -0.000969252, 0.000969252, -0.000969252, 0.000969252, -0.000969252, 0.000969252, -0.000969252, 0.000969252, -0.000969252, 0.000969252, -0.000969252, 0.000969252, -0.000969252, 0.000969252, -0.000969252, 0.000969252, -0.000969252, 0.000969252, -0.000969252, 0.000969252, -0.000969252, 0.000969252, -0.000969252, 0.000969252, -0.000969252, 0.000969252, -0.000969252, 0.000969252, -0.000969252, 0.000969252, -0.000969252, 0.000969252, -0.000969252, 0.000969252, -0.000969252, 0.000969252, -0.000969252, 0.000969252, -0.000969252, 0.000969252, -0.000969252, 0.000969252, -0.000969252, 0.000969252, -0.000969252, 0.000969252, -0.000969252, 0.000969252, -0.000969252, 0.000969252, -0.000969252, 0.000969252, -0.000969252, 0.000969252, -0.000969252, 0.000969252, -0.000969252, 0.000969252, -0.000969252, 0.000969252, -0.000969252, 0.000969252, -0.000969252, 0.000969252, -0.000969252, 0.000969252, -0.000969252, 0.000969252, -0.000969252, 0.000969252, -0.000969252, 0.000969252, -0.000969252, 0.000969252, -0.000969252, 0.000969252, -0.000969252, 0.000969252, -0.000969252, 0.000969252, -0.000969252, 0.000969252, -0.000969252, 0.000969252, -0.000969252, 0.000969252, -0.000969252, 0.000969252, -0.000969252, 0.000969252, -0.000969252, 0.000969252, -0.000969252, 0.000969252, -0.000969252, 0.000969252, -0.000969252, 0.000969252, -0.000969252, 0.000969252, -0.000969252, 0.000969252, -0.000969252, 0.000969251, -0.000969252, 0.000969251, -0.000969253, 0.000969248, -0.00096926, 0.000969233, -0.000969295, 0.000969154, -0.000969466, 0.000968788, -0.000970236, 0.0009672, -0.000973444, 0.000960846, -0.00098578, 0.000937376, -0.00102954, 0.000857435, -0.0011726, 0.000606697, -0.00160293, -0.000116352, -0.00279194, -0.00202938, -0.00580236, -0.00666092, -0.0127656, -0.0168853, -0.0274183, -0.0373644, -0.0553049, -0.0743171, -0.102882, -0.133719, -0.174611, -0.217185, -0.267714, -0.315935, -0.36598, -0.405406, -0.436423, -0.445289, -0.433919, -0.389613, -0.31688, -0.20719, -0.0705875, 0.0950312, 0.273003, 0.459465, 0.633322, 0.788572, 0.904779, 0.979549, 0.998722, 0.968176, 0.883041, 0.758358, 0.597178, 0.420292, 0.233735, 0.0583362, -0.102553, -0.232934, -0.335636, -0.401305, -0.439057, -0.444815, -0.431538, -0.397399, -0.356091, -0.305247, -0.257096, -0.207264
0.000969252, -0.000969252, 0.000969252, -0.000969252, 0.000969252, -0.000969252, 0.000969252, -0.000969252, 0.000969252, -0.000969252, 0.000969252, -0.000969252, 0.000969252, -0.000969252, 0.000969252, -0.000969252, 0.000969252, -0.000969252, 0.000969252, -0.000969252, 0.000969252, -0.000969252, 0.000969252, -0.000969252, 0.000969252, -0.000969252, 0.000969252, -0.000969252, 0.000969252, -0.000969252, 0.000969252, -0.000969252, 0.000969252, -0.000969252, 0.000969252, -0.000969252, 0.000969252, -0.000969252, 0.000969252, -0.000969252, 0.000969252, -0.000969252, 0.000969252, -0.000969252, 0.000969252, -0.000969252, 0.000969252, -0.000969252, 0.000969252, -0.000969252, 0.000969252, -0.000969252, 0.000969252, -0.000969252, 0.000969252, -0.000969252, 0.000969252, -0.000969252, 0.000969252, -0.000969252, 0.000969252, -0.000969252, 0.000969252, -0.000969252, 0.000969252, -0.000969252, 0.000969252, -0.000969252, 0.000969252, -0.000969252, 0.000969252, -0.000969252, 0.000969252, -0.000969252, 0.000969252, -0.000969252, 0.000969252, -0.000969252, 0.000969252, -0.000969252, 0.000969252, -0.000969252, 0.000969252, -0.000969252, 0.000969252, -0.000969252, 0.000969252, -0.000969252, 0.000969252, -0.000969252, 0.000969252, -0.000969252, 0.000969252, -0.000969252, 0.000969252, -0.000969252, 0.000969252, -0.000969252, 0.000969252, -0.000969252, 0.000969252, -0.000969252, 0.000969252, -0.000969252, 0.000969252, -0.000969252, 0.000969252, -0.000969252, 0.000969252, -0.000969252, 0.000969252, -0.000969252, 0.000969252, -0.000969252, 0.000969252, -0.000969252, 0.000969252, -0.000969252, 0.000969252, -0.000969252, 0.000969252, -0.000969252, 0.000969252, -0.000969252, 0.000969252, -0.000969252, 0.000969251, -0.000969252, 0.000969251, -0.000969253, 0.000969248, -0.00096926, 0.000969233, -0.000969295, 0.000969154, -0.000969466, 0.000968788, -0.000970236, 0.0009672, -0.000973444, 0.000960846, -0.00098578, 0.000937376, -0.00102954, 0.000857435, -0.0011726, 0.000606697, -0.00160293, -0.000116352, -0.00279194, -0.00202938, -0.00580236, -0.00666092, -0.0127656, -0.0168853, -0.0274183, -0.0373644, -0.0553049, -0.0743171, -0.102882, -0.133719, -0.174611, -0.217185, -0.267714, -0.315935, -0.36598, -0.405406, -0.436423, -0.445289, -0.433919, -0.389613, -0.31688, -0.20719, -0.0705875, 0.0950312, 0.273003, 0.459465, 0.633322, 0.788572, 0.904779, 0.979549, 0.998722, 0.968176, 0.883041, 0.758358, 0.597178, 0.420292, 0.233735, 0.0583362, -0.102553, -0.232934, -0.335636, -0.401305, -0.439057, -0.444815, -0.431538, -0.397399, -0.356091, -0.305247, -0.257096
-0.000969252, 0.000969252, -0.000969252, 0.000969252, -0.000969252, 0.000969252, -0.000969252, 0.000969252, -0.000969252, 0.000969252, -0.000969252, 0.000969252, -0.000969252, 0.000969252, -0.000969252, 0.000969252, -0.000969252, 0.000969252, -0.000969252, 0.000969252, -0.000969252, 0.000969252, -0.000969252, 0.000969252, -0.000969252, 0.000969252, -0.000969252, 0.000969252, -0.000969252, 0.000969252, -0.000969252, 0.000969252, -0.000969252, 0.000969252, -0.000969252, 0.000969252, -0.000969252, 0.000969252, -0.000969252, 0.000969252, -0.000969252, 0.000969252, -0.000969252, 0.000969252, -0.000969252, 0.000969252, -0.000969252, 0.000969252, -0.000969252, 0.000969252, -0.000969252, 0.000969252, -0.000969252, 0.000969252, -0.000969252, 0.000969252, -0.000969252, 0.000969252, -0.000969252, 0.000969252, -0.000969252, 0.000969252, -0.000969252, 0.000969252, -0.000969252, 0.000969252, -0.000969252, 0.000969252, -0.000969252, 0.000969252, -0.000969252, 0.000969252, -0.000969252, 0.000969252, -0.000969252, 0.000969252, -0.000969252, 0.000969252, -0.000969252, 0.000969252, -0.000969252, 0.000969252, -0.000969252, 0.000969252, -0.000969252, 0.000969252, -0.000969252, 0.000969252, -0.000969252, 0.000969252, -0.000969252, 0.000969252, -0.000969252, 0.000969252, -0.000969252, 0.000969252, -0.000969252, 0.000969252, -0.000969252, 0.000969252, -0.000969252, 0.000969252, -0.000969252, 0.000969252, -0.000969252, 0.000969252, -0.000969252, 0.000969252, -0.000969252, 0.000969252, -0.000969252, 0.000969252, -0.000969252, 0.000969252, -0.000969252, 0.000969252, -0.000969252, 0.000969252, -0.000969252, 0.000969252, -0.000969252, 0.000969252, -0.000969252, 0.000969252, -0.000969252, 0.000969252, -0.000969252, 0.000969251, -0.000969252, 0.000969251, -0.000969253, 0.000969248, -0.00096926, 0.000969233, -0.000969295, 0.000969154, -0.000969466, 0.000968788, -0.000970236, 0.0009672, -0.000973444, 0.000960846, -0.00098578, 0.000937376, -0.00102954, 0.000857435, -0.0011726, 0.000606697, -0.00160293, -0.000116352, -0.00279194, -0.00202938, -0.00580236, -0.00666092, -0.0127656, -0.0168853, -0.0274183, -0.0373644, -0.0553049, -0.0743171, -0.102882, -0.133719, -0.174611, -0.217185, -0.267714, -0.315935, -0.36598, -0.405406, -0.436423, -0.445289, -0.433919, -0.389613, -0.31688, -0.20719, -0.0705875, 0.0950312, 0.273003, 0.459465, 0.633322, 0.788572, 0.904779, 0.979549, 0.998722, 0.968176, 0.883041, 0.758358, 0.597178, 0.420292, 0.233735, 0.0583362, -0.102553, -0.232934, -0.335636, -0.401305, -0.439057, -0.444815, -0.431538, -0.397399, -0.356091, -0.305247
0.000969252, -0.000969252, 0.000969252, -0.000969252, 0.000969252, -0.000969252, 0.000969252, -0.000969252, 0.000969252, -0.000969252, 0.000969252, -0.000969252, 0.000969252, -0.000969252, 0.000969252, -0.000969252, 0.000969252, -0.000969252, 0.000969252, -0.000969252, 0.000969252, -0.000969252, 0.000969252, -0.000969252, 0.000969252, -0.000969252, 0.000969252, -0.000969252, 0.000969252, -0.000969252, 0.000969252, -0.000969252, 0.000969252, -0.000969252, 0.000969252, -0.000969252, 0.000969252, -0.000969252, 0.000969252, -0.000969252, 0.000969252, -0.000969252, 0.000969252, -0.000969252, 0.000969252, -0.000969252, 0.000969252, -0.000969252, 0.000969252, -0.000969252, 0.000969252, -0.000969252, 0.000969252, -0.000969252, 0.000969252, -0.000969252, 0.000969252, -0.000969252, 0.000969252, -0.000969252, 0.000969252, -0.000969252, 0.000969252, -0.000969252, 0.000969252, -0.000969252, 0.000969252, -0.000969252, 0.000969252, -0.000969252, 0.000969252, -0.000969252, 0.000969252, -0.000969252, 0.000969252, -0.000969252, 0.000969252, -0.000969252, 0.000969252, -0.000969252, 0.000969252, -0.000969252, 0.000969252, -0.000969252, 0.000969252, -0.000969252, 0.000969252, -0.000969252, 0.000969252, -0.000969252, 0.000969252, -0.000969252, 0.000969252, -0.000969252, 0.000969252, -0.000969252, 0.000969252, -0.000969252, 0.000969252, -0.000969252, 0.000969252, -0.000969252, 0.000969252, -0.000969252, 0.000969252, -0.000969252, 0.000969252, -0.000969252, 0.000969252, -0.000969252, 0.000969252, -0.000969252, 0.000969252, -0.000969252, 0.000969252, -0.000969252, 0.000969252, -0.000969252, 0.000969252, -0.000969252, 0.000969252, -0.000969252, 0.000969252, -0.000969252, 0.000969252, -0.000969252, 0.000969252, -0.000969252, 0.000969251, -0.000969252, 0.000969251, -0.000969253, 0.000969248, -0.00096926, 0.000969233, -0.000969295, 0.000969154, -0.000969466, 0.000968788, -0.000970236, 0.0009672, -0.000973444, 0.000960846, -0.00098578, 0.000937376, -0.00102954, 0.000857435, -0.0011726, 0.000606697, -0.00160293, -0.000116352, -0.00279194, -0.00202938, -0.00580236, -0.00666092, -0.0127656, -0.0168853, -0.0274183, -0.0373644, -0.0553049, -0.0743171, -0.102882, -0.133719, -0.174611, -0.217185, -0.267714, -0.315935, -0.36598, -0.405406, -0.436423, -0.445289, -0.433919, -0.389613, -0.31688, -0.20719, -0.0705875, 0.0950312, 0.273003, 0.459465, 0.633322, 0.788572, 0.904779, 0.979549, 0.998722, 0.968176, 0.883041, 0.758358, 0.597178, 0.420292, 0.233735, 0.0583362, -0.102553, -0.232934, -0.335636, -0.401305, -0.439057, -0.444815, -0.431538, -0.397399, -0.356091
-0.000969252, 0.000969252, -0.000969252, 0.000969252, -0.000969252, 0.000969252, -0.000969252, 0.000969252, -0.000969252, 0.000969252, -0.000969252, 0.000969252, -0.000969252, 0.000969252, -0.000969252, 0.000969252, -0.000969252, 0.000969252, -0.000969252, 0.000969252, -0.000969252, 0.000969252, -0.000969252, 0.000969252, -0.000969252, 0.000969252, -0.000969252, 0.000969252, -0.000969252, 0.000969252, -0.000969252, 0.000969252, -0.000969252, 0.000969252, -0.000969252, 0.000969252, -0.000969252, 0.000969252, -0.000969252, 0.000969252, -0.000969252, 0.000969252, -0.000969252, 0.000969252, -0.000969252, 0.000969252, -0.000969252, 0.000969252, -0.000969252, 0.000969252, -0.000969252, 0.000969252, -0.000969252, 0.000969252, -0.000969252, 0.000969252, -0.000969252, 0.000969252, -0.000969252, 0.000969252, -0.000969252, 0.000969252, -0.000969252, 0.000969252, -0.000969252, 0.000969252, -0.000969252, 0.000969252, -0.000969252, 0.000969252, -0.000969252, 0.000969252, -0.000969252, 0.000969252, -0.000969252, 0.000969252, -0.000969252, 0.000969252, -0.000969252, 0.000969252, -0.000969252, 0.000969252, -0.000969252, 0.000969252, -0.000969252, 0.000969252, -0.000969252, 0.000969252, -0.000969252, 0.000969252, -0.000969252, 0.000969252, -0.000969252, 0.000969252, -0.000969252, 0.000969252, -0.000969252, 0.000969252, -0.000969252, 0.000969252, -0.000969252, 0.000969252, -0.000969252, 0.000969252, -0.000969252, 0.000969252, -0.000969252, 0.000969252, -0.000969252, 0.000969252, -0.000969252, 0.000969252, -0.000969252, 0.000969252, -0.000969252, 0.000969252, -0.000969252, 0.000969252, -0.000969252, 0.000969252, -0.000969252, 0.000969252, -0.000969252, 0.000969252, -0.000969252, 0.000969252, -0.000969252, 0.000969252, -0.000969252, 0.000969251, -0.000969252, 0.000969251, -0.000969253, 0.000969248, -0.00096926, 0.000969233, -0.000969295, 0.000969154, -0.000969466, 0.000968788, -0.000970236, 0.0009672, -0.000973444, 0.000960846, -0.00098578, 0.000937376, -0.00102954, 0.000857435, -0.0011726, 0.000606697, -0.00160293, -0.000116352, -0.00279194, -0.00202938, -0.00580236, -0.00666092, -0.0127656, -0.0168853, -0.0274183, -0.0373644, -0.0553049, -0.0743171, -0.102882, -0.133719, -0.174611, -0.217185, -0.267714, -0.315935, -0.36598, -0.405406, -0.436423, -0.445289, -0.433919, -0.389613, -0.31688, -0.20719, -0.0705875, 0.0950312, 0.273003, 0.459465, 0.633322, 0.788572, 0.904779, 0.979549, 0.998722, 0.968176, 0.883041, 0.758358, 0.597178, 0.420292, 0.233735, 0.0583362, -0.102553, -0.232934, -0.335636, -0.401305, -0.439057, -0.444815, -0.431538, -0.397399
0.000969252, -0.000969252, 0.000969252, -0.000969252, 0.000969252, -0.000969252, 0.000969252, -0.000969252, 0.000969252, -0.000969252, 0.000969252, -0.000969252, 0.000969252, -0.000969252, 0.000969252, -0.000969252, 0.000969252, -0.000969252, 0.000969252, -0.000969252, 0.000969252, -0.000969252, 0.000969252, -0.000969252, 0.000969252, -0.000969252, 0.000969252, -0.000969252, 0.000969252, -0.000969252, 0.000969252, -0.000969252, 0.000969252, -0.000969252, 0.000969252, -0.000969252, 0.000969252, -0.000969252, 0.000969252, -0.000969252, 0.000969252, -0.000969252, 0.000969252, -0.000969252, 0.000969252, -0.000969252, 0.000969252, -0.000969252, 0.000969252, -0.000969252, 0.000969252, -0.000969252, 0.000969252, -0.000969252, 0.000969252, -0.000969252, 0.000969252, -0.000969252, 0.000969252, -0.000969252, 0.000969252, -0.000969252, 0.000969252, -0.000969252, 0.000969252, -0.000969252, 0.000969252, -0.000969252, 0.000969252, -0.000969252, 0.000969252, -0.000969252, 0.000969252, -0.000969252, 0.000969252, -0.000969252, 0.000969252, -0.000969252, 0.000969252, -0.000969252, 0.000969252, -0.000969252, 0.000969252, -0.000969252, 0.000969252, -0.000969252, 0.000969252, -0.000969252, 0.000969252, -0.000969252, 0.000969252, -0.000969252, 0.000969252, -0.000969252, 0.000969252, -0.000969252, 0.000969252, -0.000969252, 0.000969252, -0.000969252, 0.000969252, -0.000969252, 0.000969252, -0.000969252, 0.000969252, -0.000969252, 0.000969252, -0.000969252, 0.000969252, -0.000969252, 0.000969252, -0.000969252, 0.000969252, -0.000969252, 0.000969252, -0.000969252, 0.000969252, -0.000969252, 0.000969252, -0.000969252, 0.000969252, -0.000969252, 0.000969252, -0.000969252, 0.000969252, -0.000969252, 0.000969252, -0.000969252, 0.000969252, -0.000969252, 0.000969251, -0.000969252, 0.000969251, -0.000969253, 0.000969248, -0.00096926, 0.000969233, -0.000969295, 0.000969154, -0.000969466, 0.000968788, -0.000970236, 0.0009672, -0.000973444, 0.000960846, -0.00098578, 0.000937376, -0.00102954, 0.000857435, -0.0011726, 0.000606697, -0.00160293, -0.000116352, -0.00279194, -0.00202938, -0.00580236, -0.00666092, -0.0127656, -0.0168853, -0.0274183, -0.0373644, -0.0553049, -0.0743171, -0.102882, -0.133719, -0.174611, -0.217185, -0.267714, -0.315935, -0.36598, -0.405406, -0.436423, -0.445289, -0.433919, -0.389613, -0.31688, -0.20719, -0.0705875, 0.0950312, 0.273003, 0.459465, 0.633322, 0.788572, 0.904779, 0.979549, 0.998722, 0.968176, 0.883041, 0.758358, 0.597178, 0.420292, 0.233735, 0.0583362, -0.102553, -0.232934, -0.335636, -0.401305, -0.439057, -0.444815, -0.431538
-0.000969252, 0.000969252, -0.000969252, 0.000969252, -0.000969252, 0.000969252, -0.000969252, 0.000969252, -0.000969252, 0.000969252, -0.000969252, 0.000969252, -0.000969252, 0.000969252, -0.000969252, 0.000969252, -0.000969252, 0.000969252, -0.000969252, 0.000969252, -0.000969252, 0.000969252, -0.000969252, 0.000969252, -0.000969252, 0.000969252, -0.000969252, 0.000969252, -0.000969252, 0.000969252, -0.000969252, 0.000969252, -0.000969252, 0.000969252, -0.000969252, 0.000969252, -0.000969252, 0.000969252, -0.000969252, 0.000969252, -0.000969252, 0.000969252, -0.000969252, 0.000969252, -0.000969252, 0.000969252, -0.000969252, 0.000969252, -0.000969252, 0.000969252, -0.000969252, 0.000969252, -0.000969252, 0.000969252, -0.000969252, 0.000969252, -0.000969252, 0.000969252, -0.000969252, 0.000969252, -0.000969252, 0.000969252, -0.000969252, 0.000969252, -0.000969252, 0.000969252, -0.000969252, 0.000969252, -0.000969252, 0.000969252, -0.000969252, 0.000969252, -0.000969252, 0.000969252, -0.000969252, 0.000969252, -0.000969252, 0.000969252, -0.000969252, 0.000969252, -0.000969252, 0.000969252, -0.000969252, 0.000969252, -0.000969252, 0.000969252, -0.000969252, 0.000969252, -0.000969252, 0.000969252, -0.000969252, 0.000969252, -0.000969252, 0.000969252, -0.000969252, 0.000969252, -0.000969252, 0.000969252, -0.000969252, 0.000969252, -0.000969252, 0.000969252, -0.000969252, 0.000969252, -0.000969252, 0.000969252, -0.000969252, 0.000969252, -0.000969252, 0.000969252, -0.000969252, 0.000969252, -0.000969252, 0.000969252, -0.000969252, 0.000969252, -0.000969252, 0.000969252, -0.000969252, 0.000969252, -0.000969252, 0.000969252, -0.000969252, 0.000969252, -0.000969252, 0.000969252, -0.000969252, 0.000969252, -0.000969252, 0.000969252, -0.000969252, 0.000969251, -0.000969252, 0.000969251, -0.000969253, 0.000969248, -0.00096926, 0.000969233, -0.000969295, 0.000969154, -0.000969466, 0.000968788, -0.000970236, 0.0009672, -0.000973444, 0.000960846, -0.00098578, 0.000937376, -0.00102954, 0.000857435, -0.0011726, 0.000606697, -0.00160293, -0.000116352, -0.00279194, -0.00202938, -0.00580236, -0.00666092, -0.0127656, -0.0168853, -0.0274183, -0.0373644, -0.0553049, -0.0743171, -0.102882, -0.133719, -0.174611, -0.217185, -0.267714, -0.315935, -0.36598, -0.405406, -0.436423, -0.445289, -0.433919, -0.389613, -0.31688, -0.20719, -0.0705875, 0.0950312, 0.273003, 0.459465, 0.633322, 0.788572, 0.904779, 0.979549, 0.998722, 0.968176, 0.883041, 0.758358, 0.597178, 0.420292, 0.233735, 0.0583362, -0.102553, -0.232934, -0.335636, -0.401305, -0.439057, -0.444815
0.000969252, -0.000969252, 0.000969252, -0.000969252, 0.000969252, -0.000969252, 0.000969252, -0.000969252, 0.000969252, -0.000969252, 0.000969252, -0.000969252, 0.000969252, -0.000969252, 0.000969252, -0.000969252, 0.000969252, -0.000969252, 0.000969252, -0.000969252, 0.000969252, -0.000969252, 0.000969252, -0.000969252, 0.000969252, -0.000969252, 0.000969252, -0.000969252, 0.000969252, -0.000969252, 0.000969252, -0.000969252, 0.000969252, -0.000969252, 0.000969252, -0.000969252, 0.000969252, -0.000969252, 0.000969252, -0.000969252, 0.000969252, -0.000969252, 0.000969252, -0.000969252, 0.000969252, -0.000969252, 0.000969252, -0.000969252, 0.000969252, -0.000969252, 0.000969252, -0.000969252, 0.000969252, -0.000969252, 0.000969252, -0.000969252, 0.000969252, -0.000969252, 0.000969252, -0.000969252, 0.000969252, -0.000969252, 0.000969252, -0.000969252, 0.000969252, -0.000969252, 0.000969252, -0.000969252, 0.000969252, -0.000969252, 0.000969252, -0.000969252, 0.000969252, -0.000969252, 0.000969252, -0.000969252, 0.000969252, -0.000969252, 0.000969252, -0.000969252, 0.000969252, -0.000969252, 0.000969252, -0.000969252, 0.000969252, -0.000969252, 0.000969252, -0.000969252, 0.000969252, -0.000969252, 0.000969252, -0.000969252, 0.000969252, -0.000969252, 0.000969252, -0.000969252, 0.000969252, -0.000969252, 0.000969252, -0.000969252, 0.000969252, -0.000969252, 0.000969252, -0.000969252, 0.000969252, -0.000969252, 0.000969252, -0.000969252, 0.000969252, -0.000969252, 0.000969252, -0.000969252, 0.000969252, -0.000969252, 0.000969252, -0.000969252, 0.000969252, -0.000969252, 0.000969252, -0.000969252, 0.000969252, -0.000969252, 0.000969252, -0.000969252, 0.000969252, -0.000969252, 0.000969252, -0.000969252, 0.000969252, -0.000969252, 0.000969252, -0.000969252, 0.000969251, -0.000969252, 0.000969251, -0.000969253, 0.000969248, -0.00096926, 0.000969233, -0.000969295, 0.000969154, -0.000969466, 0.000968788, -0.000970236, 0.0009672, -0.000973444, 0.000960846, -0.00098578, 0.000937376, -0.00102954, 0.000857435, -0.0011726, 0.000606697, -0.00160293, -0.000116352, -0.00279194, -0.00202938, -0.00580236, -0.00666092, -0.0127656, -0.0168853, -0.0274183, -0.0373644, -0.0553049, -0.0743171, -0.102882, -0.133719, -0.174611, -0.217185, -0.267714, -0.315935, -0.36598, -0.405406, -0.436423, -0.445289, -0.433919, -0.389613, -0.31688, -0.20719, -0.0705875, 0.0950312, 0.273003, 0.459465, 0.633322, 0.788572, 0.904779, 0.979549, 0.998722, 0.968176, 0.883041, 0.758358, 0.597178, 0.420292, 0.233735, 0.0583362, -0.102553, -0.232934, -0.335636, -0.401305, -0.439057
-0.000969252, 0.000969252, -0.000969252, 0.000969252, -0.000969252, 0.000969252, -0.000969252, 0.000969252, -0.000969252, 0.000969252, -0.000969252, 0.000969252, -0.000969252, 0.000969252, -0.000969252, 0.000969252, -0.000969252, 0.000969252, -0.000969252, 0.000969252, -0.000969252, 0.000969252, -0.000969252, 0.000969252, -0.000969252, 0.000969252, -0.000969252, 0.000969252, -0.000969252, 0.000969252, -0.000969252, 0.000969252, -0.000969252, 0.000969252, -0.000969252, 0.000969252, -0.000969252, 0.000969252, -0.000969252, 0.000969252, -0.000969252, 0.000969252, -0.000969252, 0.000969252, -0.000969252, 0.000969252, -0.000969252, 0.000969252, -0.000969252, 0.000969252, -0.000969252, 0.000969252, -0.000969252, 0.000969252, -0.000969252, 0.000969252, -0.000969252, 0.000969252, -0.000969252, 0.000969252, -0.000969252, 0.000969252, -0.000969252, 0.000969252, -0.000969252, 0.000969252, -0.000969252, 0.000969252, -0.000969252, 0.000969252, -0.000969252, 0.000969252, -0.000969252, 0.000969252, -0.000969252, 0.000969252, -0.000969252, 0.000969252, -0.000969252, 0.000969252, -0.000969252, 0.000969252, -0.000969252, 0.000969252, -0.000969252, 0.000969252, -0.000969252, 0.000969252, -0.000969252, 0.000969252, -0.000969252, 0.000969252, -0.000969252, 0.000969252, -0.000969252, 0.000969252, -0.000969252, 0.000969252, -0.000969252, 0.000969252, -0.000969252, 0.000969252, -0.000969252, 0.000969252, -0.000969252, 0.000969252, -0.000969252, 0.000969252, -0.000969252, 0.000969252, -0.000969252, 0.000969252, -0.000969252, 0.000969252, -0.000969252, 0.000969252, -0.000969252, 0.000969252, -0.000969252, 0.000969252, -0.000969252, 0.000969252, -0.000969252, 0.000969252, -0.000969252, 0.000969252, -0.000969252, 0.000969252, -0.000969252, 0.000969252, -0.000969252, 0.000969252, -0.000969252, 0.000969251, -0.000969252, 0.000969251, -0.000969253, 0.000969248, -0.00096926, 0.000969233, -0.000969295, 0.000969154, -0.000969466, 0.000968788, -0.000970236, 0.0009672, -0.000973444, 0.000960846, -0.00098578, 0.000937376, -0.00102954, 0.000857435, -0.0011726, 0.000606697, -0.00160293, -0.000116352, -0.00279194, -0.00202938, -0.00580236, -0.00666092, -0.0127656, -0.0168853, -0.0274183, -0.0373644, -0.0553049, -0.0743171, -0.102882, -0.133719, -0.174611, -0.217185, -0.267714, -0.315935, -0.36598, -0.405406, -0.436423, -0.445289, -0.433919, -0.389613, -0.31688, -0.20719, -0.0705875, 0.0950312, 0.273003, 0.459465, 0.633322, 0.788572, 0.904779, 0.979549, 0.998722, 0.968176, 0.883041, 0.758358, 0.597178, 0.420292, 0.233735, 0.0583362, -0.102553, -0.232934, -0.335636, -0.401305
0.000969252, -0.000969252, 0.000969252, -0.000969252, 0.000969252, -0.000969252, 0.000969252, -0.000969252, 0.000969252, -0.000969252, 0.000969252, -0.000969252, 0.000969252, -0.000969252, 0.000969252, -0.000969252, 0.000969252, -0.000969252, 0.000969252, -0.000969252, 0.000969252, -0.000969252, 0.000969252, -0.000969252, 0.000969252, -0.000969252, 0.000969252, -0.000969252, 0.000969252, -0.000969252, 0.000969252, -0.000969252, 0.000969252, -0.000969252, 0.000969252, -0.000969252, 0.000969252, -0.000969252, 0.000969252, -0.000969252, 0.000969252, -0.000969252, 0.000969252, -0.000969252, 0.000969252, -0.000969252, 0.000969252, -0.000969252, 0.000969252, -0.000969252, 0.000969252, -0.000969252, 0.000969252, -0.000969252, 0.000969252, -0.000969252, 0.000969252, -0.000969252, 0.000969252, -0.000969252, 0.000969252, -0.000969252, 0.000969252, -0.000969252, 0.000969252, -0.000969252, 0.000969252, -0.000969252, 0.000969252, -0.000969252, 0.000969252, -0.000969252, 0.000969252, -0.000969252, 0.000969252, -0.000969252, 0.000969252, -0.000969252, 0.000969252, -0.000969252, 0.000969252, -0.000969252, 0.000969252, -0.000969252, 0.000969252, -0.000969252, 0.000969252, -0.000969252, 0.000969252, -0.000969252, 0.000969252, -0.000969252, 0.000969252, -0.000969252, 0.000969252, -0.000969252, 0.000969252, -0.000969252, 0.000969252, -0.000969252, 0.000969252, -0.000969252, 0.000969252, -0.000969252, 0.000969252, -0.000969252, 0.000969252, -0.000969252, 0.000969252, -0.000969252, 0.000969252, -0.000969252, 0.000969252, -0.000969252, 0.000969252, -0.000969252, 0.000969252, -0.000969252, 0.000969252, -0.000969252, 0.000969252, -0.000969252, 0.000969252, -0.000969252, 0.000969252, -0.000969252, 0.000969252, -0.000969252, 0.000969252, -0.000969252, 0.000969252, -0.000969252, 0.000969252, -0.000969252, 0.000969251, -0.000969252, 0.000969251, -0.000969253, 0.000969248, -0.00096926, 0.000969233, -0.000969295, 0.000969154, -0.000969466, 0.000968788, -0.000970236, 0.0009672, -0.000973444, 0.000960846, -0.00098578, 0.000937376, -0.00102954, 0.000857435, -0.0011726, 0.000606697, -0.00160293, -0.000116352, -0.00279194, -0.00202938, -0.00580236, -0.00666092, -0.0127656, -0.0168853, -0.0274183, -0.0373644, -0.0553049, -0.0743171, -0.102882, -0.133719, -0.174611, -0.217185, -0.267714, -0.315935, -0.36598, -0.405406, -0.436423, -0.445289, -0.433919, -0.389613, -0.31688, -0.20719, -0.0705875, 0.0950312, 0.273003, 0.459465, 0.633322, 0.788572, 0.904779, 0.979549, 0.998722, 0.968176, 0.883041, 0.758358, 0.597178, 0.420292, 0.233735, 0.0583362, -0.102553, -0.232934, -0.335636
-0.000969252, 0.000969252, -0.000969252, 0.000969252, -0.000969252, 0.000969252, -0.000969252, 0.000969252, -0.000969252, 0.000969252, -0.000969252, 0.000969252, -0.000969252, 0.000969252, -0.000969252, 0.000969252, -0.000969252, 0.000969252, -0.000969252, 0.000969252, -0.000969252, 0.000969252, -0.000969252, 0.000969252, -0.000969252, 0.000969252, -0.000969252, 0.000969252, -0.000969252, 0.000969252, -0.000969252, 0.000969252, -0.000969252, 0.000969252, -0.000969252, 0.000969252, -0.000969252, 0.000969252, -0.000969252, 0.000969252, -0.000969252, 0.000969252, -0.000969252, 0.000969252, -0.000969252, 0.000969252, -0.000969252, 0.000969252, -0.000969252, 0.000969252, -0.000969252, 0.000969252, -0.000969252, 0.000969252, -0.000969252, 0.000969252, -0.000969252, 0.000969252, -0.000969252, 0.000969252, -0.000969252, 0.000969252, -0.000969252, 0.000969252, -0.000969252, 0.000969252, -0.000969252, 0.000969252, -0.000969252, 0.000969252, -0.000969252, 0.000969252, -0.000969252, 0.000969252, -0.000969252, 0.000969252, -0.000969252, 0.000969252, -0.000969252, 0.000969252, -0.000969252, 0.000969252, -0.000969252, 0.000969252, -0.000969252, 0.000969252, -0.000969252, 0.000969252, -0.000969252, 0.000969252, -0.000969252, 0.000969252, -0.000969252, 0.000969252, -0.000969252, 0.000969252, -0.000969252, 0.000969252, -0.000969252, 0.000969252, -0.000969252, 0.000969252, -0.000969252, 0.000969252, -0.000969252, 0.000969252, -0.000969252, 0.000969252, -0.000969252, 0.000969252, -0.000969252, 0.000969252, -0.000969252, 0.000969252, -0.000969252, 0.000969252, -0.000969252, 0.000969252, -0.000969252, 0.000969252, -0.000969252, 0.000969252, -0.000969252, 0.000969252, -0.000969252, 0.000969252, -0.000969252, 0.000969252, -0.000969252, 0.000969252, -0.000969252, 0.000969252, -0.000969252, 0.000969252, -0.000969252, 0.000969251, -0.000969252, 0.000969251, -0.000969253, 0.000969248, -0.00096926, 0.000969233, -0.000969295, 0.000969154, -0.000969466, 0.000968788, -0.000970236, 0.0009672, -0.000973444, 0.000960846, -0.00098578, 0.000937376, -0.00102954, 0.000857435, -0.0011726, 0.000606697, -0.00160293, -0.000116352, -0.00279194, -0.00202938, -0.00580236, -0.00666092, -0.0127656, -0.0168853, -0.0274183, -0.0373644, -0.0553049, -0.0743171, -0.102882, -0.133719, -0.174611, -0.217185, -0.267714, -0.315935, -0.36598, -0.405406, -0.436423, -0.445289, -0.433919, -0.389613, -0.31688, -0.20719, -0.0705875, 0.0950312, 0.273003, 0.459465, 0.633322, 0.788572, 0.904779, 0.979549, 0.998722, 0.968176, 0.883041, 0.758358, 0.597178, 0.420292, 0.233735, 0.0583362, -0.102553, -0.232934
0.000969252, -0.000969252, 0.000969252, -0.000969252, 0.000969252, -0.000969252, 0.000969252, -0.000969252, 0.000969252, -0.000969252, 0.000969252, -0.000969252, 0.000969252, -0.000969252, 0.000969252, -0.000969252, 0.000969252, -0.000969252, 0.000969252, -0.000969252, 0.000969252, -0.000969252, 0.000969252, -0.000969252, 0.000969252, -0.000969252, 0.000969252, -0.000969252, 0.000969252, -0.000969252, 0.000969252, -0.000969252, 0.000969252, -0.000969252, 0.000969252, -0.000969252, 0.000969252, -0.000969252, 0.000969252, -0.000969252, 0.000969252, -0.000969252, 0.000969252, -0.000969252, 0.000969252, -0.000969252, 0.000969252, -0.000969252, 0.000969252, -0.000969252, 0.000969252, -0.000969252, 0.000969252, -0.000969252, 0.000969252, -0.000969252, 0.000969252, -0.000969252, 0.000969252, -0.000969252, 0.000969252, -0.000969252, 0.000969252, -0.000969252, 0.000969252, -0.000969252, 0.000969252, -0.000969252, 0.000969252, -0.000969252, 0.000969252, -0.000969252, 0.000969252, -0.000969252, 0.000969252, -0.000969252, 0.000969252, -0.000969252, 0.000969252, -0.000969252, 0.000969252, -0.000969252, 0.000969252, -0.000969252, 0.000969252, -0.000969252, 0.000969252, -0.000969252, 0.000969252, -0.000969252, 0.000969252, -0.000969252, 0.000969252, -0.000969252, 0.000969252, -0.000969252, 0.000969252, -0.000969252, 0.000969252, -0.000969252, 0.000969252, -0.000969252, 0.000969252, -0.000969252, 0.000969252, -0.000969252, 0.000969252, -0.000969252, 0.000969252, -0.000969252, 0.000969252, -0.000969252, 0.000969252, -0.000969252, 0.000969252, -0.000969252, 0.000969252, -0.000969252, 0.000969252, -0.000969252, 0.000969252, -0.000969252, 0.000969252, -0.000969252, 0.000969252, -0.000969252, 0.000969252, -0.000969252, 0.000969252, -0.000969252, 0.000969252, -0.000969252, 0.000969252, -0.000969252, 0.000969252, -0.000969252, 0.000969251, -0.000969252, 0.000969251, -0.000969253, 0.000969248, -0.00096926, 0.000969233, -0.000969295, 0.000969154, -0.000969466, 0.000968788, -0.000970236, 0.0009672, -0.000973444, 0.000960846, -0.00098578, 0.000937376, -0.00102954, 0.000857435, -0.0011726, 0.000606697, -0.00160293, -0.000116352, -0.00279194, -0.00202938, -0.00580236, -0.00666092, -0.0127656, -0.0168853, -0.0274183, -0.0373644, -0.0553049, -0.0743171, -0.102882, -0.133719, -0.174611, -0.217185, -0.267714, -0.315935, -0.36598, -0.405406, -0.436423, -0.445289, -0.433919, -0.389613, -0.31688, -0.20719, -0.0705875, 0.0950312, 0.273003, 0.459465, 0.633322, 0.788572, 0.904779, 0.979549, 0.998722, 0.968176, 0.883041, 0.758358, 0.597178, 0.420292, 0.233735, 0.0583362, -0.102553
-0.000969252, 0.000969252, -0.000969252, 0.000969252, -0.000969252, 0.000969252, -0.000969252, 0.000969252, -0.000969252, 0.000969252, -0.000969252, 0.000969252, -0.000969252, 0.000969252, -0.000969252, 0.000969252, -0.000969252, 0.000969252, -0.000969252, 0.000969252, -0.000969252, 0.000969252, -0.000969252, 0.000969252, -0.000969252, 0.000969252, -0.000969252, 0.000969252, -0.000969252, 0.000969252, -0.000969252, 0.000969252, -0.000969252, 0.000969252, -0.000969252, 0.000969252, -0.000969252, 0.000969252, -0.000969252, 0.000969252, -0.000969252, 0.000969252, -0.000969252, 0.000969252, -0.000969252, 0.000969252, -0.000969252, 0.000969252, -0.000969252, 0.000969252, -0.000969252, 0.000969252, -0.000969252, 0.000969252, -0.000969252, 0.000969252, -0.000969252, 0.000969252, -0.000969252, 0.000969252, -0.000969252, 0.000969252, -0.000969252, 0.000969252, -0.000969252, 0.000969252, -0.000969252, 0.000969252, -0.000969252, 0.000969252, -0.000969252, 0.000969252, -0.000969252, 0.000969252, -0.000969252, 0.000969252, -0.000969252, 0.000969252, -0.000969252, 0.000969252, -0.000969252, 0.000969252, -0.000969252, 0.000969252, -0.000969252, 0.000969252, -0.000969252, 0.000969252, -0.000969252, 0.000969252, -0.000969252, 0.000969252, -0.000969252, 0.000969252, -0.000969252, 0.000969252, -0.000969252, 0.000969252, -0.000969252, 0.000969252, -0.000969252, 0.000969252, -0.000969252, 0.000969252, -0.000969252, 0.000969252, -0.000969252, 0.000969252, -0.000969252, 0.000969252, -0.000969252, 0.000969252, -0.000969252, 0.000969252, -0.000969252, 0.000969252, -0.000969252, 0.000969252, -0.000969252, 0.000969252, -0.000969252, 0.000969252, -0.000969252, 0.000969252, -0.000969252, 0.000969252, -0.000969252, 0.000969252, -0.000969252, 0.000969252, -0.000969252, 0.000969252, -0.000969252, 0.000969252, -0.000969252, 0.000969252, -0.000969252, 0.000969251, -0.000969252, 0.000969251, -0.000969253, 0.000969248, -0.00096926, 0.000969233, -0.000969295, 0.000969154, -0.000969466, 0.000968788, -0.000970236, 0.0009672, -0.000973444, 0.000960846, -0.00098578, 0.000937376, -0.00102954, 0.000857435, -0.0011726, 0.000606697, -0.00160293, -0.000116352, -0.00279194, -0.00202938, -0.00580236, -0.00666092, -0.0127656, -0.0168853, -0.0274183, -0.0373644, -0.0553049, -0.0743171, -0.102882, -0.133719, -0.174611, -0.217185, -0.267714, -0.315935, -0.36598, -0.405406, -0.436423, -0.445289, -0.433919, -0.389613, -0.31688, -0.20719, -0.0705875, 0.0950312, 0.273003, 0.459465, 0.633322, 0.788572, 0.904779, 0.979549, 0.998722, 0.968176, 0.883041, 0.758358, 0.597178, 0.420292, 0.233735, 0.0583362
0.000969252, -0.000969252, 0.000969252, -0.000969252, 0.000969252, -0.000969252, 0.000969252, -0.000969252, 0.000969252, -0.000969252, 0.000969252, -0.000969252, 0.000969252, -0.000969252, 0.000969252, -0.000969252, 0.000969252, -0.000969252, 0.000969252, -0.000969252, 0.000969252, -0.000969252, 0.000969252, -0.000969252, 0.000969252, -0.000969252, 0.000969252, -0.000969252, 0.000969252, -0.000969252, 0.000969252, -0.000969252, 0.000969252, -0.000969252, 0.000969252, -0.000969252, 0.000969252, -0.000969252, 0.000969252, -0.000969252, 0.000969252, -0.000969252, 0.000969252, -0.000969252, 0.000969252, -0.000969252, 0.000969252, -0.000969252, 0.000969252, -0.000969252, 0.000969252, -0.000969252, 0.000969252, -0.000969252, 0.000969252, -0.000969252, 0.000969252, -0.000969252, 0.000969252, -0.000969252, 0.000969252, -0.000969252, 0.000969252, -0.000969252, 0.000969252, -0.000969252, 0.000969252, -0.000969252, 0.000969252, -0.000969252, 0.000969252, -0.000969252, 0.000969252, -0.000969252, 0.000969252, -0.000969252, 0.000969252, -0.000969252, 0.000969252, -0.000969252, 0.000969252, -0.000969252, 0.000969252, -0.000969252, 0.000969252, -0.000969252, 0.000969252, -0.000969252, 0.000969252, -0.000969252, 0.000969252, -0.000969252, 0.000969252, -0.000969252, 0.000969252, -0.000969252, 0.000969252, -0.000969252, 0.000969252, -0.000969252, 0.000969252, -0.000969252, 0.000969252, -0.000969252, 0.000969252, -0.000969252, 0.000969252, -0.000969252, 0.000969252, -0.000969252, 0.000969252, -0.000969252, 0.000969252, -0.000969252, 0.000969252, -0.000969252, 0.000969252, -0.000969252, 0.000969252, -0.000969252, 0.000969252, -0.000969252, 0.000969252, -0.000969252, 0.000969252, -0.000969252, 0.000969252, -0.000969252, 0.000969252, -0.000969252, 0.000969252, -0.000969252, 0.000969252, -0.000969252, 0.000969252, -0.000969252, 0.000969252, -0.000969252, 0.000969251, -0.000969252, 0.000969251, -0.000969253, 0.000969248, -0.00096926, 0.000969233, -0.000969295, 0.000969154, -0.000969466, 0.000968788, -0.000970236, 0.0009672, -0.000973444, 0.000960846, -0.00098578, 0.000937376, -0.00102954, 0.000857435, -0.0011726, 0.000606697, -0.00160293, -0.000116352, -0.00279194, -0.00202938, -0.00580236, -0.00666092, -0.0127656, -0.0168853, -0.0274183, -0.0373644, -0.0553049, -0.0743171, -0.102882, -0.133719, -0.174611, -0.217185, -0.267714, -0.315935, -0.36598, -0.405406, -0.436423, -0.445289, -0.433919, -0.389613, -0.31688, -0.20719, -0.0705875, 0.0950312, 0.273003, 0.459465, 0.633322, 0.788572, 0.904779, 0.979549, 0.998722, 0.968176, 0.883041, 0.758358, 0.597178, 0.420292, 0.233735
-0.000969252, 0.000969252, -0.000969252, 0.000969252, -0.000969252, 0.000969252, -0.000969252, 0.000969252, -0.000969252, 0.000969252, -0.000969252, 0.000969252, -0.000969252, 0.000969252, -0.000969252, 0.000969252, -0.000969252, 0.000969252, -0.000969252, 0.000969252, -0.000969252, 0.000969252, -0.000969252, 0.000969252, -0.000969252, 0.000969252, -0.000969252, 0.000969252, -0.000969252, 0.000969252, -0.000969252, 0.000969252, -0.000969252, 0.000969252, -0.000969252, 0.000969252, -0.000969252, 0.000969252, -0.000969252, 0.000969252, -0.000969252, 0.000969252, -0.000969252, 0.000969252, -0.000969252, 0.000969252, -0.000969252, 0.000969252, -0.000969252, 0.000969252, -0.000969252, 0.000969252, -0.000969252, 0.000969252, -0.000969252, 0.000969252, -0.000969252, 0.000969252, -0.000969252, 0.000969252, -0.000969252, 0.000969252, -0.000969252, 0.000969252, -0.000969252, 0.000969252, -0.000969252, 0.000969252, -0.000969252, 0.000969252, -0.000969252, 0.000969252, -0.000969252, 0.000969252, -0.000969252, 0.000969252, -0.000969252, 0.000969252, -0.000969252, 0.000969252, -0.000969252, 0.000969252, -0.000969252, 0.000969252, -0.000969252, 0.000969252, -0.000969252, 0.000969252, -0.000969252, 0.000969252, -0.000969252, 0.000969252, -0.000969252, 0.000969252, -0.000969252, 0.000969252, -0.000969252, 0.000969252, -0.000969252, 0.000969252, -0.000969252, 0.000969252, -0.000969252, 0.000969252, -0.000969252, 0.000969252, -0.000969252, 0.000969252, -0.000969252, 0.000969252, -0.000969252, 0.000969252, -0.000969252, 0.000969252, -0.000969252, 0.000969252, -0.000969252, 0.000969252, -0.000969252, 0.000969252, -0.000969252, 0.000969252, -0.000969252, 0.000969252, -0.000969252, 0.000969252, -0.000969252, 0.000969252, -0.000969252, 0.000969252, -0.000969252, 0.000969252, -0.000969252, 0.000969252, -0.000969252, 0.000969252, -0.000969252, 0.000969252, -0.000969252, 0.000969251, -0.000969252, 0.000969251, -0.000969253, 0.000969248, -0.00096926, 0.000969233, -0.000969295, 0.000969154, -0.000969466, 0.000968788, -0.000970236, 0.0009672, -0.000973444, 0.000960846, -0.00098578, 0.000937376, -0.00102954, 0.000857435, -0.0011726, 0.000606697, -0.00160293, -0.000116352, -0.00279194, -0.00202938, -0.00580236, -0.00666092, -0.0127656, -0.0168853, -0.0274183, -0.0373644, -0.0553049, -0.0743171, -0.102882, -0.133719, -0.174611, -0.217185, -0.267714, -0.315935, -0.36598, -0.405406, -0.436423, -0.445289, -0.433919, -0.389613, -0.31688, -0.20719, -0.0705875, 0.0950312, 0.273003, 0.459465, 0.633322, 0.788572, 0.904779, 0.979549, 0.998722, 0.968176, 0.883041, 0.758358, 0.597178, 0.420292
0.000969252, -0.000969252, 0.000969252, -0.000969252, 0.000969252, -0.000969252, 0.000969252, -0.000969252, 0.000969252, -0.000969252, 0.000969252, -0.000969252, 0.000969252, -0.000969252, 0.000969252, -0.000969252, 0.000969252, -0.000969252, 0.000969252, -0.000969252, 0.000969252, -0.000969252, 0.000969252, -0.000969252, 0.000969252, -0.000969252, 0.000969252, -0.000969252, 0.000969252, -0.000969252, 0.000969252, -0.000969252, 0.000969252, -0.000969252, 0.000969252, -0.000969252, 0.000969252, -0.000969252, 0.000969252, -0.000969252, 0.000969252, -0.000969252, 0.000969252, -0.000969252, 0.000969252, -0.000969252, 0.000969252, -0.000969252, 0.000969252, -0.000969252, 0.000969252, -0.000969252, 0.000969252, -0.000969252, 0.000969252, -0.000969252, 0.000969252, -0.000969252, 0.000969252, -0.000969252, 0.000969252, -0.000969252, 0.000969252, -0.000969252, 0.000969252, -0.000969252, 0.000969252, -0.000969252, 0.000969252, -0.000969252, 0.000969252, -0.000969252, 0.000969252, -0.000969252, 0.000969252, -0.000969252, 0.000969252, -0.000969252, 0.000969252, -0.000969252, 0.000969252, -0.000969252, 0.000969252, -0.000969252, 0.000969252, -0.000969252, 0.000969252, -0.000969252, 0.000969252, -0.000969252, 0.000969252, -0.000969252, 0.000969252, -0.000969252, 0.000969252, -0.000969252, 0.000969252, -0.000969252, 0.000969252, -0.000969252, 0.000969252, -0.000969252, 0.000969252, -0.000969252, 0.000969252, -0.000969252, 0.000969252, -0.000969252, 0.000969252, -0.000969252, 0.000969252, -0.000969252, 0.000969252, -0.000969252, 0.000969252, -0.000969252, 0.000969252, -0.000969252, 0.000969252, -0.000969252, 0.000969252, -0.000969252, 0.000969252, -0.000969252, 0.000969252, -0.000969252, 0.000969252, -0.000969252, 0.000969252, -0.000969252, 0.000969252, -0.000969252, 0.000969252, -0.000969252, 0.000969252, -0.000969252, 0.000969252, -0.000969252, 0.000969252, -0.000969252, 0.000969251, -0.000969252, 0.000969251, -0.000969253, 0.000969248, -0.00096926, 0.000969233, -0.000969295, 0.000969154, -0.000969466, 0.000968788, -0.000970236, 0.0009672, -0.000973444, 0.000960846, -0.00098578, 0.000937376, -0.00102954, 0.000857435, -0.0011726, 0.000606697, -0.00160293, -0.000116352, -0.00279194, -0.00202938, -0.00580236, -0.00666092, -0.0127656, -0.0168853, -0.0274183, -0.0373644, -0.0553049, -0.0743171, -0.102882, -0.133719, -0.174611, -0.217185, -0.267714, -0.315935, -0.36598, -0.405406, -0.436423, -0.445289, -0.433919, -0.389613, -0.31688, -0.20719, -0.0705875, 0.0950312, 0.273003, 0.459465, 0.633322, 0.788572, 0.904779, 0.979549, 0.998722, 0.968176, 0.883041, 0.758358, 0.597178
-0.000969252, 0.000969252, -0.000969252, 0.000969252, -0.000969252, 0.000969252, -0.000969252, 0.000969252, -0.000969252, 0.000969252, -0.000969252, 0.000969252, -0.000969252, 0.000969252, -0.000969252, 0.000969252, -0.000969252, 0.000969252, -0.000969252, 0.000969252, -0.000969252, 0.000969252, -0.000969252, 0.000969252, -0.000969252, 0.000969252, -0.000969252, 0.000969252, -0.000969252, 0.000969252, -0.000969252, 0.000969252, -0.000969252, 0.000969252, -0.000969252, 0.000969252, -0.000969252, 0.000969252, -0.000969252, 0.000969252, -0.000969252, 0.000969252, -0.000969252, 0.000969252, -0.000969252, 0.000969252, -0.000969252, 0.000969252, -0.000969252, 0.000969252, -0.000969252, 0.000969252, -0.000969252, 0.000969252, -0.000969252, 0.000969252, -0.000969252, 0.000969252, -0.000969252, 0.000969252, -0.000969252, 0.000969252, -0.000969252, 0.000969252, -0.000969252, 0.000969252, -0.000969252, 0.000969252, -0.000969252, 0.000969252, -0.000969252, 0.000969252, -0.000969252, 0.000969252, -0.000969252, 0.000969252, -0.000969252, 0.000969252, -0.000969252, 0.000969252, -0.000969252, 0.000969252, -0.000969252, 0.000969252, -0.000969252, 0.000969252, -0.000969252, 0.000969252, -0.000969252, 0.000969252, -0.000969252, 0.000969252, -0.000969252, 0.000969252, -0.000969252, 0.000969252, -0.000969252, 0.000969252, -0.000969252, 0.000969252, -0.000969252, 0.000969252, -0.000969252, 0.000969252, -0.000969252, 0.000969252, -0.000969252, 0.000969252, -0.000969252, 0.000969252, -0.000969252, 0.000969252, -0.000969252, 0.000969252, -0.000969252, 0.000969252, -0.000969252, 0.000969252, -0.000969252, 0.000969252, -0.000969252, 0.000969252, -0.000969252, 0.000969252, -0.000969252, 0.000969252, -0.000969252, 0.000969252, -0.000969252, 0.000969252, -0.000969252, 0.000969252, -0.000969252, 0.000969252, -0.000969252, 0.000969252, -0.000969252, 0.000969252, -0.000969252, 0.000969252, -0.000969252, 0.000969251, -0.000969252, 0.000969251, -0.000969253, 0.000969248, -0.00096926, 0.000969233, -0.000969295, 0.000969154, -0.000969466, 0.000968788, -0.000970236, 0.0009672, -0.000973444, 0.000960846, -0.00098578, 0.000937376, -0.00102954, 0.000857435, -0.0011726, 0.000606697, -0.00160293, -0.000116352, -0.00279194, -0.00202938, -0.00580236, -0.00666092, -0.0127656, -0.0168853, -0.0274183, -0.0373644, -0.0553049, -0.0743171, -0.102882, -0.133719, -0.174611, -0.217185, -0.267714, -0.315935, -0.36598, -0.405406, -0.436423, -0.445289, -0.433919, -0.389613, -0.31688, -0.20719, -0.0705875, 0.0950312, 0.273003, 0.459465, 0.633322, 0.788572, 0.904779, 0.979549, 0.998722, 0.968176, 0.883041, 0.758358
0.000969252, -0.000969252, 0.000969252, -0.000969252, 0.000969252, -0.000969252, 0.000969252, -0.000969252, 0.000969252, -0.000969252, 0.000969252, -0.000969252, 0.000969252, -0.000969252, 0.000969252, -0.000969252, 0.000969252, -0.000969252, 0.000969252, -0.000969252, 0.000969252, -0.000969252, 0.000969252, -0.000969252, 0.000969252, -0.000969252, 0.000969252, -0.000969252, 0.000969252, -0.000969252, 0.000969252, -0.000969252, 0.000969252, -0.000969252, 0.000969252, -0.000969252, 0.000969252, -0.000969252, 0.000969252, -0.000969252, 0.000969252, -0.000969252, 0.000969252, -0.000969252, 0.000969252, -0.000969252, 0.000969252, -0.000969252, 0.000969252, -0.000969252, 0.000969252, -0.000969252, 0.000969252, -0.000969252, 0.000969252, -0.000969252, 0.000969252, -0.000969252, 0.000969252, -0.000969252, 0.000969252, -0.000969252, 0.000969252, -0.000969252, 0.000969252, -0.000969252, 0.000969252, -0.000969252, 0.000969252, -0.000969252, 0.000969252, -0.000969252, 0.000969252, -0.000969252, 0.000969252, -0.000969252, 0.000969252, -0.000969252, 0.000969252, -0.000969252, 0.000969252, -0.000969252, 0.000969252, -0.000969252, 0.000969252, -0.000969252, 0.000969252, -0.000969252, 0.000969252, -0.000969252, 0.000969252, -0.000969252, 0.000969252, -0.000969252, 0.000969252, -0.000969252, 0.000969252, -0.000969252, 0.000969252, -0.000969252, 0.000969252, -0.000969252, 0.000969252, -0.000969252, 0.000969252, -0.000969252, 0.000969252, -0.000969252, 0.000969252, -0.000969252, 0.000969252, -0.000969252, 0.000969252, -0.000969252, 0.000969252, -0.000969252, 0.000969252, -0.000969252, 0.000969252, -0.000969252, 0.000969252, -0.000969252, 0.000969252, -0.000969252, 0.000969252, -0.000969252, 0.000969252, -0.000969252, 0.000969252, -0.000969252, 0.000969252, -0.000969252, 0.000969252, -0.000969252, 0.000969252, -0.000969252, 0.000969252, -0.000969252, 0.000969252, -0.000969252, 0.000969252, -0.000969252, 0.000969251, -0.000969252, 0.000969251, -0.000969253, 0.000969248, -0.00096926, 0.000969233, -0.000969295, 0.000969154, -0.000969466, 0.000968788, -0.000970236, 0.0009672, -0.000973444, 0.000960846, -0.00098578, 0.000937376, -0.00102954, 0.000857435, -0.0011726, 0.000606697, -0.00160293, -0.000116352, -0.00279194, -0.00202938, -0.00580236, -0.00666092, -0.0127656, -0.0168853, -0.0274183, -0.0373644, -0.0553049, -0.0743171, -0.102882, -0.133719, -0.174611, -0.217185, -0.267714, -0.315935, -0.36598, -0.405406, -0.436423, -0.445289, -0.433919, -0.389613, -0.31688, -0.20719, -0.0705875, 0.0950312, 0.273003, 0.459465, 0.633322, 0.788572, 0.904779, 0.979549, 0.998722, 0.968176, 0.883041
-0.000969252, 0.000969252, -0.000969252, 0.000969252, -0.000969252, 0.000969252, -0.000969252, 0.000969252, -0.000969252, 0.000969252, -0.000969252, 0.000969252, -0.000969252, 0.000969252, -0.000969252, 0.000969252, -0.000969252, 0.000969252, -0.000969252, 0.000969252, -0.000969252, 0.000969252, -0.000969252, 0.000969252, -0.000969252, 0.000969252, -0.000969252, 0.000969252, -0.000969252, 0.000969252, -0.000969252, 0.000969252, -0.000969252, 0.000969252, -0.000969252, 0.000969252, -0.000969252, 0.000969252, -0.000969252, 0.000969252, -0.000969252, 0.000969252, -0.000969252, 0.000969252, -0.000969252, 0.000969252, -0.000969252, 0.000969252, -0.000969252, 0.000969252, -0.000969252, 0.000969252, -0.000969252, 0.000969252, -0.000969252, 0.000969252, -0.000969252, 0.000969252, -0.000969252, 0.000969252, -0.000969252, 0.000969252, -0.000969252, 0.000969252, -0.000969252, 0.000969252, -0.000969252, 0.000969252, -0.000969252, 0.000969252, -0.000969252, 0.000969252, -0.000969252, 0.000969252, -0.000969252, 0.000969252, -0.000969252, 0.000969252, -0.000969252, 0.000969252, -0.000969252, 0.000969252, -0.000969252, 0.000969252, -0.000969252, 0.000969252, -0.000969252, 0.000969252, -0.000969252, 0.000969252, -0.000969252, 0.000969252, -0.000969252, 0.000969252, -0.000969252, 0.000969252, -0.000969252, 0.000969252, -0.000969252, 0.000969252, -0.000969252, 0.000969252, -0.000969252, 0.000969252, -0.000969252, 0.000969252, -0.000969252, 0.000969252, -0.000969252, 0.000969252, -0.000969252, 0.000969252, -0.000969252, 0.000969252, -0.000969252, 0.000969252, -0.000969252, 0.000969252, -0.000969252, 0.000969252, -0.000969252, 0.000969252, -0.000969252, 0.000969252, -0.000969252, 0.000969252, -0.000969252, 0.000969252, -0.000969252, 0.000969252, -0.000969252, 0.000969252, -0.000969252, 0.000969252, -0.000969252, 0.000969252, -0.000969252, 0.000969252, -0.000969252, 0.000969252, -0.000969252, 0.000969252, -0.000969252, 0.000969251, -0.000969252, 0.000969251, -0.000969253, 0.000969248, -0.00096926, 0.000969233, -0.000969295, 0.000969154, -0.000969466, 0.000968788, -0.000970236, 0.0009672, -0.000973444, 0.000960846, -0.00098578, 0.000937376, -0.00102954, 0.000857435, -0.0011726, 0.000606697, -0.00160293, -0.000116352, -0.00279194, -0.00202938, -0.00580236, -0.00666092, -0.0127656, -0.0168853, -0.0274183, -0.0373644, -0.0553049, -0.0743171, -0.102882, -0.133719, -0.174611, -0.217185, -0.267714, -0.315935, -0.36598, -0.405406, -0.436423, -0.445289, -0.433919, -0.389613, -0.31688, -0.20719, -0.0705875, 0.0950312, 0.273003, 0.459465, 0.633322, 0.788572, 0.904779, 0.979549, 0.998722, 0.968176
0.000969252, -0.000969252, 0.000969252, -0.000969252, 0.000969252, -0.000969252, 0.000969252, -0.000969252, 0.000969252, -0.000969252, 0.000969252, -0.000969252, 0.000969252, -0.000969252, 0.000969252, -0.000969252, 0.000969252, -0.000969252, 0.000969252, -0.000969252, 0.000969252, -0.000969252, 0.000969252, -0.000969252, 0.000969252, -0.000969252, 0.000969252, -0.000969252, 0.000969252, -0.000969252, 0.000969252, -0.000969252, 0.000969252, -0.000969252, 0.000969252, -0.000969252, 0.000969252, -0.000969252, 0.000969252, -0.000969252, 0.000969252, -0.000969252, 0.000969252, -0.000969252, 0.000969252, -0.000969252, 0.000969252, -0.000969252, 0.000969252, -0.000969252, 0.000969252, -0.000969252, 0.000969252, -0.000969252, 0.000969252, -0.000969252, 0.000969252, -0.000969252, 0.000969252, -0.000969252, 0.000969252, -0.000969252, 0.000969252, -0.000969252, 0.000969252, -0.000969252, 0.000969252, -0.000969252, 0.000969252, -0.000969252, 0.000969252, -0.000969252, 0.000969252, -0.000969252, 0.000969252, -0.000969252, 0.000969252, -0.000969252, 0.000969252, -0.000969252, 0.000969252, -0.000969252, 0.000969252, -0.000969252, 0.000969252, -0.000969252, 0.000969252, -0.000969252, 0.000969252, -0.000969252, 0.000969252, -0.000969252, 0.000969252, -0.000969252, 0.000969252, -0.000969252, 0.000969252, -0.000969252, 0.000969252, -0.000969252, 0.000969252, -0.000969252, 0.000969252, -0.000969252, 0.000969252, -0.000969252, 0.000969252, -0.000969252, 0.000969252, -0.000969252, 0.000969252, -0.000969252, 0.000969252, -0.000969252, 0.000969252, -0.000969252, 0.000969252, -0.000969252, 0.000969252, -0.000969252, 0.000969252, -0.000969252, 0.000969252, -0.000969252, 0.000969252, -0.000969252, 0.000969252, -0.000969252, 0.000969252, -0.000969252, 0.000969252, -0.000969252, 0.000969252, -0.000969252, 0.000969252, -0.000969252, 0.000969252, -0.000969252, 0.000969252, -0.000969252, 0.000969252, -0.000969252, 0.000969252, -0.000969252, 0.000969251, -0.000969252, 0.000969251, -0.000969253, 0.000969248, -0.00096926, 0.000969233, -0.000969295, 0.000969154, -0.000969466, 0.000968788, -0.000970236, 0.0009672, -0.000973444, 0.000960846, -0.00098578, 0.000937376, -0.00102954, 0.000857435, -0.0011726, 0.000606697, -0.00160293, -0.000116352, -0.00279194, -0.00202938, -0.00580236, -0.00666092, -0.0127656, -0.0168853, -0.0274183, -0.0373644, -0.0553049, -0.0743171, -0.102882, -0.133719, -0.174611, -0.217185, -0.267714, -0.315935, -0.36598, -0.405406, -0.436423, -0.445289, -0.433919, -0.389613, -0.31688, -0.20719, -0.0705875, 0.0950312, 0.273003, 0.459465, 0.633322, 0.788572, 0.904779, 0.979549, 0.998722
-0.000969252, 0.000969252, -0.000969252, 0.000969252, -0.000969252, 0.000969252, -0.000969252, 0.000969252, -0.000969252, 0.000969252, -0.000969252, 0.000969252, -0.000969252, 0.000969252, -0.000969252, 0.000969252, -0.000969252, 0.000969252, -0.000969252, 0.000969252, -0.000969252, 0.000969252, -0.000969252, 0.000969252, -0.000969252, 0.000969252, -0.000969252, 0.000969252, -0.000969252, 0.000969252, -0.000969252, 0.000969252, -0.000969252, 0.000969252, -0.000969252, 0.000969252, -0.000969252, 0.000969252, -0.000969252, 0.000969252, -0.000969252, 0.000969252, -0.000969252, 0.000969252, -0.000969252, 0.000969252, -0.000969252, 0.000969252, -0.000969252, 0.000969252, -0.000969252, 0.000969252, -0.000969252, 0.000969252, -0.000969252, 0.000969252, -0.000969252, 0.000969252, -0.000969252, 0.000969252, -0.000969252, 0.000969252, -0.000969252, 0.000969252, -0.000969252, 0.000969252, -0.000969252, 0.000969252, -0.000969252, 0.000969252, -0.000969252, 0.000969252, -0.000969252, 0.000969252, -0.000969252, 0.000969252, -0.000969252, 0.000969252, -0.000969252, 0.000969252, -0.000969252, 0.000969252, -0.000969252, 0.000969252, -0.000969252, 0.000969252, -0.000969252, 0.000969252, -0.000969252, 0.000969252, -0.000969252, 0.000969252, -0.000969252, 0.000969252, -0.000969252, 0.000969252, -0.000969252, 0.000969252, -0.000969252, 0.000969252, -0.000969252, 0.000969252, -0.000969252, 0.000969252, -0.000969252, 0.000969252, -0.000969252, 0.000969252, -0.000969252, 0.000969252, -0.000969252, 0.000969252, -0.000969252, 0.000969252, -0.000969252, 0.000969252, -0.000969252, 0.000969252, -0.000969252, 0.000969252, -0.000969252, 0.000969252, -0.000969252, 0.000969252, -0.000969252, 0.000969252, -0.000969252, 0.000969252, -0.000969252, 0.000969252, -0.000969252, 0.000969252, -0.000969252, 0.000969252, -0.000969252, 0.000969252, -0.000969252, 0.000969252, -0.000969252, 0.000969252, -0.000969252, 0.000969252, -0.000969252, 0.000969252, -0.000969252, 0.000969251, -0.000969252, 0.000969251, -0.000969253, 0.000969248, -0.00096926, 0.000969233, -0.000969295, 0.000969154, -0.000969466, 0.000968788, -0.000970236, 0.0009672, -0.000973444, 0.000960846, -0.00098578, 0.000937376, -0.00102954, 0.000857435, -0.0011726, 0.000606697, -0.00160293, -0.000116352, -0.00279194, -0.00202938, -0.00580236, -0.00666092, -0.0127656, -0.0168853, -0.0274183, -0.0373644, -0.0553049, -0.0743171, -0.102882, -0.133719, -0.174611, -0.217185, -0.267714, -0.315935, -0.36598, -0.405406, -0.436423, -0.445289, -0.433919, -0.389613, -0.31688, -0.20719, -0.0705875, 0.0950312, 0.273003, 0.459465, 0.633322, 0.788572, 0.904779, 0.979549
0.000969252, -0.000969252, 0.000969252, -0.000969252, 0.000969252, -0.000969252, 0.000969252, -0.000969252, 0.000969252, -0.000969252, 0.000969252, -0.000969252, 0.000969252, -0.000969252, 0.000969252, -0.000969252, 0.000969252, -0.000969252, 0.000969252, -0.000969252, 0.000969252, -0.000969252, 0.000969252, -0.000969252, 0.000969252, -0.000969252, 0.000969252, -0.000969252, 0.000969252, -0.000969252, 0.000969252, -0.000969252, 0.000969252, -0.000969252, 0.000969252, -0.000969252, 0.000969252, -0.000969252, 0.000969252, -0.000969252, 0.000969252, -0.000969252, 0.000969252, -0.000969252, 0.000969252, -0.000969252, 0.000969252, -0.000969252, 0.000969252, -0.000969252, 0.000969252, -0.000969252, 0.000969252, -0.000969252, 0.000969252, -0.000969252, 0.000969252, -0.000969252, 0.000969252, -0.000969252, 0.000969252, -0.000969252, 0.000969252, -0.000969252, 0.000969252, -0.000969252, 0.000969252, -0.000969252, 0.000969252, -0.000969252, 0.000969252, -0.000969252, 0.000969252, -0.000969252, 0.000969252, -0.000969252, 0.000969252, -0.000969252, 0.000969252, -0.000969252, 0.000969252, -0.000969252, 0.000969252, -0.000969252, 0.000969252, -0.000969252, 0.000969252, -0.000969252, 0.000969252, -0.000969252, 0.000969252, -0.000969252, 0.000969252, -0.000969252, 0.000969252, -0.000969252, 0.000969252, -0.000969252, 0.000969252, -0.000969252, 0.000969252, -0.000969252, 0.000969252, -0.000969252, 0.000969252, -0.000969252, 0.000969252, -0.000969252, 0.000969252, -0.000969252, 0.000969252, -0.000969252, 0.000969252, -0.000969252, 0.000969252, -0.000969252, 0.000969252, -0.000969252, 0.000969252, -0.000969252, 0.000969252, -0.000969252, 0.000969252, -0.000969252, 0.000969252, -0.000969252, 0.000969252, -0.000969252, 0.000969252, -0.000969252, 0.000969252, -0.000969252, 0.000969252, -0.000969252, 0.000969252, -0.000969252, 0.000969252, -0.000969252, 0.000969252, -0.000969252, 0.000969252, -0.000969252, 0.000969252, -0.000969252, 0.000969252, -0.000969252, 0.000969251, -0.000969252, 0.000969251, -0.000969253, 0.000969248, -0.00096926, 0.000969233, -0.000969295, 0.000969154, -0.000969466, 0.000968788, -0.000970236, 0.0009672, -0.000973444, 0.000960846, -0.00098578, 0.000937376, -0.00102954, 0.000857435, -0.0011726, 0.000606697, -0.00160293, -0.000116352, -0.00279194, -0.00202938, -0.00580236, -0.00666092, -0.0127656, -0.0168853, -0.0274183, -0.0373644, -0.0553049, -0.0743171, -0.102882, -0.133719, -0.174611, -0.217185, -0.267714, -0.315935, -0.36598, -0.405406, -0.436423, -0.445289, -0.433919, -0.389613, -0.31688, -0.20719, -0.0705875, 0.0950312, 0.273003, 0.459465, 0.633322, 0.788572, 0.904779
-0.000969252, 0.000969252, -0.000969252, 0.000969252, -0.000969252, 0.000969252, -0.000969252, 0.000969252, -0.000969252, 0.000969252, -0.000969252, 0.000969252, -0.000969252, 0.000969252, -0.000969252, 0.000969252, -0.000969252, 0.000969252, -0.000969252, 0.000969252, -0.000969252, 0.000969252, -0.000969252, 0.000969252, -0.000969252, 0.000969252, -0.000969252, 0.000969252, -0.000969252, 0.000969252, -0.000969252, 0.000969252, -0.000969252, 0.000969252, -0.000969252, 0.000969252, -0.000969252, 0.000969252, -0.000969252, 0.000969252, -0.000969252, 0.000969252, -0.000969252, 0.000969252, -0.000969252, 0.000969252, -0.000969252, 0.000969252, -0.000969252, 0.000969252, -0.000969252, 0.000969252, -0.000969252, 0.000969252, -0.000969252, 0.000969252, -0.000969252, 0.000969252, -0.000969252, 0.000969252, -0.000969252, 0.000969252, -0.000969252, 0.000969252, -0.000969252, 0.000969252, -0.000969252, 0.000969252, -0.000969252, 0.000969252, -0.000969252, 0.000969252, -0.000969252, 0.000969252, -0.000969252, 0.000969252, -0.000969252, 0.000969252, -0.000969252, 0.000969252, -0.000969252, 0.000969252, -0.000969252, 0.000969252, -0.000969252, 0.000969252, -0.000969252, 0.000969252, -0.000969252, 0.000969252, -0.000969252, 0.000969252, -0.000969252, 0.000969252, -0.000969252, 0.000969252, -0.000969252, 0.000969252, -0.000969252, 0.000969252, -0.000969252, 0.000969252, -0.000969252, 0.000969252, -0.000969252, 0.000969252, -0.000969252, 0.000969252, -0.000969252, 0.000969252, -0.000969252, 0.000969252, -0.000969252, 0.000969252, -0.000969252, 0.000969252, -0.000969252, 0.000969252, -0.000969252, 0.000969252, -0.000969252, 0.000969252, -0.000969252, 0.000969252, -0.000969252, 0.000969252, -0.000969252, 0.000969252, -0.000969252, 0.000969252, -0.000969252, 0.000969252, -0.000969252, 0.000969252, -0.000969252, 0.000969252, -0.000969252, 0.000969252, -0.000969252, 0.000969252, -0.000969252, 0.000969252, -0.000969252, 0.000969252, -0.000969252, 0.000969252, -0.000969252, 0.000969251, -0.000969252, 0.000969251, -0.000969253, 0.000969248, -0.00096926, 0.000969233, -0.000969295, 0.000969154, -0.000969466, 0.000968788, -0.000970236, 0.0009672, -0.000973444, 0.000960846, -0.00098578, 0.000937376, -0.00102954, 0.000857435, -0.0011726, 0.000606697, -0.00160293, -0.000116352, -0.00279194, -0.00202938, -0.00580236, -0.00666092, -0.0127656, -0.0168853, -0.0274183, -0.0373644, -0.0553049, -0.0743171, -0.102882, -0.133719, -0.174611, -0.217185, -0.267714, -0.315935, -0.36598, -0.405406, -0.436423, -0.445289, -0.433919, -0.389613, -0.31688, -0.20719, -0.0705875, 0.0950312, 0.273003, 0.459465, 0.633322, 0.788572
0.000969252, -0.000969252, 0.000969252, -0.000969252, 0.000969252, -0.000969252, 0.000969252, -0.000969252, 0.000969252, -0.000969252, 0.000969252, -0.000969252, 0.000969252, -0.000969252, 0.000969252, -0.000969252, 0.000969252, -0.000969252, 0.000969252, -0.000969252, 0.000969252, -0.000969252, 0.000969252, -0.000969252, 0.000969252, -0.000969252, 0.000969252, -0.000969252, 0.000969252, -0.000969252, 0.000969252, -0.000969252, 0.000969252, -0.000969252, 0.000969252, -0.000969252, 0.000969252, -0.000969252, 0.000969252, -0.000969252, 0.000969252, -0.000969252, 0.000969252, -0.000969252, 0.000969252, -0.000969252, 0.000969252, -0.000969252, 0.000969252, -0.000969252, 0.000969252, -0.000969252, 0.000969252, -0.000969252, 0.000969252, -0.000969252, 0.000969252, -0.000969252, 0.000969252, -0.000969252, 0.000969252, -0.000969252, 0.000969252, -0.000969252, 0.000969252, -0.000969252, 0.000969252, -0.000969252, 0.000969252, -0.000969252, 0.000969252, -0.000969252, 0.000969252, -0.000969252, 0.000969252, -0.000969252, 0.000969252, -0.000969252, 0.000969252, -0.000969252, 0.000969252, -0.000969252, 0.000969252, -0.000969252, 0.000969252, -0.000969252, 0.000969252, -0.000969252, 0.000969252, -0.000969252, 0.000969252, -0.000969252, 0.000969252, -0.000969252, 0.000969252, -0.000969252, 0.000969252, -0.000969252, 0.000969252, -0.000969252, 0.000969252, -0.000969252, 0.000969252, -0.000969252, 0.000969252, -0.000969252, 0.000969252, -0.000969252, 0.000969252, -0.000969252, 0.000969252, -0.000969252, 0.000969252, -0.000969252, 0.000969252, -0.000969252, 0.000969252, -0.000969252, 0.000969252, -0.000969252, 0.000969252, -0.000969252, 0.000969252, -0.000969252, 0.000969252, -0.000969252, 0.000969252, -0.000969252, 0.000969252, -0.000969252, 0.000969252, -0.000969252, 0.000969252, -0.000969252, 0.000969252, -0.000969252, 0.000969252, -0.000969252, 0.000969252, -0.000969252, 0.000969252, -0.000969252, 0.000969252, -0.000969252, 0.000969252, -0.000969252, 0.000969252, -0.000969252, 0.000969251, -0.000969252, 0.000969251, -0.000969253, 0.000969248, -0.00096926, 0.000969233, -0.000969295, 0.000969154, -0.000969466, 0.000968788, -0.000970236, 0.0009672, -0.000973444, 0.000960846, -0.00098578, 0.000937376, -0.00102954, 0.000857435, -0.0011726, 0.000606697, -0.00160293, -0.000116352, -0.00279194, -0.00202938, -0.00580236, -0.00666092, -0.0127656, -0.0168853, -0.0274183, -0.0373644, -0.0553049, -0.0743171, -0.102882, -0.133719, -0.174611, -0.217185, -0.267714, -0.315935, -0.36598, -0.405406, -0.436423, -0.445289, -0.433919, -0.389613, -0.31688, -0.20719, -0.0705875, 0.0950312, 0.273003, 0.459465, 0.633322
-0.000969252, 0.000969252, -0.000969252, 0.000969252, -0.000969252, 0.000969252, -0.000969252, 0.000969252, -0.000969252, 0.000969252, -0.000969252, 0.000969252, -0.000969252, 0.000969252, -0.000969252, 0.000969252, -0.000969252, 0.000969252, -0.000969252, 0.000969252, -0.000969252, 0.000969252, -0.000969252, 0.000969252, -0.000969252, 0.000969252, -0.000969252, 0.000969252, -0.000969252, 0.000969252, -0.000969252, 0.000969252, -0.000969252, 0.000969252, -0.000969252, 0.000969252, -0.000969252, 0.000969252, -0.000969252, 0.000969252, -0.000969252, 0.000969252, -0.000969252, 0.000969252, -0.000969252, 0.000969252, -0.000969252, 0.000969252, -0.000969252, 0.000969252, -0.000969252, 0.000969252, -0.000969252, 0.000969252, -0.000969252, 0.000969252, -0.000969252, 0.000969252, -0.000969252, 0.000969252, -0.000969252, 0.000969252, -0.000969252, 0.000969252, -0.000969252, 0.000969252, -0.000969252, 0.000969252, -0.000969252, 0.000969252, -0.000969252, 0.000969252, -0.000969252, 0.000969252, -0.000969252, 0.000969252, -0.000969252, 0.000969252, -0.000969252, 0.000969252, -0.000969252, 0.000969252, -0.000969252, 0.000969252, -0.000969252, 0.000969252, -0.000969252, 0.000969252, -0.000969252, 0.000969252, -0.000969252, 0.000969252, -0.000969252, 0.000969252, -0.000969252, 0.000969252, -0.000969252, 0.000969252, -0.000969252, 0.000969252, -0.000969252, 0.000969252, -0.000969252, 0.000969252, -0.000969252, 0.000969252, -0.000969252, 0.000969252, -0.000969252, 0.000969252, -0.000969252, 0.000969252, -0.000969252, 0.000969252, -0.000969252, 0.000969252, -0.000969252, 0.000969252, -0.000969252, 0.000969252, -0.000969252, 0.000969252, -0.000969252, 0.000969252, -0.000969252, 0.000969252, -0.000969252, 0.000969252, -0.000969252, 0.000969252, -0.000969252, 0.000969252, -0.000969252, 0.000969252, -0.000969252, 0.000969252, -0.000969252, 0.000969252, -0.000969252, 0.000969252, -0.000969252, 0.000969252, -0.000969252, 0.000969252, -0.000969252, 0.000969252, -0.000969252, 0.000969252, -0.000969252, 0.000969251, -0.000969252, 0.000969251, -0.000969253, 0.000969248, -0.00096926, 0.000969233, -0.000969295, 0.000969154, -0.000969466, 0.000968788, -0.000970236, 0.0009672, -0.000973444, 0.000960846, -0.00098578, 0.000937376, -0.00102954, 0.000857435, -0.0011726, 0.000606697, -0.00160293, -0.000116352, -0.00279194, -0.00202938, -0.00580236, -0.00666092, -0.0127656, -0.0168853, -0.0274183, -0.0373644, -0.0553049, -0.0743171, -0.102882, -0.133719, -0.174611, -0.217185, -0.267714, -0.315935, -0.36598, -0.405406, -0.436423, -0.445289, -0.433919, -0.389613, -0.31688, -0.20719, -0.0705875, 0.0950312, 0.273003, 0.459465
0.000969252, -0.000969252, 0.000969252, -0.000969252, 0.000969252, -0.000969252, 0.000969252, -0.000969252, 0.000969252, -0.000969252, 0.000969252, -0.000969252, 0.000969252, -0.000969252, 0.000969252, -0.000969252, 0.000969252, -0.000969252, 0.000969252, -0.000969252, 0.000969252, -0.000969252, 0.000969252, -0.000969252, 0.000969252, -0.000969252, 0.000969252, -0.000969252, 0.000969252, -0.000969252, 0.000969252, -0.000969252, 0.000969252, -0.000969252, 0.000969252, -0.000969252, 0.000969252, -0.000969252, 0.000969252, -0.000969252, 0.000969252, -0.000969252, 0.000969252, -0.000969252, 0.000969252, -0.000969252, 0.000969252, -0.000969252, 0.000969252, -0.000969252, 0.000969252, -0.000969252, 0.000969252, -0.000969252, 0.000969252, -0.000969252, 0.000969252, -0.000969252, 0.000969252, -0.000969252, 0.000969252, -0.000969252, 0.000969252, -0.000969252, 0.000969252, -0.000969252, 0.000969252, -0.000969252, 0.000969252, -0.000969252, 0.000969252, -0.000969252, 0.000969252, -0.000969252, 0.000969252, -0.000969252, 0.000969252, -0.000969252, 0.000969252, -0.000969252, 0.000969252, -0.000969252, 0.000969252, -0.000969252, 0.000969252, -0.000969252, 0.000969252, -0.000969252, 0.000969252, -0.000969252, 0.000969252, -0.000969252, 0.000969252, -0.000969252, 0.000969252, -0.000969252, 0.000969252, -0.000969252, 0.000969252, -0.000969252, 0.000969252, -0.000969252, 0.000969252, -0.000969252, 0.000969252, -0.000969252, 0.000969252, -0.000969252, 0.000969252, -0.000969252, 0.000969252, -0.000969252, 0.000969252, -0.000969252, 0.000969252, -0.000969252, 0.000969252, -0.000969252, 0.000969252, -0.000969252, 0.000969252, -0.000969252, 0.000969252, -0.000969252, 0.000969252, -0.000969252, 0.000969252, -0.000969252, 0.000969252, -0.000969252, 0.000969252, -0.000969252, 0.000969252, -0.000969252, 0.000969252, -0.000969252, 0.000969252, -0.000969252, 0.000969252, -0.000969252, 0.000969252, -0.000969252, 0.000969252, -0.000969252, 0.000969252, -0.000969252, 0.000969252, -0.000969252, 0.000969252, -0.000969252, 0.000969251, -0.000969252, 0.000969251, -0.000969253, 0.000969248, -0.00096926, 0.000969233, -0.000969295, 0.000969154, -0.000969466, 0.000968788, -0.000970236, 0.0009672, -0.000973444, 0.000960846, -0.00098578, 0.000937376, -0.00102954, 0.000857435, -0.0011726, 0.000606697, -0.00160293, -0.000116352, -0.00279194, -0.00202938, -0.00580236, -0.00666092, -0.0127656, -0.0168853, -0.0274183, -0.0373644, -0.0553049, -0.0743171, -0.102882, -0.133719, -0.174611, -0.217185, -0.267714, -0.315935, -0.36598, -0.405406, -0.436423, -0.445289, -0.433919, -0.389613, -0.31688, -0.20719, -0.0705875, 0.0950312, 0.273003
-0.000969252, 0.000969252, -0.000969252, 0.000969252, -0.000969252, 0.000969252, -0.000969252, 0.000969252, -0.000969252, 0.000969252, -0.000969252, 0.000969252, -0.000969252, 0.000969252, -0.000969252, 0.000969252, -0.000969252, 0.000969252, -0.000969252, 0.000969252, -0.000969252, 0.000969252, -0.000969252, 0.000969252, -0.000969252, 0.000969252, -0.000969252, 0.000969252, -0.000969252, 0.000969252, -0.000969252, 0.000969252, -0.000969252, 0.000969252, -0.000969252, 0.000969252, -0.000969252, 0.000969252, -0.000969252, 0.000969252, -0.000969252, 0.000969252, -0.000969252, 0.000969252, -0.000969252, 0.000969252, -0.000969252, 0.000969252, -0.000969252, 0.000969252, -0.000969252, 0.000969252, -0.000969252, 0.000969252, -0.000969252, 0.000969252, -0.000969252, 0.000969252, -0.000969252, 0.000969252, -0.000969252, 0.000969252, -0.000969252, 0.000969252, -0.000969252, 0.000969252, -0.000969252, 0.000969252, -0.000969252, 0.000969252, -0.000969252, 0.000969252, -0.000969252, 0.000969252, -0.000969252, 0.000969252, -0.000969252, 0.000969252, -0.000969252, 0.000969252, -0.000969252, 0.000969252, -0.000969252, 0.000969252, -0.000969252, 0.000969252, -0.000969252, 0.000969252, -0.000969252, 0.000969252, -0.000969252, 0.000969252, -0.000969252, 0.000969252, -0.000969252, 0.000969252, -0.000969252, 0.000969252, -0.000969252, 0.000969252, -0.000969252, 0.000969252, -0.000969252, 0.000969252, -0.000969252, 0.000969252, -0.000969252, 0.000969252, -0.000969252, 0.000969252, -0.000969252, 0.000969252, -0.000969252, 0.000969252, -0.000969252, 0.000969252, -0.000969252, 0.000969252, -0.000969252, 0.000969252, -0.000969252, 0.000969252, -0.000969252, 0.000969252, -0.000969252, 0.000969252, -0.000969252, 0.000969252, -0.000969252, 0.000969252, -0.000969252, 0.000969252, -0.000969252, 0.000969252, -0.000969252, 0.000969252, -0.000969252, 0.000969252, -0.000969252, 0.000969252, -0.000969252, 0.000969252, -0.000969252, 0.000969252, -0.000969252, 0.000969252, -0.000969252, 0.000969252, -0.000969252, 0.000969252, -0.000969252, 0.000969251, -0.000969252, 0.000969251, -0.000969253, 0.000969248, -0.00096926, 0.000969233, -0.000969295, 0.000969154, -0.000969466, 0.000968788, -0.000970236, 0.0009672, -0.000973444, 0.000960846, -0.00098578, 0.000937376, -0.00102954, 0.000857435, -0.0011726, 0.000606697, -0.00160293, -0.000116352, -0.00279194, -0.00202938, -0.00580236, -0.00666092, -0.0127656, -0.0168853, -0.0274183, -0.0373644, -0.0553049, -0.0743171, -0.102882, -0.133719, -0.174611, -0.217185, -0.267714, -0.315935, -0.36598, -0.405406, -0.436423, -0.445289, -0.433919, -0.389613, -0.31688, -0.20719, -0.0705875, 0.0950312
0.000969252, -0.000969252, 0.000969252, -0.000969252, 0.000969252, -0.000969252, 0.000969252, -0.000969252, 0.000969252, -0.000969252, 0.000969252, -0.000969252, 0.000969252, -0.000969252, 0.000969252, -0.000969252, 0.000969252, -0.000969252, 0.000969252, -0.000969252, 0.000969252, -0.000969252, 0.000969252, -0.000969252, 0.000969252, -0.000969252, 0.000969252, -0.000969252, 0.000969252, -0.000969252, 0.000969252, -0.000969252, 0.000969252, -0.000969252, 0.000969252, -0.000969252, 0.000969252, -0.000969252, 0.000969252, -0.000969252, 0.000969252, -0.000969252, 0.000969252, -0.000969252, 0.000969252, -0.000969252, 0.000969252, -0.000969252, 0.000969252, -0.000969252, 0.000969252, -0.000969252, 0.000969252, -0.000969252, 0.000969252, -0.000969252, 0.000969252, -0.000969252, 0.000969252, -0.000969252, 0.000969252, -0.000969252, 0.000969252, -0.000969252, 0.000969252, -0.000969252, 0.000969252, -0.000969252, 0.000969252, -0.000969252, 0.000969252, -0.000969252, 0.000969252, -0.000969252, 0.000969252, -0.000969252, 0.000969252, -0.000969252, 0.000969252, -0.000969252, 0.000969252, -0.000969252, 0.000969252, -0.000969252, 0.000969252, -0.000969252, 0.000969252, -0.000969252, 0.000969252, -0.000969252, 0.000969252, -0.000969252, 0.000969252, -0.000969252, 0.000969252, -0.000969252, 0.000969252, -0.000969252, 0.000969252, -0.000969252, 0.000969252, -0.000969252, 0.000969252, -0.000969252, 0.000969252, -0.000969252, 0.000969252, -0.000969252, 0.000969252, -0.000969252, 0.000969252, -0.000969252, 0.000969252, -0.000969252, 0.000969252, -0.000969252, 0.000969252, -0.000969252, 0.000969252, -0.000969252, 0.000969252, -0.000969252, 0.000969252, -0.000969252, 0.000969252, -0.000969252, 0.000969252, -0.000969252, 0.000969252, -0.000969252, 0.000969252, -0.000969252, 0.000969252, -0.000969252, 0.000969252, -0.000969252, 0.000969252, -0.000969252, 0.000969252, -0.000969252, 0.000969252, -0.000969252, 0.000969252, -0.000969252, 0.000969252, -0.000969252, 0.000969252, -0.000969252, 0.000969252, -0.000969252, 0.000969252, -0.000969252, 0.000969251, -0.000969252, 0.000969251, -0.000969253, 0.000969248, -0.00096926, 0.000969233, -0.000969295, 0.000969154, -0.000969466, 0.000968788, -0.000970236, 0.0009672, -0.000973444, 0.000960846, -0.00098578, 0.000937376, -0.00102954, 0.000857435, -0.0011726, 0.000606697, -0.00160293, -0.000116352, -0.00279194, -0.00202938, -0.00580236, -0.00666092, -0.0127656, -0.0168853, -0.0274183, -0.0373644, -0.0553049, -0.0743171, -0.102882, -0.133719, -0.174611, -0.217185, -0.267714, -0.315935, -0.36598, -0.405406, -0.436423, -0.445289, -0.433919, -0.389613, -0.31688, -0.20719, -0.0705875
-0.000969252, 0.000969252, -0.000969252, 0.000969252, -0.000969252, 0.000969252, -0.000969252, 0.000969252, -0.000969252, 0.000969252, -0.000969252, 0.000969252, -0.000969252, 0.000969252, -0.000969252, 0.000969252, -0.000969252, 0.000969252, -0.000969252, 0.000969252, -0.000969252, 0.000969252, -0.000969252, 0.000969252, -0.000969252, 0.000969252, -0.000969252, 0.000969252, -0.000969252, 0.000969252, -0.000969252, 0.000969252, -0.000969252, 0.000969252, -0.000969252, 0.000969252, -0.000969252, 0.000969252, -0.000969252, 0.000969252, -0.000969252, 0.000969252, -0.000969252, 0.000969252, -0.000969252, 0.000969252, -0.000969252, 0.000969252, -0.000969252, 0.000969252, -0.000969252, 0.000969252, -0.000969252, 0.000969252, -0.000969252, 0.000969252, -0.000969252, 0.000969252, -0.000969252, 0.000969252, -0.000969252, 0.000969252, -0.000969252, 0.000969252, -0.000969252, 0.000969252, -0.000969252, 0.000969252, -0.000969252, 0.000969252, -0.000969252, 0.000969252, -0.000969252, 0.000969252, -0.000969252, 0.000969252, -0.000969252, 0.000969252, -0.000969252, 0.000969252, -0.000969252, 0.000969252, -0.000969252, 0.000969252, -0.000969252, 0.000969252, -0.000969252, 0.000969252, -0.000969252, 0.000969252, -0.000969252, 0.000969252, -0.000969252, 0.000969252, -0.000969252, 0.000969252, -0.000969252, 0.000969252, -0.000969252, 0.000969252, -0.000969252, 0.000969252, -0.000969252, 0.000969252, -0.000969252, 0.000969252, -0.000969252, 0.000969252, -0.000969252, 0.000969252, -0.000969252, 0.000969252, -0.000969252, 0.000969252, -0.000969252, 0.000969252, -0.000969252, 0.000969252, -0.000969252, 0.000969252, -0.000969252, 0.000969252, -0.000969252, 0.000969252, -0.000969252, 0.000969252, -0.000969252, 0.000969252, -0.000969252, 0.000969252, -0.000969252, 0.000969252, -0.000969252, 0.000969252, -0.000969252, 0.000969252, -0.000969252, 0.000969252, -0.000969252, 0.000969252, -0.000969252, 0.000969252, -0.000969252, 0.000969252, -0.000969252, 0.000969252, -0.000969252, 0.000969252, -0.000969252, 0.000969252, -0.000969252, 0.000969252, -0.000969252, 0.000969251, -0.000969252, 0.000969251, -0.000969253, 0.000969248, -0.00096926, 0.000969233, -0.000969295, 0.000969154, -0.000969466, 0.000968788, -0.000970236, 0.0009672, -0.000973444, 0.000960846, -0.00098578, 0.000937376, -0.00102954, 0.000857435, -0.0011726, 0.000606697, -0.00160293, -0.000116352, -0.00279194, -0.00202938, -0.00580236, -0.00666092, -0.0127656, -0.0168853, -0.0274183, -0.0373644, -0.0553049, -0.0743171, -0.102882, -0.133719, -0.174611, -0.217185, -0.267714, -0.315935, -0.36598, -0.405406, -0.436423, -0.445289, -0.433919, -0.389613, -0.31688, -0.20719
0.000969252, -0.000969252, 0.000969252, -0.000969252, 0.000969252, -0.000969252, 0.000969252, -0.000969252, 0.000969252, -0.000969252, 0.000969252, -0.000969252, 0.000969252, -0.000969252, 0.000969252, -0.000969252, 0.000969252, -0.000969252, 0.000969252, -0.000969252, 0.000969252, -0.000969252, 0.000969252, -0.000969252, 0.000969252, -0.000969252, 0.000969252, -0.000969252, 0.000969252, -0.000969252, 0.000969252, -0.000969252, 0.000969252, -0.000969252, 0.000969252, -0.000969252, 0.000969252, -0.000969252, 0.000969252, -0.000969252, 0.000969252, -0.000969252, 0.000969252, -0.000969252, 0.000969252, -0.000969252, 0.000969252, -0.000969252, 0.000969252, -0.000969252, 0.000969252, -0.000969252, 0.000969252, -0.000969252, 0.000969252, -0.000969252, 0.000969252, -0.000969252, 0.000969252, -0.000969252, 0.000969252, -0.000969252, 0.000969252, -0.000969252, 0.000969252, -0.000969252, 0.000969252, -0.000969252, 0.000969252, -0.000969252, 0.000969252, -0.000969252, 0.000969252, -0.000969252, 0.000969252, -0.000969252, 0.000969252, -0.000969252, 0.000969252, -0.000969252, 0.000969252, -0.000969252, 0.000969252, -0.000969252, 0.000969252, -0.000969252, 0.000969252, -0.000969252, 0.000969252, -0.000969252, 0.000969252, -0.000969252, 0.000969252, -0.000969252, 0.000969252, -0.000969252, 0.000969252, -0.000969252, 0.000969252, -0.000969252, 0.000969252, -0.000969252, 0.000969252, -0.000969252, 0.000969252, -0.000969252, 0.000969252, -0.000969252, 0.000969252, -0.000969252, 0.000969252, -0.000969252, 0.000969252, -0.000969252, 0.000969252, -0.000969252, 0.000969252, -0.000969252, 0.000969252, -0.000969252, 0.000969252, -0.000969252, 0.000969252, -0.000969252, 0.000969252, -0.000969252, 0.000969252, -0.000969252, 0.000969252, -0.000969252, 0.000969252, -0.000969252, 0.000969252, -0.000969252, 0.000969252, -0.000969252, 0.000969252, -0.000969252, 0.000969252, -0.000969252, 0.000969252, -0.000969252, 0.000969252, -0.000969252, 0.000969252, -0.000969252, 0.000969252, -0.000969252, 0.000969252, -0.000969252, 0.000969252, -0.000969252, 0.000969252, -0.000969252, 0.000969251, -0.000969252, 0.000969251, -0.000969253, 0.000969248, -0.00096926, 0.000969233, -0.000969295, 0.000969154, -0.000969466, 0.000968788, -0.000970236, 0.0009672, -0.000973444, 0.000960846, -0.00098578, 0.000937376, -0.00102954, 0.000857435, -0.0011726, 0.000606697, -0.00160293, -0.000116352, -0.00279194, -0.00202938, -0.00580236, -0.00666092, -0.0127656, -0.0168853, -0.0274183, -0.0373644, -0.0553049, -0.0743171, -0.102882, -0.133719, -0.174611, -0.217185, -0.267714, -0.315935, -0.36598, -0.405406, -0.436423, -0.445289, -0.433919, -0.389613, -0.31688
-0.000969252, 0.000969252, -0.000969252, 0.000969252, -0.000969252, 0.000969252, -0.000969252, 0.000969252, -0.000969252, 0.000969252, -0.000969252, 0.000969252, -0.000969252, 0.000969252, -0.000969252, 0.000969252, -0.000969252, 0.000969252, -0.000969252, 0.000969252, -0.000969252, 0.000969252, -0.000969252, 0.000969252, -0.000969252, 0.000969252, -0.000969252, 0.000969252, -0.000969252, 0.000969252, -0.000969252, 0.000969252, -0.000969252, 0.000969252, -0.000969252, 0.000969252, -0.000969252, 0.000969252, -0.000969252, 0.000969252, -0.000969252, 0.000969252, -0.000969252, 0.000969252, -0.000969252, 0.000969252, -0.000969252, 0.000969252, -0.000969252, 0.000969252, -0.000969252, 0.000969252, -0.000969252, 0.000969252, -0.000969252, 0.000969252, -0.000969252, 0.000969252, -0.000969252, 0.000969252, -0.000969252, 0.000969252, -0.000969252, 0.000969252, -0.000969252, 0.000969252, -0.000969252, 0.000969252, -0.000969252, 0.000969252, -0.000969252, 0.000969252, -0.000969252, 0.000969252, -0.000969252, 0.000969252, -0.000969252, 0.000969252, -0.000969252, 0.000969252, -0.000969252, 0.000969252, -0.000969252, 0.000969252, -0.000969252, 0.000969252, -0.000969252, 0.000969252, -0.000969252, 0.000969252, -0.000969252, 0.000969252, -0.000969252, 0.000969252, -0.000969252, 0.000969252, -0.000969252, 0.000969252, -0.000969252, 0.000969252, -0.000969252, 0.000969252, -0.000969252, 0.000969252, -0.000969252, 0.000969252, -0.000969252, 0.000969252, -0.000969252, 0.000969252, -0.000969252, 0.000969252, -0.000969252, 0.000969252, -0.000969252, 0.000969252, -0.000969252, 0.000969252, -0.000969252, 0.000969252, -0.000969252, 0.000969252, -0.000969252, 0.000969252, -0.000969252, 0.000969252, -0.000969252, 0.000969252, -0.000969252, 0.000969252, -0.000969252, 0.000969252, -0.000969252, 0.000969252, -0.000969252, 0.000969252, -0.000969252, 0.000969252, -0.000969252, 0.000969252, -0.000969252, 0.000969252, -0.000969252, 0.000969252, -0.000969252, 0.000969252, -0.000969252, 0.000969252, -0.000969252, 0.000969252, -0.000969252, 0.000969252, -0.000969252, 0.000969252, -0.000969252, 0.000969251, -0.000969252, 0.000969251, -0.000969253, 0.000969248, -0.00096926, 0.000969233, -0.000969295, 0.000969154, -0.000969466, 0.000968788, -0.000970236, 0.0009672, -0.000973444, 0.000960846, -0.00098578, 0.000937376, -0.00102954, 0.000857435, -0.0011726, 0.000606697, -0.00160293, -0.000116352, -0.00279194, -0.00202938, -0.00580236, -0.00666092, -0.0127656, -0.0168853, -0.0274183, -0.0373644, -0.0553049, -0.0743171, -0.102882, -0.133719, -0.174611, -0.217185, -0.267714, -0.315935, -0.36598, -0.405406, -0.436423, -0.445289, -0.433919, -0.389613
0.000969252, -0.000969252, 0.000969252, -0.000969252, 0.000969252, -0.000969252, 0.000969252, -0.000969252, 0.000969252, -0.000969252, 0.000969252, -0.000969252, 0.000969252, -0.000969252, 0.000969252, -0.000969252, 0.000969252, -0.000969252, 0.000969252, -0.000969252, 0.000969252, -0.000969252, 0.000969252, -0.000969252, 0.000969252, -0.000969252, 0.000969252, -0.000969252, 0.000969252, -0.000969252, 0.000969252, -0.000969252, 0.000969252, -0.000969252, 0.000969252, -0.000969252, 0.000969252, -0.000969252, 0.000969252, -0.000969252, 0.000969252, -0.000969252, 0.000969252, -0.000969252, 0.000969252, -0.000969252, 0.000969252, -0.000969252, 0.000969252, -0.000969252, 0.000969252, -0.000969252, 0.000969252, -0.000969252, 0.000969252, -0.000969252, 0.000969252, -0.000969252, 0.000969252, -0.000969252, 0.000969252, -0.000969252, 0.000969252, -0.000969252, 0.000969252, -0.000969252, 0.000969252, -0.000969252, 0.000969252, -0.000969252, 0.000969252, -0.000969252, 0.000969252, -0.000969252, 0.000969252, -0.000969252, 0.000969252, -0.000969252, 0.000969252, -0.000969252, 0.000969252, -0.000969252, 0.000969252, -0.000969252, 0.000969252, -0.000969252, 0.000969252, -0.000969252, 0.000969252, -0.000969252, 0.000969252, -0.000969252, 0.000969252, -0.000969252, 0.000969252, -0.000969252, 0.000969252, -0.000969252, 0.000969252, -0.000969252, 0.000969252, -0.000969252, 0.000969252, -0.000969252, 0.000969252, -0.000969252, 0.000969252, -0.000969252, 0.000969252, -0.000969252, 0.000969252, -0.000969252, 0.000969252, -0.000969252, 0.000969252, -0.000969252, 0.000969252, -0.000969252, 0.000969252, -0.000969252, 0.000969252, -0.000969252, 0.000969252, -0.000969252, 0.000969252, -0.000969252, 0.000969252, -0.000969252, 0.000969252, -0.000969252, 0.000969252, -0.000969252, 0.000969252, -0.000969252, 0.000969252, -0.000969252, 0.000969252, -0.000969252, 0.000969252, -0.000969252, 0.000969252, -0.000969252, 0.000969252, -0.000969252, 0.000969252, -0.000969252, 0.000969252, -0.000969252, 0.000969252, -0.000969252, 0.000969252, -0.000969252, 0.000969252, -0.000969252, 0.000969252, -0.000969252, 0.000969251, -0.000969252, 0.000969251, -0.000969253, 0.000969248, -0.00096926, 0.000969233, -0.000969295, 0.000969154, -0.000969466, 0.000968788, -0.000970236, 0.0009672, -0.000973444, 0.000960846, -0.00098578, 0.000937376, -0.00102954, 0.000857435, -0.0011726, 0.000606697, -0.00160293, -0.000116352, -0.00279194, -0.00202938, -0.00580236, -0.00666092, -0.0127656, -0.0168853, -0.0274183, -0.0373644, -0.0553049, -0.0743171, -0.102882, -0.133719, -0.174611, -0.217185, -0.267714, -0.315935, -0.36598, -0.405406, -0.436423, -0.445289, -0.433919
-0.000969252, 0.000969252, -0.000969252, 0.000969252, -0.000969252, 0.000969252, -0.000969252, 0.000969252, -0.000969252, 0.000969252, -0.000969252, 0.000969252, -0.000969252, 0.000969252, -0.000969252, 0.000969252, -0.000969252, 0.000969252, -0.000969252, 0.000969252, -0.000969252, 0.000969252, -0.000969252, 0.000969252, -0.000969252, 0.000969252, -0.000969252, 0.000969252, -0.000969252, 0.000969252, -0.000969252, 0.000969252, -0.000969252, 0.000969252, -0.000969252, 0.000969252, -0.000969252, 0.000969252, -0.000969252, 0.000969252, -0.000969252, 0.000969252, -0.000969252, 0.000969252, -0.000969252, 0.000969252, -0.000969252, 0.000969252, -0.000969252, 0.000969252, -0.000969252, 0.000969252, -0.000969252, 0.000969252, -0.000969252, 0.000969252, -0.000969252, 0.000969252, -0.000969252, 0.000969252, -0.000969252, 0.000969252, -0.000969252, 0.000969252, -0.000969252, 0.000969252, -0.000969252, 0.000969252, -0.000969252, 0.000969252, -0.000969252, 0.000969252, -0.000969252, 0.000969252, -0.000969252, 0.000969252, -0.000969252, 0.000969252, -0.000969252, 0.000969252, -0.000969252, 0.000969252, -0.000969252, 0.000969252, -0.000969252, 0.000969252, -0.000969252, 0.000969252, -0.000969252, 0.000969252, -0.000969252, 0.000969252, -0.000969252, 0.000969252, -0.000969252, 0.000969252, -0.000969252, 0.000969252, -0.000969252, 0.000969252, -0.000969252, 0.000969252, -0.000969252, 0.000969252, -0.000969252, 0.000969252, -0.000969252, 0.000969252, -0.000969252, 0.000969252, -0.000969252, 0.000969252, -0.000969252, 0.000969252, -0.000969252, 0.000969252, -0.000969252, 0.000969252, -0.000969252, 0.000969252, -0.000969252, 0.000969252, -0.000969252, 0.000969252, -0.000969252, 0.000969252, -0.000969252, 0.000969252, -0.000969252, 0.000969252, -0.000969252, 0.000969252, -0.000969252, 0.000969252, -0.000969252, 0.000969252, -0.000969252, 0.000969252, -0.000969252, 0.000969252, -0.000969252, 0.000969252, -0.000969252, 0.000969252, -0.000969252, 0.000969252, -0.000969252, 0.000969252, -0.000969252, 0.000969252, -0.000969252, 0.000969252, -0.000969252, 0.000969252, -0.000969252, 0.000969252, -0.000969252, 0.000969251, -0.000969252, 0.000969251, -0.000969253, 0.000969248, -0.00096926, 0.000969233, -0.000969295, 0.000969154, -0.000969466, 0.000968788, -0.000970236, 0.0009672, -0.000973444, 0.000960846, -0.00098578, 0.000937376, -0.00102954, 0.000857435, -0.0011726, 0.000606697, -0.00160293, -0.000116352, -0.00279194, -0.00202938, -0.00580236, -0.00666092, -0.0127656, -0.0168853, -0.0274183, -0.0373644, -0.0553049, -0.0743171, -0.102882, -0.133719, -0.174611, -0.217185, -0.267714, -0.315935, -0.36598, -0.405406, -0.436423, -0.445289
0.000969252, -0.000969252, 0.000969252, -0.000969252, 0.000969252, -0.000969252, 0.000969252, -0.000969252, 0.000969252, -0.000969252, 0.000969252, -0.000969252, 0.000969252, -0.000969252, 0.000969252, -0.000969252, 0.000969252, -0.000969252, 0.000969252, -0.000969252, 0.000969252, -0.000969252, 0.000969252, -0.000969252, 0.000969252, -0.000969252, 0.000969252, -0.000969252, 0.000969252, -0.000969252, 0.000969252, -0.000969252, 0.000969252, -0.000969252, 0.000969252, -0.000969252, 0.000969252, -0.000969252, 0.000969252, -0.000969252, 0.000969252, -0.000969252, 0.000969252, -0.000969252, 0.000969252, -0.000969252, 0.000969252, -0.000969252, 0.000969252, -0.000969252, 0.000969252, -0.000969252, 0.000969252, -0.000969252, 0.000969252, -0.000969252, 0.000969252, -0.000969252, 0.000969252, -0.000969252, 0.000969252, -0.000969252, 0.000969252, -0.000969252, 0.000969252, -0.000969252, 0.000969252, -0.000969252, 0.000969252, -0.000969252, 0.000969252, -0.000969252, 0.000969252, -0.000969252, 0.000969252, -0.000969252, 0.000969252, -0.000969252, 0.000969252, -0.000969252, 0.000969252, -0.000969252, 0.000969252, -0.000969252, 0.000969252, -0.000969252, 0.000969252, -0.000969252, 0.000969252, -0.000969252, 0.000969252, -0.000969252, 0.000969252, -0.000969252, 0.000969252, -0.000969252, 0.000969252, -0.000969252, 0.000969252, -0.000969252, 0.000969252, -0.000969252, 0.000969252, -0.000969252, 0.000969252, -0.000969252, 0.000969252, -0.000969252, 0.000969252, -0.000969252, 0.000969252, -0.000969252, 0.000969252, -0.000969252, 0.000969252, -0.000969252, 0.000969252, -0.000969252, 0.000969252, -0.000969252, 0.000969252, -0.000969252, 0.000969252, -0.000969252, 0.000969252, -0.000969252, 0.000969252, -0.000969252, 0.000969252, -0.000969252, 0.000969252, -0.000969252, 0.000969252, -0.000969252, 0.000969252, -0.000969252, 0.000969252, -0.000969252, 0.000969252, -0.000969252, 0.000969252, -0.000969252, 0.000969252, -0.000969252, 0.000969252, -0.000969252, 0.000969252, -0.000969252, 0.000969252, -0.000969252, 0.000969252, -0.000969252, 0.000969252, -0.000969252, 0.000969252, -0.000969252, 0.000969252, -0.000969252, 0.000969251, -0.000969252, 0.000969251, -0.000969253, 0.000969248, -0.00096926, 0.000969233, -0.000969295, 0.000969154, -0.000969466, 0.000968788, -0.000970236, 0.0009672, -0.000973444, 0.000960846, -0.00098578, 0.000937376, -0.00102954, 0.000857435, -0.0011726, 0.000606697, -0.00160293, -0.000116352, -0.00279194, -0.00202938, -0.00580236, -0.00666092, -0.0127656, -0.0168853, -0.0274183, -0.0373644, -0.0553049, -0.0743171, -0.102882, -0.133719, -0.174611, -0.217185, -0.267714, -0.315935, -0.36598, -0.405406, -0.436423
-0.000969252, 0.000969252, -0.000969252, 0.000969252, -0.000969252, 0.000969252, -0.000969252, 0.000969252, -0.000969252, 0.000969252, -0.000969252, 0.000969252, -0.000969252, 0.000969252, -0.000969252, 0.000969252, -0.000969252, 0.000969252, -0.000969252, 0.000969252, -0.000969252, 0.000969252, -0.000969252, 0.000969252, -0.000969252, 0.000969252, -0.000969252, 0.000969252, -0.000969252, 0.000969252, -0.000969252, 0.000969252, -0.000969252, 0.000969252, -0.000969252, 0.000969252, -0.000969252, 0.000969252, -0.000969252, 0.000969252, -0.000969252, 0.000969252, -0.000969252, 0.000969252, -0.000969252, 0.000969252, -0.000969252, 0.000969252, -0.000969252, 0.000969252, -0.000969252, 0.000969252, -0.000969252, 0.000969252, -0.000969252, 0.000969252, -0.000969252, 0.000969252, -0.000969252, 0.000969252, -0.000969252, 0.000969252, -0.000969252, 0.000969252, -0.000969252, 0.000969252, -0.000969252, 0.000969252, -0.000969252, 0.000969252, -0.000969252, 0.000969252, -0.000969252, 0.000969252, -0.000969252, 0.000969252, -0.000969252, 0.000969252, -0.000969252, 0.000969252, -0.000969252, 0.000969252, -0.000969252, 0.000969252, -0.000969252, 0.000969252, -0.000969252, 0.000969252, -0.000969252, 0.000969252, -0.000969252, 0.000969252, -0.000969252, 0.000969252, -0.000969252, 0.000969252, -0.000969252, 0.000969252, -0.000969252, 0.000969252, -0.000969252, 0.000969252, -0.000969252, 0.000969252, -0.000969252, 0.000969252, -0.000969252, 0.000969252, -0.000969252, 0.000969252, -0.000969252, 0.000969252, -0.000969252, 0.000969252, -0.000969252, 0.000969252, -0.000969252, 0.000969252, -0.000969252, 0.000969252, -0.000969252, 0.000969252, -0.000969252, 0.000969252, -0.000969252, 0.000969252, -0.000969252, 0.000969252, -0.000969252, 0.000969252, -0.000969252, 0.000969252, -0.000969252, 0.000969252, -0.000969252, 0.000969252, -0.000969252, 0.000969252, -0.000969252, 0.000969252, -0.000969252, 0.000969252, -0.000969252, 0.000969252, -0.000969252, 0.000969252, -0.000969252, 0.000969252, -0.000969252, 0.000969252, -0.000969252, 0.000969252, -0.000969252, 0.000969252, -0.000969252, 0.000969252, -0.000969252, 0.000969252, -0.000969252, 0.000969251, -0.000969252, 0.000969251, -0.000969253, 0.000969248, -0.00096926, 0.000969233, -0.000969295, 0.000969154, -0.000969466, 0.000968788, -0.000970236, 0.0009672, -0.000973444, 0.000960846, -0.00098578, 0.000937376, -0.00102954, 0.000857435, -0.0011726, 0.000606697, -0.00160293, -0.000116352, -0.00279194, -0.00202938, -0.00580236, -0.00666092, -0.0127656, -0.0168853, -0.0274183, -0.0373644, -0.0553049, -0.0743171, -0.102882, -0.133719, -0.174611, -0.217185, -0.267714, -0.315935, -0.36598, -0.405406
0.000969252, -0.000969252, 0.000969252, -0.000969252, 0.000969252, -0.000969252, 0.000969252, -0.000969252, 0.000969252, -0.000969252, 0.000969252, -0.000969252, 0.000969252, -0.000969252, 0.000969252, -0.000969252, 0.000969252, -0.000969252, 0.000969252, -0.000969252, 0.000969252, -0.000969252, 0.000969252, -0.000969252, 0.000969252, -0.000969252, 0.000969252, -0.000969252, 0.000969252, -0.000969252, 0.000969252, -0.000969252, 0.000969252, -0.000969252, 0.000969252, -0.000969252, 0.000969252, -0.000969252, 0.000969252, -0.000969252, 0.000969252, -0.000969252, 0.000969252, -0.000969252, 0.000969252, -0.000969252, 0.000969252, -0.000969252, 0.000969252, -0.000969252, 0.000969252, -0.000969252, 0.000969252, -0.000969252, 0.000969252, -0.000969252, 0.000969252, -0.000969252, 0.000969252, -0.000969252, 0.000969252, -0.000969252, 0.000969252, -0.000969252, 0.000969252, -0.000969252, 0.000969252, -0.000969252, 0.000969252, -0.000969252, 0.000969252, -0.000969252, 0.000969252, -0.000969252, 0.000969252, -0.000969252, 0.000969252, -0.000969252, 0.000969252, -0.000969252, 0.000969252, -0.000969252, 0.000969252, -0.000969252, 0.000969252, -0.000969252, 0.000969252, -0.000969252, 0.000969252, -0.000969252, 0.000969252, -0.000969252, 0.000969252, -0.000969252, 0.000969252, -0.000969252, 0.000969252, -0.000969252, 0.000969252, -0.000969252, 0.000969252, -0.000969252, 0.000969252, -0.000969252, 0.000969252, -0.000969252, 0.000969252, -0.000969252, 0.000969252, -0.000969252, 0.000969252, -0.000969252, 0.000969252, -0.000969252, 0.000969252, -0.000969252, 0.000969252, -0.000969252, 0.000969252, -0.000969252, 0.000969252, -0.000969252, 0.000969252, -0.000969252, 0.000969252, -0.000969252, 0.000969252, -0.000969252, 0.000969252, -0.000969252, 0.000969252, -0.000969252, 0.000969252, -0.000969252, 0.000969252, -0.000969252, 0.000969252, -0.000969252, 0.000969252, -0.000969252, 0.000969252, -0.000969252, 0.000969252, -0.000969252, 0.000969252, -0.000969252, 0.000969252, -0.000969252, 0.000969252, -0.000969252, 0.000969252, -0.000969252, 0.000969252, -0.000969252, 0.000969252, -0.000969252, 0.000969252, -0.000969252, 0.000969252, -0.000969252, 0.000969251, -0.000969252, 0.000969251, -0.000969253, 0.000969248, -0.00096926, 0.000969233, -0.000969295, 0.000969154, -0.000969466, 0.000968788, -0.000970236, 0.0009672, -0.000973444, 0.000960846, -0.00098578, 0.000937376, -0.00102954, 0.000857435, -0.0011726, 0.000606697, -0.00160293, -0.000116352, -0.00279194, -0.00202938, -0.00580236, -0.00666092, -0.0127656, -0.0168853, -0.0274183, -0.0373644, -0.0553049, -0.0743171, -0.102882, -0.133719, -0.174611, -0.217185, -0.267714, -0.315935, -0.36598
-0.000969252, 0.000969252, -0.000969252, 0.000969252, -0.000969252, 0.000969252, -0.000969252, 0.000969252, -0.000969252, 0.000969252, -0.000969252, 0.000969252, -0.000969252, 0.000969252, -0.000969252, 0.000969252, -0.000969252, 0.000969252, -0.000969252, 0.000969252, -0.000969252, 0.000969252, -0.000969252, 0.000969252, -0.000969252, 0.000969252, -0.000969252, 0.000969252, -0.000969252, 0.000969252, -0.000969252, 0.000969252, -0.000969252, 0.000969252, -0.000969252, 0.000969252, -0.000969252, 0.000969252, -0.000969252, 0.000969252, -0.000969252, 0.000969252, -0.000969252, 0.000969252, -0.000969252, 0.000969252, -0.000969252, 0.000969252, -0.000969252, 0.000969252, -0.000969252, 0.000969252, -0.000969252, 0.000969252, -0.000969252, 0.000969252, -0.000969252, 0.000969252, -0.000969252, 0.000969252, -0.000969252, 0.000969252, -0.000969252, 0.000969252, -0.000969252, 0.000969252, -0.000969252, 0.000969252, -0.000969252, 0.000969252, -0.000969252, 0.000969252, -0.000969252, 0.000969252, -0.000969252, 0.000969252, -0.000969252, 0.000969252, -0.000969252, 0.000969252, -0.000969252, 0.000969252, -0.000969252, 0.000969252, -0.000969252, 0.000969252, -0.000969252, 0.000969252, -0.000969252, 0.000969252, -0.000969252, 0.000969252, -0.000969252, 0.000969252, -0.000969252, 0.000969252, -0.000969252, 0.000969252, -0.000969252, 0.000969252, -0.000969252, 0.000969252, -0.000969252, 0.000969252, -0.000969252, 0.000969252, -0.000969252, 0.000969252, -0.000969252, 0.000969252, -0.000969252, 0.000969252, -0.000969252, 0.000969252, -0.000969252, 0.000969252, -0.000969252, 0.000969252, -0.000969252, 0.000969252, -0.000969252, 0.000969252, -0.000969252, 0.000969252, -0.000969252, 0.000969252, -0.000969252, 0.000969252, -0.000969252, 0.000969252, -0.000969252, 0.000969252, -0.000969252, 0.000969252, -0.000969252, 0.000969252, -0.000969252, 0.000969252, -0.000969252, 0.000969252, -0.000969252, 0.000969252, -0.000969252, 0.000969252, -0.000969252, 0.000969252, -0.000969252, 0.000969252, -0.000969252, 0.000969252, -0.000969252, 0.000969252, -0.000969252, 0.000969252, -0.000969252, 0.000969252, -0.000969252, 0.000969252, -0.000969252, 0.000969252, -0.000969252, 0.000969251, -0.000969252, 0.000969251, -0.000969253, 0.000969248, -0.00096926, 0.000969233, -0.000969295, 0.000969154, -0.000969466, 0.000968788, -0.000970236, 0.0009672, -0.000973444, 0.000960846, -0.00098578, 0.000937376, -0.00102954, 0.000857435, -0.0011726, 0.000606697, -0.00160293, -0.000116352, -0.00279194, -0.00202938, -0.00580236, -0.00666092, -0.0127656, -0.0168853, -0.0274183, -0.0373644, -0.0553049, -0.0743171, -0.102882, -0.133719, -0.174611, -0.217185, -0.267714, -0.315935
0.000969252, -0.000969252, 0.000969252, -0.000969252, 0.000969252, -0.000969252, 0.000969252, -0.000969252, 0.000969252, -0.000969252, 0.000969252, -0.000969252, 0.000969252, -0.000969252, 0.000969252, -0.000969252, 0.000969252, -0.000969252, 0.000969252, -0.000969252, 0.000969252, -0.000969252, 0.000969252, -0.000969252, 0.000969252, -0.000969252, 0.000969252, -0.000969252, 0.000969252, -0.000969252, 0.000969252, -0.000969252, 0.000969252, -0.000969252, 0.000969252, -0.000969252, 0.000969252, -0.000969252, 0.000969252, -0.000969252, 0.000969252, -0.000969252, 0.000969252, -0.000969252, 0.000969252, -0.000969252, 0.000969252, -0.000969252, 0.000969252, -0.000969252, 0.000969252, -0.000969252, 0.000969252, -0.000969252, 0.000969252, -0.000969252, 0.000969252, -0.000969252, 0.000969252, -0.000969252, 0.000969252, -0.000969252, 0.000969252, -0.000969252, 0.000969252, -0.000969252, 0.000969252, -0.000969252, 0.000969252, -0.000969252, 0.000969252, -0.000969252, 0.000969252, -0.000969252, 0.000969252, -0.000969252, 0.000969252, -0.000969252, 0.000969252, -0.000969252, 0.000969252, -0.000969252, 0.000969252, -0.000969252, 0.000969252, -0.000969252, 0.000969252, -0.000969252, 0.000969252, -0.000969252, 0.000969252, -0.000969252, 0.000969252, -0.000969252, 0.000969252, -0.000969252, 0.000969252, -0.000969252, 0.000969252, -0.000969252, 0.000969252, -0.000969252, 0.000969252, -0.000969252, 0.000969252, -0.000969252, 0.000969252, -0.000969252, 0.000969252, -0.000969252, 0.000969252, -0.000969252, 0.000969252, -0.000969252, 0.000969252, -0.000969252, 0.000969252, -0.000969252, 0.000969252, -0.000969252, 0.000969252, -0.000969252, 0.000969252, -0.000969252, 0.000969252, -0.000969252, 0.000969252, -0.000969252, 0.000969252, -0.000969252, 0.000969252, -0.000969252, 0.000969252, -0.000969252, 0.000969252, -0.000969252, 0.000969252, -0.000969252, 0.000969252, -0.000969252, 0.000969252, -0.000969252, 0.000969252, -0.000969252, 0.000969252, -0.000969252, 0.000969252, -0.000969252, 0.000969252, -0.000969252, 0.000969252, -0.000969252, 0.000969252, -0.000969252, 0.000969252, -0.000969252, 0.000969252, -0.000969252, 0.000969252, -0.000969252, 0.000969252, -0.000969252, 0.000969251, -0.000969252, 0.000969251, -0.000969253, 0.000969248, -0.00096926, 0.000969233, -0.000969295, 0.000969154, -0.000969466, 0.000968788, -0.000970236, 0.0009672, -0.000973444, 0.000960846, -0.00098578, 0.000937376, -0.00102954, 0.000857435, -0.0011726, 0.000606697, -0.00160293, -0.000116352, -0.00279194, -0.00202938, -0.00580236, -0.00666092, -0.0127656, -0.0168853, -0.0274183, -0.0373644, -0.0553049, -0.0743171, -0.102882, -0.133719, -0.174611, -0.217185, -0.267714
-0.000969252, 0.000969252, -0.000969252, 0.000969252, -0.000969252, 0.000969252, -0.000969252, 0.000969252, -0.000969252, 0.000969252, -0.000969252, 0.000969252, -0.000969252, 0.000969252, -0.000969252, 0.000969252, -0.000969252, 0.000969252, -0.000969252, 0.000969252, -0.000969252, 0.000969252, -0.000969252, 0.000969252, -0.000969252, 0.000969252, -0.000969252, 0.000969252, -0.000969252, 0.000969252, -0.000969252, 0.000969252, -0.000969252, 0.000969252, -0.000969252, 0.000969252, -0.000969252, 0.000969252, -0.000969252, 0.000969252, -0.000969252, 0.000969252, -0.000969252, 0.000969252, -0.000969252, 0.000969252, -0.000969252, 0.000969252, -0.000969252, 0.000969252, -0.000969252, 0.000969252, -0.000969252, 0.000969252, -0.000969252, 0.000969252, -0.000969252, 0.000969252, -0.000969252, 0.000969252, -0.000969252, 0.000969252, -0.000969252, 0.000969252, -0.000969252, 0.000969252, -0.000969252, 0.000969252, -0.000969252, 0.000969252, -0.000969252, 0.000969252, -0.000969252, 0.000969252, -0.000969252, 0.000969252, -0.000969252, 0.000969252, -0.000969252, 0.000969252, -0.000969252, 0.000969252, -0.000969252, 0.000969252, -0.000969252, 0.000969252, -0.000969252, 0.000969252, -0.000969252, 0.000969252, -0.000969252, 0.000969252, -0.000969252, 0.000969252, -0.000969252, 0.000969252, -0.000969252, 0.000969252, -0.000969252, 0.000969252, -0.000969252, 0.000969252, -0.000969252, 0.000969252, -0.000969252, 0.000969252, -0.000969252, 0.000969252, -0.000969252, 0.000969252, -0.000969252, 0.000969252, -0.000969252, 0.000969252, -0.000969252, 0.000969252, -0.000969252, 0.000969252, -0.000969252, 0.000969252, -0.000969252, 0.000969252, -0.000969252, 0.000969252, -0.000969252, 0.000969252, -0.000969252, 0.000969252, -0.000969252, 0.000969252, -0.000969252, 0.000969252, -0.000969252, 0.000969252, -0.000969252, 0.000969252, -0.000969252, 0.000969252, -0.000969252, 0.000969252, -0.000969252, 0.000969252, -0.000969252, 0.000969252, -0.000969252, 0.000969252, -0.000969252, 0.000969252, -0.000969252, 0.000969252, -0.000969252, 0.000969252, -0.000969252, 0.000969252, -0.000969252, 0.000969252, -0.000969252, 0.000969252, -0.000969252, 0.000969252, -0.000969252, 0.000969252, -0.000969252, 0.000969251, -0.000969252, 0.000969251, -0.000969253, 0.000969248, -0.00096926, 0.000969233, -0.000969295, 0.000969154, -0.000969466, 0.000968788, -0.000970236, 0.0009672, -0.000973444, 0.000960846, -0.00098578, 0.000937376, -0.00102954, 0.000857435, -0.0011726, 0.000606697, -0.00160293, -0.000116352, -0.00279194, -0.00202938, -0.00580236, -0.00666092, -0.0127656, -0.0168853, -0.0274183, -0.0373644, -0.0553049, -0.0743171, -0.102882, -0.133719, -0.174611, -0.217185
0.000969252, -0.000969252, 0.000969252, -0.000969252, 0.000969252, -0.000969252, 0.000969252, -0.000969252, 0.000969252, -0.000969252, 0.000969252, -0.000969252, 0.000969252, -0.000969252, 0.000969252, -0.000969252, 0.000969252, -0.000969252, 0.000969252, -0.000969252, 0.000969252, -0.000969252, 0.000969252, -0.000969252, 0.000969252, -0.000969252, 0.000969252, -0.000969252, 0.000969252, -0.000969252, 0.000969252, -0.000969252, 0.000969252, -0.000969252, 0.000969252, -0.000969252, 0.000969252, -0.000969252, 0.000969252, -0.000969252, 0.000969252, -0.000969252, 0.000969252, -0.000969252, 0.000969252, -0.000969252, 0.000969252, -0.000969252, 0.000969252, -0.000969252, 0.000969252, -0.000969252, 0.000969252, -0.000969252, 0.000969252, -0.000969252, 0.000969252, -0.000969252, 0.000969252, -0.000969252, 0.000969252, -0.000969252, 0.000969252, -0.000969252, 0.000969252, -0.000969252, 0.000969252, -0.000969252, 0.000969252, -0.000969252, 0.000969252, -0.000969252, 0.000969252, -0.000969252, 0.000969252, -0.000969252, 0.000969252, -0.000969252, 0.000969252, -0.000969252, 0.000969252, -0.000969252, 0.000969252, -0.000969252, 0.000969252, -0.000969252, 0.000969252, -0.000969252, 0.000969252, -0.000969252, 0.000969252, -0.000969252, 0.000969252, -0.000969252, 0.000969252, -0.000969252, 0.000969252, -0.000969252, 0.000969252, -0.000969252, 0.000969252, -0.000969252, 0.000969252, -0.000969252, 0.000969252, -0.000969252, 0.000969252, -0.000969252, 0.000969252, -0.000969252, 0.000969252, -0.000969252, 0.000969252, -0.000969252, 0.000969252, -0.000969252, 0.000969252, -0.000969252, 0.000969252, -0.000969252, 0.000969252, -0.000969252, 0.000969252, -0.000969252, 0.000969252, -0.000969252, 0.000969252, -0.000969252, 0.000969252, -0.000969252, 0.000969252, -0.000969252, 0.000969252, -0.000969252, 0.000969252, -0.000969252, 0.000969252, -0.000969252, 0.000969252, -0.000969252, 0.000969252, -0.000969252, 0.000969252, -0.000969252, 0.000969252, -0.000969252, 0.000969252, -0.000969252, 0.000969252, -0.000969252, 0.000969252, -0.000969252, 0.000969252, -0.000969252, 0.000969252, -0.000969252, 0.000969252, -0.000969252, 0.000969252, -0.000969252, 0.000969252, -0.000969252, 0.000969252, -0.000969252, 0.000969251, -0.000969252, 0.000969251, -0.000969253, 0.000969248, -0.00096926, 0.000969233, -0.000969295, 0.000969154, -0.000969466, 0.000968788, -0.000970236, 0.0009672, -0.000973444, 0.000960846, -0.00098578, 0.000937376, -0.00102954, 0.000857435, -0.0011726, 0.000606697, -0.00160293, -0.000116352, -0.00279194, -0.00202938, -0.00580236, -0.00666092, -0.0127656, -0.0168853, -0.0274183, -0.0373644, -0.0553049, -0.0743171, -0.102882, -0.133719, -0.174611
-0.000969252, 0.000969252, -0.000969252, 0.000969252, -0.000969252, 0.000969252, -0.000969252, 0.000969252, -0.000969252, 0.000969252, -0.000969252, 0.000969252, -0.000969252, 0.000969252, -0.000969252, 0.000969252, -0.000969252, 0.000969252, -0.000969252, 0.000969252, -0.000969252, 0.000969252, -0.000969252, 0.000969252, -0.000969252, 0.000969252, -0.000969252, 0.000969252, -0.000969252, 0.000969252, -0.000969252, 0.000969252, -0.000969252, 0.000969252, -0.000969252, 0.000969252, -0.000969252, 0.000969252, -0.000969252, 0.000969252, -0.000969252, 0.000969252, -0.000969252, 0.000969252, -0.000969252, 0.000969252, -0.000969252, 0.000969252, -0.000969252, 0.000969252, -0.000969252, 0.000969252, -0.000969252, 0.000969252, -0.000969252, 0.000969252, -0.000969252, 0.000969252, -0.000969252, 0.000969252, -0.000969252, 0.000969252, -0.000969252, 0.000969252, -0.000969252, 0.000969252, -0.000969252, 0.000969252, -0.000969252, 0.000969252, -0.000969252, 0.000969252, -0.000969252, 0.000969252, -0.000969252, 0.000969252, -0.000969252, 0.000969252, -0.000969252, 0.000969252, -0.000969252, 0.000969252, -0.000969252, 0.000969252, -0.000969252, 0.000969252, -0.000969252, 0.000969252, -0.000969252, 0.000969252, -0.000969252, 0.000969252, -0.000969252, 0.000969252, -0.000969252, 0.000969252, -0.000969252, 0.000969252, -0.000969252, 0.000969252, -0.000969252, 0.000969252, -0.000969252, 0.000969252, -0.000969252, 0.000969252, -0.000969252, 0.000969252, -0.000969252, 0.000969252, -0.000969252, 0.000969252, -0.000969252, 0.000969252, -0.000969252, 0.000969252, -0.000969252, 0.000969252, -0.000969252, 0.000969252, -0.000969252, 0.000969252, -0.000969252, 0.000969252, -0.000969252, 0.000969252, -0.000969252, 0.000969252, -0.000969252, 0.000969252, -0.000969252, 0.000969252, -0.000969252, 0.000969252, -0.000969252, 0.000969252, -0.000969252, 0.000969252, -0.000969252, 0.000969252, -0.000969252, 0.000969252, -0.000969252, 0.000969252, -0.000969252, 0.000969252, -0.000969252, 0.000969252, -0.000969252, 0.000969252, -0.000969252, 0.000969252, -0.000969252, 0.000969252, -0.000969252, 0.000969252, -0.000969252, 0.000969252, -0.000969252, 0.000969252, -0.000969252, 0.000969252, -0.000969252, 0.000969252, -0.000969252, 0.000969251, -0.000969252, 0.000969251, -0.000969253, 0.000969248, -0.00096926, 0.000969233, -0.000969295, 0.000969154, -0.000969466, 0.000968788, -0.000970236, 0.0009672, -0.000973444, 0.000960846, -0.00098578, 0.000937376, -0.00102954, 0.000857435, -0.0011726, 0.000606697, -0.00160293, -0.000116352, -0.00279194, -0.00202938, -0.00580236, -0.00666092, -0.0127656, -0.0168853, -0.0274183, -0.0373644, -0.0553049, -0.0743171, -0.102882, -0.133719
0.000969252, -0.000969252, 0.000969252, -0.000969252, 0.000969252, -0.000969252, 0.000969252, -0.000969252, 0.000969252, -0.000969252, 0.000969252, -0.000969252, 0.000969252, -0.000969252, 0.000969252, -0.000969252, 0.000969252, -0.000969252, 0.000969252, -0.000969252, 0.000969252, -0.000969252, 0.000969252, -0.000969252, 0.000969252, -0.000969252, 0.000969252, -0.000969252, 0.000969252, -0.000969252, 0.000969252, -0.000969252, 0.000969252, -0.000969252, 0.000969252, -0.000969252, 0.000969252, -0.000969252, 0.000969252, -0.000969252, 0.000969252, -0.000969252, 0.000969252, -0.000969252, 0.000969252, -0.000969252, 0.000969252, -0.000969252, 0.000969252, -0.000969252, 0.000969252, -0.000969252, 0.000969252, -0.000969252, 0.000969252, -0.000969252, 0.000969252, -0.000969252, 0.000969252, -0.000969252, 0.000969252, -0.000969252, 0.000969252, -0.000969252, 0.000969252, -0.000969252, 0.000969252, -0.000969252, 0.000969252, -0.000969252, 0.000969252, -0.000969252, 0.000969252, -0.000969252, 0.000969252, -0.000969252, 0.000969252, -0.000969252, 0.000969252, -0.000969252, 0.000969252, -0.000969252, 0.000969252, -0.000969252, 0.000969252, -0.000969252, 0.000969252, -0.000969252, 0.000969252, -0.000969252, 0.000969252, -0.000969252, 0.000969252, -0.000969252, 0.000969252, -0.000969252, 0.000969252, -0.000969252, 0.000969252, -0.000969252, 0.000969252, -0.000969252, 0.000969252, -0.000969252, 0.000969252, -0.000969252, 0.000969252, -0.000969252, 0.000969252, -0.000969252, 0.000969252, -0.000969252, 0.000969252, -0.000969252, 0.000969252, -0.000969252, 0.000969252, -0.000969252, 0.000969252, -0.000969252, 0.000969252, -0.000969252, 0.000969252, -0.000969252, 0.000969252, -0.000969252, 0.000969252, -0.000969252, 0.000969252, -0.000969252, 0.000969252, -0.000969252, 0.000969252, -0.000969252, 0.000969252, -0.000969252, 0.000969252, -0.000969252, 0.000969252, -0.000969252, 0.000969252, -0.000969252, 0.000969252, -0.000969252, 0.000969252, -0.000969252, 0.000969252, -0.000969252, 0.000969252, -0.000969252, 0.000969252, -0.000969252, 0.000969252, -0.000969252, 0.000969252, -0.000969252, 0.000969252, -0.000969252, 0.000969252, -0.000969252, 0.000969252, -0.000969252, 0.000969252, -0.000969252, 0.000969252, -0.000969252, 0.000969251, -0.000969252, 0.000969251, -0.000969253, 0.000969248, -0.00096926, 0.000969233, -0.000969295, 0.000969154, -0.000969466, 0.000968788, -0.000970236, 0.0009672, -0.000973444, 0.000960846, -0.00098578, 0.000937376, -0.00102954, 0.000857435, -0.0011726, 0.000606697, -0.00160293, -0.000116352, -0.00279194, -0.00202938, -0.00580236, -0.00666092, -0.0127656, -0.0168853, -0.0274183, -0.0373644, -0.0553049, -0.0743171, -0.102882
-0.000969252, 0.000969252, -0.000969252, 0.000969252, -0.000969252, 0.000969252, -0.000969252, 0.000969252, -0.000969252, 0.000969252, -0.000969252, 0.000969252, -0.000969252, 0.000969252, -0.000969252, 0.000969252, -0.000969252, 0.000969252, -0.000969252, 0.000969252, -0.000969252, 0.000969252, -0.000969252, 0.000969252, -0.000969252, 0.000969252, -0.000969252, 0.000969252, -0.000969252, 0.000969252, -0.000969252, 0.000969252, -0.000969252, 0.000969252, -0.000969252, 0.000969252, -0.000969252, 0.000969252, -0.000969252, 0.000969252, -0.000969252, 0.000969252, -0.000969252, 0.000969252, -0.000969252, 0.000969252, -0.000969252, 0.000969252, -0.000969252, 0.000969252, -0.000969252, 0.000969252, -0.000969252, 0.000969252, -0.000969252, 0.000969252, -0.000969252, 0.000969252, -0.000969252, 0.000969252, -0.000969252, 0.000969252, -0.000969252, 0.000969252, -0.000969252, 0.000969252, -0.000969252, 0.000969252, -0.000969252, 0.000969252, -0.000969252, 0.000969252, -0.000969252, 0.000969252, -0.000969252, 0.000969252, -0.000969252, 0.000969252, -0.000969252, 0.000969252, -0.000969252, 0.000969252, -0.000969252, 0.000969252, -0.000969252, 0.000969252, -0.000969252, 0.000969252, -0.000969252, 0.000969252, -0.000969252, 0.000969252, -0.000969252, 0.000969252, -0.000969252, 0.000969252, -0.000969252, 0.000969252, -0.000969252, 0.000969252, -0.000969252, 0.000969252, -0.000969252, 0.000969252, -0.000969252, 0.000969252, -0.000969252, 0.000969252, -0.000969252, 0.000969252, -0.000969252, 0.000969252, -0.000969252, 0.000969252, -0.000969252, 0.000969252, -0.000969252, 0.000969252, -0.000969252, 0.000969252, -0.000969252, 0.000969252, -0.000969252, 0.000969252, -0.000969252, 0.000969252, -0.000969252, 0.000969252, -0.000969252, 0.000969252, -0.000969252, 0.000969252, -0.000969252, 0.000969252, -0.000969252, 0.000969252, -0.000969252, 0.000969252, -0.000969252, 0.000969252, -0.000969252, 0.000969252, -0.000969252, 0.000969252, -0.000969252, 0.000969252, -0.000969252, 0.000969252, -0.000969252, 0.000969252, -0.000969252, 0.000969252, -0.000969252, 0.000969252, -0.000969252, 0.000969252, -0.000969252, 0.000969252, -0.000969252, 0.000969252, -0.000969252, 0.000969252, -0.000969252, 0.000969252, -0.000969252, 0.000969252, -0.000969252, 0.000969251, -0.000969252, 0.000969251, -0.000969253, 0.000969248, -0.00096926, 0.000969233, -0.000969295, 0.000969154, -0.000969466, 0.000968788, -0.000970236, 0.0009672, -0.000973444, 0.000960846, -0.00098578, 0.000937376, -0.00102954, 0.000857435, -0.0011726, 0.000606697, -0.00160293, -0.000116352, -0.00279194, -0.00202938, -0.00580236, -0.00666092, -0.0127656, -0.0168853, -0.0274183, -0.0373644, -0.0553049, -0.0743171
0.000969252, -0.000969252, 0.000969252, -0.000969252, 0.000969252, -0.000969252, 0.000969252, -0.000969252, 0.000969252, -0.000969252, 0.000969252, -0.000969252, 0.000969252, -0.000969252, 0.000969252, -0.000969252, 0.000969252, -0.000969252, 0.000969252, -0.000969252, 0.000969252, -0.000969252, 0.000969252, -0.000969252, 0.000969252, -0.000969252, 0.000969252, -0.000969252, 0.000969252, -0.000969252, 0.000969252, -0.000969252, 0.000969252, -0.000969252, 0.000969252, -0.000969252, 0.000969252, -0.000969252, 0.000969252, -0.000969252, 0.000969252, -0.000969252, 0.000969252, -0.000969252, 0.000969252, -0.000969252, 0.000969252, -0.000969252, 0.000969252, -0.000969252, 0.000969252, -0.000969252, 0.000969252, -0.000969252, 0.000969252, -0.000969252, 0.000969252, -0.000969252, 0.000969252, -0.000969252, 0.000969252, -0.000969252, 0.000969252, -0.000969252, 0.000969252, -0.000969252, 0.000969252, -0.000969252, 0.000969252, -0.000969252, 0.000969252, -0.000969252, 0.000969252, -0.000969252, 0.000969252, -0.000969252, 0.000969252, -0.000969252, 0.000969252, -0.000969252, 0.000969252, -0.000969252, 0.000969252, -0.000969252, 0.000969252, -0.000969252, 0.000969252, -0.000969252, 0.000969252, -0.000969252, 0.000969252, -0.000969252, 0.000969252, -0.000969252, 0.000969252, -0.000969252, 0.000969252, -0.000969252, 0.000969252, -0.000969252, 0.000969252, -0.000969252, 0.000969252, -0.000969252, 0.000969252, -0.000969252, 0.000969252, -0.000969252, 0.000969252, -0.000969252, 0.000969252, -0.000969252, 0.000969252, -0.000969252, 0.000969252, -0.000969252, 0.000969252, -0.000969252, 0.000969252, -0.000969252, 0.000969252, -0.000969252, 0.000969252, -0.000969252, 0.000969252, -0.000969252, 0.000969252, -0.000969252, 0.000969252, -0.000969252, 0.000969252, -0.000969252, 0.000969252, -0.000969252, 0.000969252, -0.000969252, 0.000969252, -0.000969252, 0.000969252, -0.000969252, 0.000969252, -0.000969252, 0.000969252, -0.000969252, 0.000969252, -0.000969252, 0.000969252, -0.000969252, 0.000969252, -0.000969252, 0.000969252, -0.000969252, 0.000969252, -0.000969252, 0.000969252, -0.000969252, 0.000969252, -0.000969252, 0.000969252, -0.000969252, 0.000969252, -0.000969252, 0.000969252, -0.000969252, 0.000969252, -0.000969252, 0.000969252, -0.000969252, 0.000969251, -0.000969252, 0.000969251, -0.000969253, 0.000969248, -0.00096926, 0.000969233, -0.000969295, 0.000969154, -0.000969466, 0.000968788, -0.000970236, 0.0009672, -0.000973444, 0.000960846, -0.00098578, 0.000937376, -0.00102954, 0.000857435, -0.0011726, 0.000606697, -0.00160293, -0.000116352, -0.00279194, -0.00202938, -0.00580236, -0.00666092, -0.0127656, -0.0168853, -0.0274183, -0.0373644, -0.0553049
-0.000969252, 0.000969252, -0.000969252, 0.000969252, -0.000969252, 0.000969252, -0.000969252, 0.000969252, -0.000969252, 0.000969252, -0.000969252, 0.000969252, -0.000969252, 0.000969252, -0.000969252, 0.000969252, -0.000969252, 0.000969252, -0.000969252, 0.000969252, -0.000969252, 0.000969252, -0.000969252, 0.000969252, -0.000969252, 0.000969252, -0.000969252, 0.000969252, -0.000969252, 0.000969252, -0.000969252, 0.000969252, -0.000969252, 0.000969252, -0.000969252, 0.000969252, -0.000969252, 0.000969252, -0.000969252, 0.000969252, -0.000969252, 0.000969252, -0.000969252, 0.000969252, -0.000969252, 0.000969252, -0.000969252, 0.000969252, -0.000969252, 0.000969252, -0.000969252, 0.000969252, -0.000969252, 0.000969252, -0.000969252, 0.000969252, -0.000969252, 0.000969252, -0.000969252, 0.000969252, -0.000969252, 0.000969252, -0.000969252, 0.000969252, -0.000969252, 0.000969252, -0.000969252, 0.000969252, -0.000969252, 0.000969252, -0.000969252, 0.000969252, -0.000969252, 0.000969252, -0.000969252, 0.000969252, -0.000969252, 0.000969252, -0.000969252, 0.000969252, -0.000969252, 0.000969252, -0.000969252, 0.000969252, -0.000969252, 0.000969252, -0.000969252, 0.000969252, -0.000969252, 0.000969252, -0.000969252, 0.000969252, -0.000969252, 0.000969252, -0.000969252, 0.000969252, -0.000969252, 0.000969252, -0.000969252, 0.000969252, -0.000969252, 0.000969252, -0.000969252, 0.000969252, -0.000969252, 0.000969252, -0.000969252, 0.000969252, -0.000969252, 0.000969252, -0.000969252, 0.000969252, -0.000969252, 0.000969252, -0.000969252, 0.000969252, -0.000969252, 0.000969252, -0.000969252, 0.000969252, -0.000969252, 0.000969252, -0.000969252, 0.000969252, -0.000969252, 0.000969252, -0.000969252, 0.000969252, -0.000969252, 0.000969252, -0.000969252, 0.000969252, -0.000969252, 0.000969252, -0.000969252, 0.000969252, -0.000969252, 0.000969252, -0.000969252, 0.000969252, -0.000969252, 0.000969252, -0.000969252, 0.000969252, -0.000969252, 0.000969252, -0.000969252, 0.000969252, -0.000969252, 0.000969252, -0.000969252, 0.000969252, -0.000969252, 0.000969252, -0.000969252, 0.000969252, -0.000969252, 0.000969252, -0.000969252, 0.000969252, -0.000969252, 0.000969252, -0.000969252, 0.000969252, -0.000969252, 0.000969252, -0.000969252, 0.000969252, -0.000969252, 0.000969251, -0.000969252, 0.000969251, -0.000969253, 0.000969248, -0.00096926, 0.000969233, -0.000969295, 0.000969154, -0.000969466, 0.000968788, -0.000970236, 0.0009672, -0.000973444, 0.000960846, -0.00098578, 0.000937376, -0.00102954, 0.000857435, -0.0011726, 0.000606697, -0.00160293, -0.000116352, -0.00279194, -0.00202938, -0.00580236, -0.00666092, -0.0127656, -0.0168853, -0.0274183, -0.0373644
0.000969252, -0.000969252, 0.000969252, -0.000969252, 0.000969252, -0.000969252, 0.000969252, -0.000969252, 0.000969252, -0.000969252, 0.000969252, -0.000969252, 0.000969252, -0.000969252, 0.000969252, -0.000969252, 0.000969252, -0.000969252, 0.000969252, -0.000969252, 0.000969252, -0.000969252, 0.000969252, -0.000969252, 0.000969252, -0.000969252, 0.000969252, -0.000969252, 0.000969252, -0.000969252, 0.000969252, -0.000969252, 0.000969252, -0.000969252, 0.000969252, -0.000969252, 0.000969252, -0.000969252, 0.000969252, -0.000969252, 0.000969252, -0.000969252, 0.000969252, -0.000969252, 0.000969252, -0.000969252, 0.000969252, -0.000969252, 0.000969252, -0.000969252, 0.000969252, -0.000969252, 0.000969252, -0.000969252, 0.000969252, -0.000969252, 0.000969252, -0.000969252, 0.000969252, -0.000969252, 0.000969252, -0.000969252, 0.000969252, -0.000969252, 0.000969252, -0.000969252, 0.000969252, -0.000969252, 0.000969252, -0.000969252, 0.000969252, -0.000969252, 0.000969252, -0.000969252, 0.000969252, -0.000969252, 0.000969252, -0.000969252, 0.000969252, -0.000969252, 0.000969252, -0.000969252, 0.000969252, -0.000969252, 0.000969252, -0.000969252, 0.000969252, -0.000969252, 0.000969252, -0.000969252, 0.000969252, -0.000969252, 0.000969252, -0.000969252, 0.000969252, -0.000969252, 0.000969252, -0.000969252, 0.000969252, -0.000969252, 0.000969252, -0.000969252, 0.000969252, -0.000969252, 0.000969252, -0.000969252, 0.000969252, -0.000969252, 0.000969252, -0.000969252, 0.000969252, -0.000969252, 0.000969252, -0.000969252, 0.000969252, -0.000969252, 0.000969252, -0.000969252, 0.000969252, -0.000969252, 0.000969252, -0.000969252, 0.000969252, -0.000969252, 0.000969252, -0.000969252, 0.000969252, -0.000969252, 0.000969252, -0.000969252, 0.000969252, -0.000969252, 0.000969252, -0.000969252, 0.000969252, -0.000969252, 0.000969252, -0.000969252, 0.000969252, -0.000969252, 0.000969252, -0.000969252, 0.000969252, -0.000969252, 0.000969252, -0.000969252, 0.000969252, -0.000969252, 0.000969252, -0.000969252, 0.000969252, -0.000969252, 0.000969252, -0.000969252, 0.000969252, -0.000969252, 0.000969252, -0.000969252, 0.000969252, -0.000969252, 0.000969252, -0.000969252, 0.000969252, -0.000969252, 0.000969252, -0.000969252, 0.000969252, -0.000969252, 0.000969252, -0.000969252, 0.000969251, -0.000969252, 0.000969251, -0.000969253, 0.000969248, -0.00096926, 0.000969233, -0.000969295, 0.000969154, -0.000969466, 0.000968788, -0.000970236, 0.0009672, -0.000973444, 0.000960846, -0.00098578, 0.000937376, -0.00102954, 0.000857435, -0.0011726, 0.000606697, -0.00160293, -0.000116352, -0.00279194, -0.00202938, -0.00580236, -0.00666092, -0.0127656, -0.0168853, -0.0274183
